{"Completeness":91.81519690083286,"Accuracy":41.49630278132891,"Uniqueness":27.0245136647711,"Timeliness":52.46104575913123,"Consistency":80.56553538771337,"Validity":84.53990407075152}