{"nodeNames": ["path3", "path4", "path5", "path6", "path7", "path8", "path9", "path10", "path11", "path12", "g1", "g0", "svg0"], "nodes": [[0, 0, 0, 0, 0, 0, 1, 0, 0, 0, 0, 0.35944740295410155, 0.7542976888020834, 0.885, 0.1153400166829427, 1, 0, 0], [0, 0, 0, 0, 0, 0, 1, 0, 0, 0, 0, 0.35944969177246094, 0.7542976888020834, 0.8844400787353516, 0.1153400166829427, 0, 1, 1], [0, 0, 0, 0, 0, 0, 1, 0, 0, 0, 0, 0.2954924774169922, 0.7542976888020834, 0.885, 0.1153400166829427, 1, 0, 0], [0, 0, 0, 0, 0, 0, 1, 0, 0, 0, 0, 0.2954924774169922, 0.7542976888020834, 0.8843776702880859, 0.1153400166829427, 0, 1, 1], [0, 0, 0, 0, 0, 0, 1, 0, 0, 0, 0, 0.37017002105712893, 0.7542976888020834, 0.885, 0.1153400166829427, 1, 0, 0], [0, 0, 0, 0, 0, 0, 1, 0, 0, 0, 0, 0.37030750274658203, 0.7542976888020834, 0.8849976348876953, 0.1153400166829427, 0, 1, 1], [0, 0, 0, 0, 0, 0, 1, 0, 0, 0, 0, 0.32972007751464844, 0.7542976888020834, 0.885, 0.1153400166829427, 1, 0, 0], [0, 0, 0, 0, 0, 0, 1, 0, 0, 0, 0, 0.32972007751464844, 0.7542976888020834, 0.8849932098388672, 0.1153400166829427, 0, 1, 1], [0, 0, 0, 0, 0, 0, 1, 0, 0, 0, 0, 0.0659524917602539, 0.7542976888020834, 0.8850000381469727, 0.1153400166829427, 1, 0, 0], [0, 0, 0, 0, 0, 0, 1, 0, 0, 0, 0, 0.06626998901367187, 0.7542976888020834, 0.8839348602294922, 0.1153400166829427, 0, 1, 1], [0, 0, 0, 0, 0, 0, 0, 0, 0, 0, 1, 0, 0, 0, 0, 0, 0, 0], [0, 0, 0, 0, 0, 0, 0, 0, 0, 0, 1, 0, 0, 0, 0, 0, 0, 0], [0, 0, 0, 0, 0, 0, 0, 0, 0, 0, 1, 0, 0, 0, 0, 0, 0, 0]], "edges": [[0, 10], [10, 11], [11, 12], [1, 10], [2, 10], [3, 10], [4, 10], [5, 10], [6, 10], [7, 10], [8, 10], [9, 10]], "splition": "test", "label": 0}