{"nodeNames": ["path4", "path5", "path6", "path7", "svg0"], "nodes": [[0, 0, 0, 0, 0, 0, 1, 0, 0, 0, 0, 0.2894899620200103, 0.9999805432025701, 0.8491341213010392, 0.19517144716017637, 1, 0, 0], [0, 0, 0, 0, 0, 0, 1, 0, 0, 0, 0, 0.2894899620200103, 0.9999805432025701, 0.8491037476737544, 0.19517186334835668, 0, 1, 0], [0, 0, 0, 0, 0, 0, 1, 0, 0, 0, 0, 0.13006210327148438, 0.9999648320987631, 0.8491438379827535, 0.24181266808149837, 1, 0, 0], [0, 0, 0, 0, 0, 0, 1, 0, 0, 0, 0, 0.13006210327148438, 0.9999648320987631, 0.8491273556115493, 0.24181266808149837, 0, 1, 0], [0, 0, 0, 0, 0, 0, 0, 0, 0, 0, 1, 0, 0, 0, 0, 0, 0, 0]], "edges": [[0, 4], [1, 4], [2, 4], [3, 4]], "splition": "test", "label": 0}