{"nodeNames": ["polygon0", "polygon1", "polygon2", "polygon3", "polygon4", "polygon5", "polygon6", "polygon7", "g1", "g0", "svg0"], "nodes": [[0, 0, 0, 0, 0, 1, 0, 0, 0, 0, 0, 0.8441000749545885, 0.22800278098280885, 0.9236276910899771, 0.14306894674483678, 0, 0, 0], [0, 0, 0, 0, 0, 1, 0, 0, 0, 0, 0, 0.7393112710404397, 0.334115287416953, 0.8188388871758283, 0.14306894674483678, 1, 0, 0], [0, 0, 0, 0, 0, 1, 0, 0, 0, 0, 0, 0.634522467126291, 0.390447136961916, 0.7140500832616796, 0.14306894674483678, 1, 0, 0], [0, 0, 0, 0, 0, 1, 0, 0, 0, 0, 0, 0.5297336632121423, 0.4520194552941905, 0.6092612793475309, 0.14306894674483678, 1, 0, 0], [0, 0, 0, 0, 0, 1, 0, 0, 0, 0, 0, 0.4249448592979936, 0.43498857754717646, 0.5044701168438326, 0.14306894674483678, 1, 0, 0], [0, 0, 0, 0, 0, 1, 0, 0, 0, 0, 0, 0.32015605538384484, 0.546342805252023, 0.39968134761482427, 0.14306894674483678, 1, 0, 0], [0, 0, 0, 0, 0, 1, 0, 0, 0, 0, 0, 0.21536725146969612, 0.8135901571400889, 0.2948925437006756, 0.14306894674483678, 1, 0, 0], [0, 0, 0, 0, 0, 1, 0, 0, 0, 0, 0, 0.11057619302141912, 0.9354240699361676, 0.19010373978652684, 0.14306894674483678, 1, 0, 0], [0, 0, 0, 0, 0, 0, 0, 0, 0, 0, 1, 0, 0, 0, 0, 0, 0, 0], [0, 0, 0, 0, 0, 0, 0, 0, 0, 0, 1, 0, 0, 0, 0, 0, 0, 0], [0, 0, 0, 0, 0, 0, 0, 0, 0, 0, 1, 0, 0, 0, 0, 0, 0, 0]], "edges": [[0, 8], [8, 9], [9, 10], [1, 8], [2, 8], [3, 8], [4, 8], [5, 8], [6, 8], [7, 8]], "splition": "training", "label": 1}