{"nodeNames": ["rect3", "rect4", "rect5", "rect6", "rect7", "rect8", "rect9", "rect10", "rect11", "g1", "svg0"], "nodes": [[0, 0, 1, 0, 0, 0, 0, 0, 0, 0, 0, 0.2057367842765292, 0.1325596835341761, 0.20992586632588045, 0.11020249550719464, 0, 0, 1], [0, 0, 1, 0, 0, 0, 0, 0, 0, 0, 0, 0.18479148716259267, 0.14597554459878634, 0.188980540928739, 0.11020249550719464, 0, 0, 1], [0, 0, 1, 0, 0, 0, 0, 0, 0, 0, 0, 0.16384614762384875, 0.1593835682567915, 0.16803521553159753, 0.11020249550719464, 0, 0, 1], [0, 0, 1, 0, 0, 0, 0, 0, 0, 0, 0, 0.14290083636830977, 0.1325596835341761, 0.14708990427605856, 0.11020249550719464, 0, 0, 1], [0, 0, 1, 0, 0, 0, 0, 0, 0, 0, 0, 0.12195551097116833, 0.30694255748329047, 0.1261445788789171, 0.11020249550719464, 0, 0, 1], [0, 0, 1, 0, 0, 0, 0, 0, 0, 0, 0, 0.10101018557402687, 0.1415009624142982, 0.10519925348177565, 0.11020249550719464, 0, 0, 1], [0, 0, 1, 0, 0, 0, 0, 0, 0, 0, 0, 0.0800648743184879, 0.12361835657180488, 0.08425394222623668, 0.11020249550719464, 0, 0, 1], [0, 0, 1, 0, 0, 0, 0, 0, 0, 0, 0, 0.05911956306294891, 0.11914377438731674, 0.06330861682909522, 0.11020249550719464, 0, 0, 1], [0, 0, 1, 0, 0, 0, 0, 0, 0, 0, 0, 0.03817423766580746, 0.12361835657180488, 0.04236329850275501, 0.11020249550719464, 0, 0, 1], [0, 0, 0, 0, 0, 0, 0, 0, 0, 0, 1, 0, 0, 0, 0, 0, 0, 0], [0, 0, 0, 0, 0, 0, 0, 0, 0, 0, 1, 0, 0, 0, 0, 0, 0, 0]], "edges": [[0, 9], [9, 10], [1, 9], [2, 9], [3, 9], [4, 9], [5, 9], [6, 9], [7, 9], [8, 9]], "splition": "training", "label": 1}