{"nodeNames": ["line5", "line6", "line7", "line8", "line9", "line10", "line11", "line12", "line13", "line14", "g5", "svg0"], "nodes": [[1, 0, 0, 0, 0, 0, 0, 0, 0, 0, 0, 0.43278598833432513, 0.9619254032705735, 0.4902435698018346, 0.8843848208615639, 0, 1, 1], [1, 0, 0, 0, 0, 0, 0, 0, 0, 0, 0, 0.4902435698018346, 0.8843848208615639, 0.525995079933121, 0.8366286957525768, 0, 1, 1], [1, 0, 0, 0, 0, 0, 0, 0, 0, 0, 0, 0.1242579280980984, 0.7928288559209757, 0.33787036770139894, 0.7928288559209757, 0, 1, 1], [1, 0, 0, 0, 0, 0, 0, 0, 0, 0, 0, 0.33787036770139894, 0.7928288559209757, 0.534107523421285, 0.7928288559209757, 0, 1, 1], [1, 0, 0, 0, 0, 0, 0, 0, 0, 0, 0, 0.736840807284705, 0.8683291231150237, 0.7966896614342815, 0.8493525170271442, 0, 1, 1], [1, 0, 0, 0, 0, 0, 0, 0, 0, 0, 0, 0.736840807284705, 0.736035410242784, 0.8561318379994433, 0.6984807686898906, 0, 1, 1], [1, 0, 0, 0, 0, 0, 0, 0, 0, 0, 0, 0.4615165292454776, 0.7012759440979721, 0.4902435698018346, 0.6595042995297089, 0, 1, 1], [1, 0, 0, 0, 0, 0, 0, 0, 0, 0, 0, 0.4902435698018346, 0.714936609877446, 0.5006360701537926, 0.7012759440979721, 0, 1, 1], [1, 0, 0, 0, 0, 0, 0, 0, 0, 0, 0, 0.6655602186586783, 0.7589077018499302, 0.736840807284705, 0.736035410242784, 0, 1, 1], [1, 0, 0, 0, 0, 0, 0, 0, 0, 0, 0, 0.6123361041735287, 0.8493525170271442, 0.736840807284705, 0.8098728385777875, 0, 1, 1], [0, 0, 0, 0, 0, 0, 0, 0, 0, 0, 1, 0, 0, 0, 0, 0, 0, 0], [0, 0, 0, 0, 0, 0, 0, 0, 0, 0, 1, 0, 0, 0, 0, 0, 0, 0]], "edges": [[0, 10], [10, 11], [1, 10], [2, 10], [3, 10], [4, 10], [5, 10], [6, 10], [7, 10], [8, 10], [9, 10]], "splition": "training", "label": 2}