{"nodeNames": ["rect10", "rect11", "path13", "line0", "line1", "line2", "line3", "svg0"], "nodes": [[0, 0, 1, 0, 0, 0, 0, 0, 0, 0, 0, 0.3399940208397091, 0.4536674179541401, 0.51985351158389, 0.2618160806875221, 1, 0, 0], [0, 0, 1, 0, 0, 0, 0, 0, 0, 0, 0, 0.33555737066982266, 0.45564472129617783, 0.5237296533896754, 0.2638331864309204, 0, 1, 1], [0, 0, 0, 0, 0, 0, 1, 0, 0, 0, 0, 0.3753122149877146, 0.7429245793291843, 0.4945767479413905, 0.7429245793291843, 0, 1, 1], [1, 0, 0, 0, 0, 0, 0, 0, 0, 0, 0, 0.3289315632835073, 0.3606035243409616, 0.5277057848729672, 0.3606035243409616, 0, 1, 1], [1, 0, 0, 0, 0, 0, 0, 0, 0, 0, 0, 0.43096834998126077, 0.2620010413295907, 0.43096834998126077, 0.06636641820247888, 0, 1, 1], [1, 0, 0, 0, 0, 0, 0, 0, 0, 0, 0, 0.4375941573675761, 0.742024939232257, 0.4375941573675761, 0.453667300369498, 0, 1, 1], [1, 0, 0, 0, 0, 0, 0, 0, 0, 0, 0, 0.3753122149877146, 0.06829310135608016, 0.4945767479413905, 0.06829310135608016, 0, 1, 1], [0, 0, 0, 0, 0, 0, 0, 0, 0, 0, 1, 0, 0, 0, 0, 0, 0, 0]], "edges": [[0, 7], [1, 7], [2, 7], [3, 7], [4, 7], [5, 7], [6, 7]], "splition": "training", "label": 3}