{"nodeNames": ["path22", "path23", "path24", "path25", "path26", "path27", "path28", "path29", "path30", "path31", "path32", "path33", "path34", "path35", "path36", "g8", "g7", "svg0"], "nodes": [[0, 0, 0, 0, 0, 0, 1, 0, 0, 0, 0, 0.42143272399902343, 0.978758544921875, 0.4889326477050781, 0.9450083923339844, 1, 1, 1], [0, 0, 0, 0, 0, 0, 1, 0, 0, 0, 0, 0.3839762878417969, 0.7574917602539063, 0.4564762878417969, 0.7212417602539063, 1, 1, 1], [0, 0, 0, 0, 0, 0, 1, 0, 0, 0, 0, 0.43191970825195314, 0.6087596893310547, 0.5094197082519532, 0.5700096130371094, 1, 1, 1], [0, 0, 0, 0, 0, 0, 1, 0, 0, 0, 0, 0.3944962310791016, 0.5924937438964843, 0.4494962310791016, 0.5649937438964844, 1, 1, 1], [0, 0, 0, 0, 0, 0, 1, 0, 0, 0, 0, 0.46831398010253905, 0.5887440490722656, 0.5208139801025391, 0.5624940490722656, 1, 1, 1], [0, 0, 0, 0, 0, 0, 1, 0, 0, 0, 0, 0.5241117858886719, 0.5462406921386719, 0.6066117858886719, 0.5049907684326171, 1, 1, 1], [0, 0, 0, 0, 0, 0, 1, 0, 0, 0, 0, 0.5374415588378906, 0.43375869750976564, 0.6074415588378906, 0.39875877380371094, 1, 1, 1], [0, 0, 0, 0, 0, 0, 1, 0, 0, 0, 0, 0.49783859252929685, 0.4025025177001953, 0.5178385925292969, 0.39250244140625, 1, 1, 1], [0, 0, 0, 0, 0, 0, 1, 0, 0, 0, 0, 0.4068974304199219, 0.3600140380859375, 0.5193974304199219, 0.3037640380859375, 1, 1, 1], [0, 0, 0, 0, 0, 0, 1, 0, 0, 0, 0, 0.603172607421875, 0.29375442504882815, 0.638172607421875, 0.27625438690185544, 1, 1, 1], [0, 0, 0, 0, 0, 0, 1, 0, 0, 0, 0, 0.7470474243164062, 0.2887599945068359, 0.8270474243164062, 0.24875999450683595, 1, 1, 1], [0, 0, 0, 0, 0, 0, 1, 0, 0, 0, 0, 0.2462419891357422, 0.22250083923339845, 0.3862419891357422, 0.15250080108642577, 1, 1, 1], [0, 0, 0, 0, 0, 0, 1, 0, 0, 0, 0, 0.58951171875, 0.21498611450195312, 0.7120116424560546, 0.15373611450195312, 1, 1, 1], [0, 0, 0, 0, 0, 0, 1, 0, 0, 0, 0, 0.6088368225097657, 0.15125938415527343, 0.6838368225097656, 0.11375938415527344, 1, 1, 1], [0, 0, 0, 0, 0, 0, 1, 0, 0, 0, 0, 0.44372360229492186, 0.17998527526855468, 0.5737235260009765, 0.11498527526855469, 1, 1, 1], [0, 0, 0, 0, 0, 0, 0, 0, 0, 0, 1, 0, 0, 0, 0, 0, 0, 0], [0, 0, 0, 0, 0, 0, 0, 0, 0, 0, 1, 0, 0, 0, 0, 0, 0, 0], [0, 0, 0, 0, 0, 0, 0, 0, 0, 0, 1, 0, 0, 0, 0, 0, 0, 0]], "edges": [[0, 15], [15, 16], [16, 17], [1, 15], [2, 15], [3, 15], [4, 15], [5, 15], [6, 15], [7, 15], [8, 15], [9, 15], [10, 15], [11, 15], [12, 15], [13, 15], [14, 15]], "splition": "training", "label": 4}