{"nodeNames": ["circle0", "circle1", "circle2", "circle3", "circle4", "circle5", "circle6", "circle7", "circle8", "circle9", "g12", "g9", "g8", "svg0"], "nodes": [[0, 0, 0, 1, 0, 0, 0, 0, 0, 0, 0, 0.49644000244140624, 0.6756365288628472, 0.6164400024414063, 0.6089698621961805, 1, 1, 1], [0, 0, 0, 1, 0, 0, 0, 0, 0, 0, 0, 0.57727197265625, 0.23030158148871527, 0.66127197265625, 0.1836349148220486, 1, 1, 1], [0, 0, 0, 1, 0, 0, 0, 0, 0, 0, 0, 0.609447998046875, 0.7403587510850694, 0.673447998046875, 0.7048031955295139, 1, 1, 1], [0, 0, 0, 1, 0, 0, 0, 0, 0, 0, 0, 0.4345040283203125, 0.41420159233940973, 0.4985040283203125, 0.37864603678385417, 1, 1, 1], [0, 0, 0, 1, 0, 0, 0, 0, 0, 0, 0, 0.5695599975585938, 0.4020809597439236, 0.6295599975585937, 0.3687476264105903, 1, 1, 1], [0, 0, 0, 1, 0, 0, 0, 0, 0, 0, 0, 0.5345999755859375, 0.7477698432074653, 0.5905999755859375, 0.7166587320963541, 1, 1, 1], [0, 0, 0, 1, 0, 0, 0, 0, 0, 0, 0, 0.5832559814453125, 0.7713079155815972, 0.6232559814453125, 0.749085693359375, 1, 1, 1], [0, 0, 0, 1, 0, 0, 0, 0, 0, 0, 0, 0.20133599853515624, 0.19468410915798612, 0.24133599853515625, 0.1724618869357639, 1, 1, 1], [0, 0, 0, 1, 0, 0, 0, 0, 0, 0, 0, 0.4323280029296875, 0.8076904975043403, 0.4563280029296875, 0.794357164171007, 1, 1, 1], [0, 0, 0, 1, 0, 0, 0, 0, 0, 0, 0, 0.57231201171875, 0.6712540011935764, 0.59231201171875, 0.6601428900824653, 1, 1, 1], [0, 0, 0, 0, 0, 0, 0, 0, 0, 0, 1, 0, 0, 0, 0, 0, 0, 0], [0, 0, 0, 0, 0, 0, 0, 0, 0, 0, 1, 0, 0, 0, 0, 0, 0, 0], [0, 0, 0, 0, 0, 0, 0, 0, 0, 0, 1, 0, 0, 0, 0, 0, 0, 0], [0, 0, 0, 0, 0, 0, 0, 0, 0, 0, 1, 0, 0, 0, 0, 0, 0, 0]], "edges": [[0, 10], [10, 11], [11, 12], [12, 13], [1, 10], [2, 10], [3, 10], [4, 10], [5, 10], [6, 10], [7, 10], [8, 10], [9, 10]], "splition": "test", "label": 4}