{"nodeNames": ["circle0", "circle1", "circle2", "circle3", "circle4", "circle5", "circle6", "circle7", "circle8", "circle12", "circle13", "svg0"], "nodes": [[0, 0, 0, 1, 0, 0, 0, 0, 0, 0, 0, 0.6272433914438592, 0.5930706970200782, 0.7728534991390784, 0.4906442179776332, 0, 0, 0], [0, 0, 0, 1, 0, 0, 0, 0, 0, 0, 0, 0.7188860970092878, 0.30154926381770814, 0.8227477989088468, 0.22848974538440656, 0, 0, 0], [0, 0, 0, 1, 0, 0, 0, 0, 0, 0, 0, 0.6969937350511783, 0.41865916851774215, 0.7723444196089386, 0.3656553113151168, 0, 0, 0], [0, 0, 0, 1, 0, 0, 0, 0, 0, 0, 0, 0.570730436290402, 0.2925959021757805, 0.5931319554651354, 0.2768378982508157, 0, 0, 0], [0, 0, 0, 1, 0, 0, 0, 0, 0, 0, 0, 0.7570706353480339, 0.6256609552554877, 0.8324213199057943, 0.5726570980528625, 0, 0, 0], [0, 0, 0, 1, 0, 0, 0, 0, 0, 0, 0, 0.6827381875370371, 0.639986333882572, 0.7387420631603545, 0.6005915426580904, 0, 0, 0], [0, 0, 0, 1, 0, 0, 0, 0, 0, 0, 0, 0.7540158474212593, 0.5748058174117527, 0.7682713949354005, 0.56477809609038, 0, 0, 0], [0, 0, 0, 1, 0, 0, 0, 0, 0, 0, 0, 0.7514702167111085, 0.6575347915479917, 0.7942367815670482, 0.6274516275838733, 0, 0, 0], [0, 0, 0, 1, 0, 0, 0, 0, 0, 0, 0, 0.4780694162917258, 0.7320268259852086, 0.5208360588341496, 0.7019435527271248, 0, 0, 0], [0, 0, 0, 1, 0, 0, 0, 0, 0, 0, 0, 0.576839856770983, 0.4480262384208508, 0.6521905413287434, 0.39502227192426015, 0, 0, 0], [0, 0, 0, 1, 0, 0, 0, 0, 0, 0, 0, 0.2800193781165875, 0.20449480176041976, 0.31158518338516056, 0.18229042117085315, 0, 0, 0], [0, 0, 0, 0, 0, 0, 0, 0, 0, 0, 1, 0, 0, 0, 0, 0, 0, 0]], "edges": [[0, 11], [1, 11], [2, 11], [3, 11], [4, 11], [5, 11], [6, 11], [7, 11], [8, 11], [9, 11], [10, 11]], "splition": "training", "label": 4}