{"nodeNames": ["path9", "path10", "path11", "path12", "path13", "path14", "path15", "path16", "g0", "svg0"], "nodes": [[0, 0, 0, 0, 0, 0, 1, 0, 0, 0, 0, 0.224, 0.19333333333333333, 0.32, 0.18, 1, 0, 0], [0, 0, 0, 0, 0, 0, 1, 0, 0, 0, 0, 0.256, 0.20222222222222222, 0.284, 0.18, 1, 0, 0], [0, 0, 0, 0, 0, 0, 1, 0, 0, 0, 0, 0.376, 0.44666666666666666, 0.472, 0.18, 1, 0, 0], [0, 0, 0, 0, 0, 0, 1, 0, 0, 0, 0, 0.412, 0.21555555555555556, 0.44, 0.18, 1, 0, 0], [0, 0, 0, 0, 0, 0, 1, 0, 0, 0, 0, 0.532, 0.36444444444444446, 0.628, 0.18, 1, 0, 0], [0, 0, 0, 0, 0, 0, 1, 0, 0, 0, 0, 0.564, 0.2222222222222222, 0.592, 0.18, 1, 0, 0], [0, 0, 0, 0, 0, 0, 1, 0, 0, 0, 0, 0.684, 0.7044444444444444, 0.78, 0.18, 1, 0, 0], [0, 0, 0, 0, 0, 0, 1, 0, 0, 0, 0, 0.72, 0.2733333333333333, 0.748, 0.18, 1, 0, 0], [0, 0, 0, 0, 0, 0, 0, 0, 0, 0, 1, 0, 0, 0, 0, 0, 0, 0], [0, 0, 0, 0, 0, 0, 0, 0, 0, 0, 1, 0, 0, 0, 0, 0, 0, 0]], "edges": [[0, 8], [8, 9], [1, 8], [2, 8], [3, 8], [4, 8], [5, 8], [6, 8], [7, 8]], "splition": "training", "label": 5}