{"nodeNames": ["path1", "path2", "path3", "path4", "path5", "path6", "path7", "path8", "g0", "svg0"], "nodes": [[0, 0, 0, 0, 0, 0, 1, 0, 0, 0, 0, 0.0, 0.9850417164135667, 0.5813635510084506, 0.0, 0, 0, 0], [0, 0, 0, 0, 0, 0, 1, 0, 0, 0, 0, 0.5418030066358527, 0.9850417164135667, 0.9754115501194037, 0.0, 0, 0, 0], [0, 0, 0, 0, 0, 0, 1, 0, 0, 0, 0, 0.40972687851485495, 0.9850417164135667, 0.7147895595521326, 0.0, 0, 0, 0], [0, 0, 0, 0, 0, 0, 1, 0, 0, 0, 0, 0.33548590485956953, 0.9850417164135667, 0.6028570804877752, 0.0, 0, 0, 0], [0, 0, 0, 0, 0, 0, 1, 0, 0, 0, 0, 0.1669642146185222, 0.9850417164135667, 0.5970424304123526, 0.0, 0, 0, 0], [0, 0, 0, 0, 0, 0, 1, 0, 0, 0, 0, 0.4227059970733883, 0.9850417164135667, 0.8130160422872817, 0.0, 0, 0, 0], [0, 0, 0, 0, 0, 0, 1, 0, 0, 0, 0, 0.5534323688016941, 0.9850417164135667, 0.8962904613742076, 0.0, 0, 0, 0], [0, 0, 0, 0, 0, 0, 1, 0, 0, 0, 0, 0.3270754000649421, 0.9850417164135667, 0.6081526030298543, 0.0, 0, 0, 0], [0, 0, 0, 0, 0, 0, 0, 0, 0, 0, 1, 0, 0, 0, 0, 0, 0, 0], [0, 0, 0, 0, 0, 0, 0, 0, 0, 0, 1, 0, 0, 0, 0, 0, 0, 0]], "edges": [[0, 8], [8, 9], [1, 8], [2, 8], [3, 8], [4, 8], [5, 8], [6, 8], [7, 8]], "splition": "training", "label": 6}