{"nodeNames": ["path10", "path11", "path12", "svg0"], "nodes": [[0, 0, 0, 0, 0, 0, 1, 0, 0, 0, 0, 0.42323308745536253, 1.0, 0.912532571348937, 0.0, 1, 0, 0], [0, 0, 0, 0, 0, 0, 1, 0, 0, 0, 0, 0.4780050643774745, 1.0, 0.9681528591849489, 0.0, 1, 0, 0], [0, 0, 0, 0, 0, 0, 1, 0, 0, 0, 0, -3.8875895417261585e-08, 1.0, 0.7796712830682891, 0.0, 1, 0, 0], [0, 0, 0, 0, 0, 0, 0, 0, 0, 0, 1, 0, 0, 0, 0, 0, 0, 0]], "edges": [[0, 3], [1, 3], [2, 3]], "splition": "test", "label": 6}