{"nodeNames": ["path75", "path76", "path77", "path91", "path92", "path93", "path94", "path95", "path96", "path97", "svg0"], "nodes": [[0, 0, 0, 0, 0, 0, 1, 0, 0, 0, 0, 0.19217362303301497, 0.8672716992301208, 0.31910187262551826, 0.08913482143841052, 0, 1, 1], [0, 0, 0, 0, 0, 0, 1, 0, 0, 0, 0, 0.23448303956384942, 0.8672716992301208, 0.36141128915635273, 0.08913482143841052, 0, 1, 1], [0, 0, 0, 0, 0, 0, 1, 0, 0, 0, 0, 0.5306489552796905, 0.8672716992301208, 0.5306489552796905, 0.5061755010391964, 0, 1, 1], [0, 0, 0, 0, 0, 0, 1, 0, 0, 0, 0, 0.42487541395260436, 0.8672716992301208, 0.5729583718105249, 0.1196499931165168, 0, 1, 1], [0, 0, 0, 0, 0, 0, 1, 0, 0, 0, 0, 0.38256599742176994, 0.8672716992301208, 0.5094942470142733, 0.08913482143841052, 0, 1, 1], [0, 0, 0, 0, 0, 0, 1, 0, 0, 0, 0, 0.29794716436010105, 0.8672716992301208, 0.4671848304834388, 0.08913482143841052, 0, 1, 1], [0, 0, 0, 0, 0, 0, 1, 0, 0, 0, 0, 0.29794716436010105, 0.8672716992301208, 0.4671848304834388, 0.28239757539975036, 0, 1, 1], [0, 0, 0, 0, 0, 0, 1, 0, 0, 0, 0, 0.3402565808909355, 0.8672716992301208, 0.5094942470142733, 0.10439240727746366, 0, 1, 1], [0, 0, 0, 0, 0, 0, 1, 0, 0, 0, 0, 0.31910187262551826, 0.8672716992301208, 0.5094942470142733, 0.28239757539975036, 0, 1, 1], [0, 0, 0, 0, 0, 0, 1, 0, 0, 0, 0, 0.27679245609468384, 0.8672716992301208, 0.5094942470142733, 0.1094782692238147, 0, 1, 1], [0, 0, 0, 0, 0, 0, 0, 0, 0, 0, 1, 0, 0, 0, 0, 0, 0, 0]], "edges": [[0, 10], [1, 10], [2, 10], [3, 10], [4, 10], [5, 10], [6, 10], [7, 10], [8, 10], [9, 10]], "splition": "test", "label": 6}