{"nodeNames": ["path14", "path15", "path16", "path17", "path18", "path19", "path20", "path21", "path22", "g3", "svg0"], "nodes": [[0, 0, 0, 0, 0, 0, 1, 0, 0, 0, 0, 0.9022694041742446, 0.8750221951652588, 0.9022694041742446, 0.1574715267737108, 0, 1, 0], [0, 0, 0, 0, 0, 0, 1, 0, 0, 0, 0, 0.26236753660480866, 0.8750221951652588, 0.5823184329538327, 0.1574715267737108, 0, 1, 0], [0, 0, 0, 0, 0, 0, 1, 0, 0, 0, 0, 0.15571886003520302, 0.8750221951652588, 0.5823184329538327, 0.1574715267737108, 0, 1, 0], [0, 0, 0, 0, 0, 0, 1, 0, 0, 0, 0, 0.15571886003520302, 0.8750221951652588, 0.3690186464945179, 0.1574715267737108, 0, 1, 0], [0, 0, 0, 0, 0, 0, 1, 0, 0, 0, 0, 0.6889695802792358, 0.8750221951652588, 0.7956182568488415, 0.1574715267737108, 0, 1, 0], [0, 0, 0, 0, 0, 0, 1, 0, 0, 0, 0, 0.15571886003520302, 0.8750221951652588, 0.47566736049981745, 0.1574715267737108, 0, 1, 0], [0, 0, 0, 0, 0, 0, 1, 0, 0, 0, 0, 0.6889695802792358, 0.8750221951652588, 0.7956182568488415, 0.1574715267737108, 0, 1, 0], [0, 0, 0, 0, 0, 0, 1, 0, 0, 0, 0, 0.04906771270979993, 0.8750221951652588, 0.04906771270979993, 0.1574715267737108, 0, 1, 0], [0, 0, 0, 0, 0, 0, 1, 0, 0, 0, 0, 0.15571886003520302, 0.8750221951652588, 0.47566736049981745, 0.1574715267737108, 0, 1, 0], [0, 0, 0, 0, 0, 0, 0, 0, 0, 0, 1, 0, 0, 0, 0, 0, 0, 0], [0, 0, 0, 0, 0, 0, 0, 0, 0, 0, 1, 0, 0, 0, 0, 0, 0, 0]], "edges": [[0, 9], [9, 10], [1, 9], [2, 9], [3, 9], [4, 9], [5, 9], [6, 9], [7, 9], [8, 9]], "splition": "training", "label": 6}