{"nodeNames": ["circle0", "circle1", "circle2", "circle3", "circle4", "circle5", "circle6", "circle7", "circle8", "circle9", "circle10", "circle11", "g0", "svg0", "g1", "g2", "g3", "g4", "g5", "g6", "g7", "g8", "g9", "g10", "g11"], "nodes": [[0, 0, 0, 1, 0, 0, 0, 0, 0, 0, 0, 0.1268701645500936, 0.5673834876895795, 0.6444874996076657, 0.04101211742264985, 1, 1, 1], [0, 0, 0, 1, 0, 0, 0, 0, 0, 0, 0, 0.1764141140097561, 1.0, 0.5949435501480032, 0.5743922631825852, 1, 1, 1], [0, 0, 0, 1, 0, 0, 0, 0, 0, 0, 0, 0.5586711980998148, 0.8190566913335089, 1.0, 0.37026394447354277, 1, 1, 1], [0, 0, 0, 1, 0, 0, 0, 0, 0, 0, 0, 0.24642230617612118, 0.3115006673985509, 0.5051190878605326, 0.04842881774818604, 1, 1, 1], [0, 0, 0, 1, 0, 0, 0, 0, 0, 0, 0, 0.27650991696963906, 0.5203884344526907, 0.47503144884152426, 0.3185095002972467, 1, 1, 1], [0, 0, 0, 1, 0, 0, 0, 0, 0, 0, 0, 0.459336495491486, 0.4167889599214139, 0.6360600173281932, 0.23707665886944315, 1, 1, 1], [0, 0, 0, 1, 0, 0, 0, 0, 0, 0, 0, 0.13507384691532645, 0.40662849724073813, 0.2940782525756889, 0.24493503857317928, 1, 1, 1], [0, 0, 0, 1, 0, 0, 0, 0, 0, 0, 0, 0.250704000184256, 0.8559161959591446, 0.5206536075225222, 0.5814011534869709, 1, 1, 1], [0, 0, 0, 1, 0, 0, 0, 0, 0, 0, 0, 0.3217272938912587, 0.9929911096956143, 0.44963037026650055, 0.8629248566407706, 1, 1, 1], [0, 0, 0, 1, 0, 0, 0, 0, 0, 0, 0, 0.44545553796542986, 0.9252341405874531, 0.5399182386571351, 0.8291737553126096, 1, 1, 1], [0, 0, 0, 1, 0, 0, 0, 0, 0, 0, 0, 0.6604726392256189, 0.6190191020877531, 0.8981985588741959, 0.37727277737223847, 1, 1, 1], [0, 0, 0, 1, 0, 0, 0, 0, 0, 0, 0, 0.6878724776854918, 0.8120478010291233, 0.8707987204143232, 0.626027877580759, 1, 1, 1], [0, 0, 0, 0, 0, 0, 0, 0, 0, 0, 1, 0, 0, 0, 0, 0, 0, 0], [0, 0, 0, 0, 0, 0, 0, 0, 0, 0, 1, 0, 0, 0, 0, 0, 0, 0], [0, 0, 0, 0, 0, 0, 0, 0, 0, 0, 1, 0, 0, 0, 0, 0, 0, 0], [0, 0, 0, 0, 0, 0, 0, 0, 0, 0, 1, 0, 0, 0, 0, 0, 0, 0], [0, 0, 0, 0, 0, 0, 0, 0, 0, 0, 1, 0, 0, 0, 0, 0, 0, 0], [0, 0, 0, 0, 0, 0, 0, 0, 0, 0, 1, 0, 0, 0, 0, 0, 0, 0], [0, 0, 0, 0, 0, 0, 0, 0, 0, 0, 1, 0, 0, 0, 0, 0, 0, 0], [0, 0, 0, 0, 0, 0, 0, 0, 0, 0, 1, 0, 0, 0, 0, 0, 0, 0], [0, 0, 0, 0, 0, 0, 0, 0, 0, 0, 1, 0, 0, 0, 0, 0, 0, 0], [0, 0, 0, 0, 0, 0, 0, 0, 0, 0, 1, 0, 0, 0, 0, 0, 0, 0], [0, 0, 0, 0, 0, 0, 0, 0, 0, 0, 1, 0, 0, 0, 0, 0, 0, 0], [0, 0, 0, 0, 0, 0, 0, 0, 0, 0, 1, 0, 0, 0, 0, 0, 0, 0], [0, 0, 0, 0, 0, 0, 0, 0, 0, 0, 1, 0, 0, 0, 0, 0, 0, 0]], "edges": [[0, 12], [12, 13], [1, 14], [14, 13], [2, 15], [15, 13], [3, 16], [16, 13], [4, 17], [17, 13], [5, 18], [18, 13], [6, 19], [19, 13], [7, 20], [20, 13], [8, 21], [21, 13], [9, 22], [22, 13], [10, 23], [23, 13], [11, 24], [24, 13]], "splition": "training", "label": 9}