{"nodeNames": ["circle0", "circle1", "circle2", "circle3", "circle4", "circle5", "circle6", "circle7", "circle8", "svg0"], "nodes": [[0, 0, 0, 1, 0, 0, 0, 0, 0, 0, 0, 0.350193854164294, 0.5509329664480335, 0.7217545741025857, 0.15760071402913986, 1, 1, 1], [0, 0, 0, 1, 0, 0, 0, 0, 0, 0, 0, 0.35793814026817006, 0.9361014040244425, 0.7140102572184359, 0.5591652073452829, 1, 1, 1], [0, 0, 0, 1, 0, 0, 0, 0, 0, 0, 0, 0.6727922694726785, 0.7319344788593468, 1.0, 0.3855540998545979, 1, 1, 1], [0, 0, 0, 1, 0, 0, 0, 0, 0, 0, 0, 0.13116182605821042, 0.7027776807503562, 0.4044083508113988, 0.41352041494602293, 1, 1, 1], [0, 0, 0, 1, 0, 0, 0, 0, 0, 0, 0, 0.09940483262610525, 0.40884554688449004, 0.351185840827817, 0.14231146601714484, 1, 1, 1], [0, 0, 0, 1, 0, 0, 0, 0, 0, 0, 0, 0.14078854136591773, 0.9420441742969321, 0.3596433982160985, 0.7103656740500769, 1, 1, 1], [0, 0, 0, 1, 0, 0, 0, 0, 0, 0, 0, 0.72195095224933, 0.37874994330412604, 0.8979977431903261, 0.19238773825952268, 1, 1, 1], [0, 0, 0, 1, 0, 0, 0, 0, 0, 0, 0, 0.7164463312068268, 0.8709521101031266, 0.8464654703810659, 0.7333144694647753, 1, 1, 1], [0, 0, 0, 1, 0, 0, 0, 0, 0, 0, 0, 0.6522056836391148, 1.0, 0.7822248228133539, 0.8623624896969911, 1, 1, 1], [0, 0, 0, 0, 0, 0, 0, 0, 0, 0, 1, 0, 0, 0, 0, 0, 0, 0]], "edges": [[0, 9], [1, 9], [2, 9], [3, 9], [4, 9], [5, 9], [6, 9], [7, 9], [8, 9]], "splition": "training", "label": 9}