{"nodeNames": ["path1", "path3", "path5", "circle0", "circle1", "circle2", "circle3", "circle4", "circle5", "g0", "svg0", "g1", "g2"], "nodes": [[0, 0, 0, 0, 0, 0, 1, 0, 0, 0, 0, 0.6569444868299696, 0.17142857142857143, 0.8394444147745769, 0.17142857142857143, 0, 1, 1], [0, 0, 0, 0, 0, 0, 1, 0, 0, 0, 0, 0.42277776930067273, 0.5, 0.7536110983954536, 0.5, 0, 1, 1], [0, 0, 0, 0, 0, 0, 1, 0, 0, 0, 0, 0.17277776930067273, 0.8285713413783482, 0.2269444359673394, 0.8285713413783482, 0, 1, 1], [0, 0, 0, 1, 0, 0, 0, 0, 0, 0, 0, 0.8172222137451172, 0.19428571428571428, 0.8616666581895617, 0.14857142857142858, 1, 1, 0], [0, 0, 0, 1, 0, 0, 0, 0, 0, 0, 0, 0.6347222646077474, 0.19428571428571428, 0.6791667090521918, 0.14857142857142858, 1, 1, 0], [0, 0, 0, 1, 0, 0, 0, 0, 0, 0, 0, 0.40055554707845054, 0.5228571428571429, 0.444999991522895, 0.47714285714285715, 1, 1, 0], [0, 0, 0, 1, 0, 0, 0, 0, 0, 0, 0, 0.7313888973659939, 0.5228571428571429, 0.7758333418104384, 0.47714285714285715, 1, 1, 0], [0, 0, 0, 1, 0, 0, 0, 0, 0, 0, 0, 0.1505555470784505, 0.8514284842354911, 0.19499999152289496, 0.8057141985212054, 1, 1, 0], [0, 0, 0, 1, 0, 0, 0, 0, 0, 0, 0, 0.20472221374511718, 0.8514284842354911, 0.24916665818956163, 0.8057141985212054, 1, 1, 0], [0, 0, 0, 0, 0, 0, 0, 0, 0, 0, 1, 0, 0, 0, 0, 0, 0, 0], [0, 0, 0, 0, 0, 0, 0, 0, 0, 0, 1, 0, 0, 0, 0, 0, 0, 0], [0, 0, 0, 0, 0, 0, 0, 0, 0, 0, 1, 0, 0, 0, 0, 0, 0, 0], [0, 0, 0, 0, 0, 0, 0, 0, 0, 0, 1, 0, 0, 0, 0, 0, 0, 0]], "edges": [[0, 9], [9, 10], [1, 11], [11, 10], [2, 12], [12, 10], [3, 9], [4, 9], [5, 11], [6, 11], [7, 12], [8, 12]], "splition": "test", "label": 10}