{"nodeNames": ["path92", "path93", "path94", "path95", "g1", "svg0"], "nodes": [[0, 0, 0, 0, 0, 0, 1, 0, 0, 0, 0, 0.05806765572390572, 0.8153717180365296, 0.8505497685185185, 0.12261879280821918, 1, 1, 1], [0, 0, 0, 0, 0, 0, 1, 0, 0, 0, 0, 0.3372395833333333, 0.8153717180365296, 0.8505497685185185, 0.12261879280821918, 1, 1, 1], [0, 0, 0, 0, 0, 0, 1, 0, 0, 0, 0, 0.5047085437710438, 0.8153717180365296, 0.8505497685185185, 0.12261879280821918, 1, 1, 1], [0, 0, 0, 0, 0, 0, 1, 0, 0, 0, 0, 0.39591224747474746, 0.8153717180365296, 0.8505497685185185, 0.12261879280821918, 1, 1, 1], [0, 0, 0, 0, 0, 0, 0, 0, 0, 0, 1, 0, 0, 0, 0, 0, 0, 0], [0, 0, 0, 0, 0, 0, 0, 0, 0, 0, 1, 0, 0, 0, 0, 0, 0, 0]], "edges": [[0, 4], [4, 5], [1, 4], [2, 4], [3, 4]], "splition": "training", "label": 12}