{"nodeNames": ["path1", "path2", "path3", "path4", "path5", "path6", "path7", "path8", "path9", "svg0"], "nodes": [[0, 0, 0, 0, 0, 0, 1, 0, 0, 0, 0, 0.1602076416015625, 0.6437045627170139, 0.3662311706542969, 0.5009610324435764, 1, 0, 0], [0, 0, 0, 0, 0, 0, 1, 0, 0, 0, 0, 0.2912719116210937, 0.6888888210720486, 0.655880859375, 0.5907209608289931, 1, 0, 0], [0, 0, 0, 0, 0, 0, 1, 0, 0, 0, 0, 0.6015423583984375, 0.6638290066189236, 0.83943701171875, 0.5036685519748264, 1, 0, 0], [0, 0, 0, 0, 0, 0, 1, 0, 0, 0, 0, 0.7040192260742187, 0.5032880316840278, 0.8400401611328125, 0.4977857801649306, 1, 0, 0], [0, 0, 0, 0, 0, 0, 1, 0, 0, 0, 0, 0.7037166748046875, 0.4970740424262153, 0.8397101440429687, 0.48826158311631945, 1, 0, 0], [0, 0, 0, 0, 0, 0, 1, 0, 0, 0, 0, 0.6305785522460937, 0.4909130859375, 0.8382101440429688, 0.35391940646701386, 1, 0, 0], [0, 0, 0, 0, 0, 0, 1, 0, 0, 0, 0, 0.37284207153320315, 0.40790669759114584, 0.7034338989257812, 0.31111077202690973, 1, 0, 0], [0, 0, 0, 0, 0, 0, 1, 0, 0, 0, 0, 0.2980059814453125, 0.40754313151041666, 0.416275634765625, 0.3281114366319444, 1, 0, 0], [0, 0, 0, 0, 0, 0, 1, 0, 0, 0, 0, 0.16020767211914064, 0.4990388997395833, 0.37029083251953127, 0.35328816731770835, 1, 0, 0], [0, 0, 0, 0, 0, 0, 0, 0, 0, 0, 1, 0, 0, 0, 0, 0, 0, 0]], "edges": [[0, 9], [1, 9], [2, 9], [3, 9], [4, 9], [5, 9], [6, 9], [7, 9], [8, 9]], "splition": "test", "label": 14}