{"nodeNames": ["path0", "path1", "path2", "path3", "path4", "path5", "path6", "path7", "path8", "path9", "path10", "path11", "g0", "svg0"], "nodes": [[0, 0, 0, 0, 0, 0, 1, 0, 0, 0, 0, 0.24999635224896488, 0.49391335646780865, 0.4093377944295361, 0.4628904131055848, 1, 1, 1], [0, 0, 0, 0, 0, 0, 1, 0, 0, 0, 0, 0.2552994193257182, 0.5837789080487481, 0.45930268542186076, 0.48098789131718844, 1, 1, 1], [0, 0, 0, 0, 0, 0, 1, 0, 0, 0, 0, 0.3409543832759246, 0.599632848192437, 0.47750553528338446, 0.5334086861265475, 1, 1, 1], [0, 0, 0, 0, 0, 0, 1, 0, 0, 0, 0, 0.3721602019776437, 0.6343589525296238, 0.5424483304410402, 0.5426572652096869, 1, 1, 1], [0, 0, 0, 0, 0, 0, 1, 0, 0, 0, 0, 0.4834867025885109, 0.6480518521643743, 1.0, 0.31675126119555913, 1, 1, 1], [0, 0, 0, 0, 0, 0, 1, 0, 0, 0, 0, 0.6936023596610043, 0.37764293549670314, 0.8552531381864412, 0.2870784619592078, 1, 1, 1], [0, 0, 0, 0, 0, 0, 1, 0, 0, 0, 0, 0.6270689066369328, 0.3603339870354521, 0.7426142101312494, 0.27774197023759295, 1, 1, 1], [0, 0, 0, 0, 0, 0, 1, 0, 0, 0, 0, 0.5919413502667817, 0.3553038961449908, 0.6285533744176592, 0.27773368281157707, 1, 1, 1], [0, 0, 0, 0, 0, 0, 1, 0, 0, 0, 0, 0.5757509622671865, 0.35581771655797584, 0.6057130170734776, 0.27845478305025495, 1, 1, 1], [0, 0, 0, 0, 0, 0, 1, 0, 0, 0, 0, 0.4891647489350713, 0.36221645701990185, 0.5962663432359204, 0.279337393920947, 1, 1, 1], [0, 0, 0, 0, 0, 0, 1, 0, 0, 0, 0, 0.2790803242407218, 0.4211855426606555, 0.5457576750827515, 0.29030636730474824, 1, 1, 1], [0, 0, 0, 0, 0, 0, 1, 0, 0, 0, 0, 0.24999635224896488, 0.4628904131055848, 0.4232094525293124, 0.39139544809359067, 1, 1, 1], [0, 0, 0, 0, 0, 0, 0, 0, 0, 0, 1, 0, 0, 0, 0, 0, 0, 0], [0, 0, 0, 0, 0, 0, 0, 0, 0, 0, 1, 0, 0, 0, 0, 0, 0, 0]], "edges": [[0, 12], [12, 13], [1, 12], [2, 12], [3, 12], [4, 12], [5, 12], [6, 12], [7, 12], [8, 12], [9, 12], [10, 12], [11, 12]], "splition": "training", "label": 14}