{"nodeNames": ["circle0", "circle1", "circle2", "circle3", "circle4", "circle5", "circle6", "circle7", "circle8", "circle9", "circle10", "circle11", "circle12", "circle13", "svg0"], "nodes": [[0, 0, 0, 1, 0, 0, 0, 0, 0, 0, 0, 0.1311468656979909, 0.09247382687045816, 0.21149170512110083, 0.05428855933585975, 1, 0, 0], [0, 0, 0, 1, 0, 0, 0, 0, 0, 0, 0, 0.25166412483265577, 0.09247382687045816, 0.3320089642557657, 0.05428855933585975, 1, 0, 0], [0, 0, 0, 1, 0, 0, 0, 0, 0, 0, 0, 0.3721813839673207, 0.09247382687045816, 0.4525262233904306, 0.05428855933585975, 1, 0, 0], [0, 0, 0, 1, 0, 0, 0, 0, 0, 0, 0, 0.4926986431019856, 0.09247382687045816, 0.5730434825250955, 0.05428855933585975, 1, 0, 0], [0, 0, 0, 1, 0, 0, 0, 0, 0, 0, 0, 0.6132159022366505, 0.09247382687045816, 0.6935607416597604, 0.05428855933585975, 1, 0, 0], [0, 0, 0, 1, 0, 0, 0, 0, 0, 0, 0, 0.3742221252347723, 0.18786218204192362, 0.4545669646578822, 0.1496769145073252, 1, 0, 0], [0, 0, 0, 1, 0, 0, 0, 0, 0, 0, 0, 0.494739445667685, 0.18786218204192362, 0.575084285090795, 0.1496769145073252, 1, 0, 0], [0, 0, 0, 1, 0, 0, 0, 0, 0, 0, 0, 0.61525670480235, 0.18786218204192362, 0.6956015442254598, 0.1496769145073252, 1, 0, 0], [0, 0, 0, 1, 0, 0, 0, 0, 0, 0, 0, 0.4913207197885456, 0.47353926901688786, 0.5716655592116555, 0.4353540597483837, 1, 0, 0], [0, 0, 0, 1, 0, 0, 0, 0, 0, 0, 0, 0.6118379789232105, 0.47353926901688786, 0.6921828183463203, 0.4353540597483837, 1, 0, 0], [0, 0, 0, 1, 0, 0, 0, 0, 0, 0, 0, 0.6120589591067129, 0.37806468002591676, 0.6924037985298228, 0.33987941249131837, 1, 0, 0], [0, 0, 0, 1, 0, 0, 0, 0, 0, 0, 0, 0.6130552395290333, 0.5692029897498287, 0.6934000789521433, 0.5310177222152302, 1, 0, 0], [0, 0, 0, 1, 0, 0, 0, 0, 0, 0, 0, 0.6121915472168143, 0.6655023935711523, 0.6925363866399243, 0.6273171260365538, 1, 0, 0], [0, 0, 0, 1, 0, 0, 0, 0, 0, 0, 0, 0.6116090299674874, 0.9526860669454117, 0.6919538693905973, 0.9145007994108133, 1, 0, 0], [0, 0, 0, 0, 0, 0, 0, 0, 0, 0, 1, 0, 0, 0, 0, 0, 0, 0]], "edges": [[0, 14], [1, 14], [2, 14], [3, 14], [4, 14], [5, 14], [6, 14], [7, 14], [8, 14], [9, 14], [10, 14], [11, 14], [12, 14], [13, 14]], "splition": "test", "label": 15}