{"nodeNames": ["path36", "path37", "path38", "path39", "path40", "path41", "path42", "path43", "g0", "svg0"], "nodes": [[0, 0, 0, 0, 0, 0, 1, 0, 0, 0, 0, 0.2443808854183279, 0.4569288041856554, 0.278675272395547, 0.3361178249782986, 1, 0, 0], [0, 0, 0, 0, 0, 0, 1, 0, 0, 0, 0, 0.3199190980710744, 0.6077666727701823, 0.354213532686293, 0.4672467041015625, 1, 0, 0], [0, 0, 0, 0, 0, 0, 1, 0, 0, 0, 0, 0.4013302405669139, 0.7539710998535156, 0.4356242537690599, 0.6134511311848958, 1, 0, 0], [0, 0, 0, 0, 0, 0, 1, 0, 0, 0, 0, 0.47686933269042064, 0.6735977172851563, 0.5111633458925666, 0.5027688259548612, 1, 0, 0], [0, 0, 0, 0, 0, 0, 1, 0, 0, 0, 0, 0.5582795957154999, 0.6484376525878907, 0.5925736089176459, 0.5354600016276042, 1, 0, 0], [0, 0, 0, 0, 0, 0, 1, 0, 0, 0, 0, 0.6367505501969076, 0.820093282063802, 0.6710483158076309, 0.6701687961154514, 1, 0, 0], [0, 0, 0, 0, 0, 0, 1, 0, 0, 0, 0, 0.714368359409446, 0.861606682671441, 0.748662372611592, 0.7116800265842014, 1, 0, 0], [0, 0, 0, 0, 0, 0, 1, 0, 0, 0, 0, 0.7907642319476313, 0.9135977003309462, 0.8250620928343537, 0.7424554443359375, 1, 0, 0], [0, 0, 0, 0, 0, 0, 0, 0, 0, 0, 1, 0, 0, 0, 0, 0, 0, 0], [0, 0, 0, 0, 0, 0, 0, 0, 0, 0, 1, 0, 0, 0, 0, 0, 0, 0]], "edges": [[0, 8], [8, 9], [1, 8], [2, 8], [3, 8], [4, 8], [5, 8], [6, 8], [7, 8]], "splition": "training", "label": 16}