{"nodeNames": ["path18", "path19", "path20", "path22", "path23", "path24", "path26", "path27", "path28", "path29", "path30", "path31", "g1", "g0", "svg0"], "nodes": [[0, 0, 0, 0, 0, 0, 1, 0, 0, 0, 0, 0.15826893682065218, 0.8884556510231711, 0.17578337296195654, 0.8164973903346706, 1, 0, 0], [0, 0, 0, 0, 0, 0, 1, 0, 0, 0, 0, 0.19552267323369565, 0.8120969800457029, 0.21275900135869566, 0.7912027419931472, 1, 0, 0], [0, 0, 0, 0, 0, 0, 1, 0, 0, 0, 0, 0.24389860733695654, 0.7206606185406959, 0.2614109205163043, 0.7102920194808623, 1, 0, 0], [0, 0, 0, 0, 0, 0, 1, 0, 0, 0, 0, 0.28115022078804347, 0.7154753588927173, 0.2983865489130435, 0.6344089742374655, 1, 0, 0], [0, 0, 0, 0, 0, 0, 1, 0, 0, 0, 0, 0.31813009510869567, 0.6757271506569602, 0.33536430027173914, 0.6494913312082502, 1, 0, 0], [0, 0, 0, 0, 0, 0, 1, 0, 0, 0, 0, 0.3667777683423913, 0.5588401330483926, 0.38401197350543476, 0.5483155121674409, 1, 0, 0], [0, 0, 0, 0, 0, 0, 1, 0, 0, 0, 0, 0.4037533967391304, 0.5492565028497569, 0.42098760190217394, 0.5230205638988598, 1, 0, 0], [0, 0, 0, 0, 0, 0, 1, 0, 0, 0, 0, 0.44072693534519364, 0.5385747811132333, 0.45824349444845447, 0.4926988381425637, 1, 0, 0], [0, 0, 0, 0, 0, 0, 1, 0, 0, 0, 0, 0.48938097746475884, 0.3572728182818439, 0.5068975365680197, 0.3258514404296875, 1, 0, 0], [0, 0, 0, 0, 0, 0, 1, 0, 0, 0, 0, 0.5263481140136719, 0.34187605574324326, 0.5438625501549762, 0.28028993348817566, 1, 0, 0], [0, 0, 0, 0, 0, 0, 1, 0, 0, 0, 0, 0.5636103422745414, 0.26614986766468396, 0.580844547437585, 0.19938082308382601, 1, 0, 0], [0, 0, 0, 0, 0, 0, 1, 0, 0, 0, 0, 0.6005859706712806, 0.1996941343865172, 0.6178222987962806, 0.1893256560004607, 1, 0, 0], [0, 0, 0, 0, 0, 0, 0, 0, 0, 0, 1, 0, 0, 0, 0, 0, 0, 0], [0, 0, 0, 0, 0, 0, 0, 0, 0, 0, 1, 0, 0, 0, 0, 0, 0, 0], [0, 0, 0, 0, 0, 0, 0, 0, 0, 0, 1, 0, 0, 0, 0, 0, 0, 0]], "edges": [[0, 12], [12, 13], [13, 14], [1, 12], [2, 12], [3, 12], [4, 12], [5, 12], [6, 12], [7, 12], [8, 12], [9, 12], [10, 12], [11, 12]], "splition": "training", "label": 16}