{"nodeNames": ["polygon0", "polygon1", "polygon2", "polygon3", "polygon4", "polygon5", "polygon6", "polygon7", "g0", "svg0"], "nodes": [[0, 0, 0, 0, 0, 1, 0, 0, 0, 0, 0, 0.8405403177523059, 0.4300435631476455, 0.9068001770111153, 0.10489752759587928, 0, 0, 0], [0, 0, 0, 0, 0, 1, 0, 0, 0, 0, 0, 0.7607151436297235, 0.517707145667901, 0.8269730048915533, 0.3637336795851033, 0, 0, 0], [0, 0, 0, 0, 0, 1, 0, 0, 0, 0, 0, 0.6808880285957895, 0.6414723152034628, 0.7471459469432473, 0.44193577273506945, 0, 0, 0], [0, 0, 0, 0, 0, 1, 0, 0, 0, 0, 0, 0.6010609706474834, 0.8298696857752575, 0.6673207157350368, 0.3482950274445308, 0, 0, 0], [0, 0, 0, 0, 0, 1, 0, 0, 0, 0, 0, 0.521235739439273, 0.44068683217467636, 0.5874936577867308, 0.20512622939137717, 0, 0, 0], [0, 0, 0, 0, 0, 1, 0, 0, 0, 0, 0, 0.441408681490967, 0.9557735201898919, 0.5076665427527969, 0.6488416478321848, 0, 0, 0], [0, 0, 0, 0, 0, 1, 0, 0, 0, 0, 0, 0.361581623542661, 0.6837046206701712, 0.4278413686302144, 0.27081617524644586, 0, 0, 0], [0, 0, 0, 0, 0, 1, 0, 0, 0, 0, 0, 0.28175639233445054, 0.8618628700471198, 0.3480142821390944, 0.43364944152397866, 0, 0, 0], [0, 0, 0, 0, 0, 0, 0, 0, 0, 0, 1, 0, 0, 0, 0, 0, 0, 0], [0, 0, 0, 0, 0, 0, 0, 0, 0, 0, 1, 0, 0, 0, 0, 0, 0, 0]], "edges": [[0, 8], [8, 9], [1, 8], [2, 8], [3, 8], [4, 8], [5, 8], [6, 8], [7, 8]], "splition": "test", "label": 16}