{"nodeNames": ["path8", "path9", "path10", "svg0"], "nodes": [[0, 0, 0, 0, 0, 0, 1, 0, 0, 0, 0, 0.061464493360508486, 0.39533561445725257, 0.2184858157441138, 0.001703577468493136, 1, 0, 0], [0, 0, 0, 0, 0, 0, 1, 0, 0, 0, 0, 0.3414148024651308, 0.5967989088952317, 0.4984361248487361, 0.39533556246819407, 1, 0, 0], [0, 0, 0, 0, 0, 0, 1, 0, 0, 0, 0, 0.621365111569753, 1.0, 0.7783863557972135, 0.5967989868788195, 1, 0, 0], [0, 0, 0, 0, 0, 0, 0, 0, 0, 0, 1, 0, 0, 0, 0, 0, 0, 0]], "edges": [[0, 3], [1, 3], [2, 3]], "splition": "training", "label": 16}