{"nodeNames": ["path8", "path9", "path10", "path11", "path12", "path13", "path14", "path15", "path16", "path17", "path18", "path19", "path20", "path21", "path22", "svg0"], "nodes": [[0, 0, 0, 0, 0, 0, 1, 0, 0, 0, 0, 0.061464493360508486, 0.4654547913155293, 0.2184858157441138, 0.18909709900273808, 1, 0, 0], [0, 0, 0, 0, 0, 0, 1, 0, 0, 0, 0, 0.061464493360508486, 0.6067102849668464, 0.2184858157441138, 0.46545476532100005, 1, 0, 0], [0, 0, 0, 0, 0, 0, 1, 0, 0, 0, 0, 0.061464493360508486, 0.8894156593591626, 0.2184858157441138, 0.6067103889449634, 1, 0, 0], [0, 0, 0, 0, 0, 0, 1, 0, 0, 0, 0, 0.3414148024651308, 0.4654547913155293, 0.4984361248487361, 0.18909709900273808, 1, 0, 0], [0, 0, 0, 0, 0, 0, 1, 0, 0, 0, 0, 0.3414148024651308, 0.6067102849668464, 0.4984361248487361, 0.46545476532100005, 1, 0, 0], [0, 0, 0, 0, 0, 0, 1, 0, 0, 0, 0, 0.3414148024651308, 0.7480629851602691, 0.4984361248487361, 0.6067103889449634, 1, 0, 0], [0, 0, 0, 0, 0, 0, 1, 0, 0, 0, 0, 0.3414148024651308, 1.0, 0.4984361248487361, 0.7480613605021914, 1, 0, 0], [0, 0, 0, 0, 0, 0, 1, 0, 0, 0, 0, 0.621365111569753, 0.21980407247451517, 0.7783863557972135, 0.2026797084339224, 1, 0, 0], [0, 0, 0, 0, 0, 0, 1, 0, 0, 0, 0, 0.621365111569753, 0.3533202149342054, 0.7783863557972135, 0.21980407247451517, 1, 0, 0], [0, 0, 0, 0, 0, 0, 1, 0, 0, 0, 0, 0.621365111569753, 0.4110816965683036, 0.7783863557972135, 0.35351442006218253, 1, 0, 0], [0, 0, 0, 0, 0, 0, 1, 0, 0, 0, 0, 0.621365111569753, 0.5780715532170531, 0.7783863557972135, 0.41108003291843204, 1, 0, 0], [0, 0, 0, 0, 0, 0, 1, 0, 0, 0, 0, 0.621365111569753, 0.5818364318682219, 0.7783863557972135, 0.5767256994627424, 1, 0, 0], [0, 0, 0, 0, 0, 0, 1, 0, 0, 0, 0, 0.621365111569753, 0.6067086001964198, 0.7783863557972135, 0.5811669167730298, 1, 0, 0], [0, 0, 0, 0, 0, 0, 1, 0, 0, 0, 0, 0.621365111569753, 0.6123203410044229, 0.7783863557972135, 0.606805840856345, 1, 0, 0], [0, 0, 0, 0, 0, 0, 1, 0, 0, 0, 0, 0.621365111569753, 0.8893168021644501, 0.7783863557972135, 0.6124173318731686, 1, 0, 0], [0, 0, 0, 0, 0, 0, 0, 0, 0, 0, 1, 0, 0, 0, 0, 0, 0, 0]], "edges": [[0, 15], [1, 15], [2, 15], [3, 15], [4, 15], [5, 15], [6, 15], [7, 15], [8, 15], [9, 15], [10, 15], [11, 15], [12, 15], [13, 15], [14, 15]], "splition": "training", "label": 16}