{"nodeNames": ["rect3", "rect4", "rect5", "rect6", "rect7", "rect8", "rect9", "rect10", "rect11", "rect12", "rect13", "rect14", "rect15", "rect16", "rect17", "g1", "svg0"], "nodes": [[0, 0, 1, 0, 0, 0, 0, 0, 0, 0, 0, 0.24161829267229354, 0.2668839600582643, 0.24756697246006557, 0.20967451852521138, 0, 0, 1], [0, 0, 1, 0, 0, 0, 0, 0, 0, 0, 0, 0.19698660714285715, 0.25857100760612434, 0.20293526990073069, 0.20967451852521138, 0, 0, 1], [0, 0, 1, 0, 0, 0, 0, 0, 0, 0, 0, 0.152366076196943, 0.25857100760612434, 0.15831473895481654, 0.20967451852521138, 0, 0, 1], [0, 0, 1, 0, 0, 0, 0, 0, 0, 0, 0, 0.10773437363760811, 0.2797950172766899, 0.11368303639548165, 0.20967451852521138, 0, 0, 1], [0, 0, 1, 0, 0, 0, 0, 0, 0, 0, 0, 0.06310267959322248, 0.273332472579073, 0.06905134235109602, 0.20967451852521138, 0, 0, 1], [0, 0, 1, 0, 0, 0, 0, 0, 0, 0, 0, 0.23565847533089773, 0.25212249508531565, 0.24160712105887278, 0.20967451852521138, 0, 0, 1], [0, 0, 1, 0, 0, 0, 0, 0, 0, 0, 0, 0.19103794438498362, 0.2678091853260393, 0.19698660714285715, 0.20967451852521138, 0, 0, 1], [0, 0, 1, 0, 0, 0, 0, 0, 0, 0, 0, 0.1464062418256487, 0.273332472579073, 0.15235490458352224, 0.20967451852521138, 0, 0, 1], [0, 0, 1, 0, 0, 0, 0, 0, 0, 0, 0, 0.10178571087973458, 0.2917948386231217, 0.10773437363760811, 0.20967451852521138, 0, 0, 1], [0, 0, 1, 0, 0, 0, 0, 0, 0, 0, 0, 0.057154016835348945, 0.3010189841662286, 0.06310267959322248, 0.20967451852521138, 0, 0, 1], [0, 0, 1, 0, 0, 0, 0, 0, 0, 0, 0, 0.22970982960292272, 0.24288431736540061, 0.23565850939069474, 0.20967451852521138, 0, 0, 1], [0, 0, 1, 0, 0, 0, 0, 0, 0, 0, 0, 0.18508928162711008, 0.2576597717341306, 0.19103794438498362, 0.20967451852521138, 0, 0, 1], [0, 0, 1, 0, 0, 0, 0, 0, 0, 0, 0, 0.1404575960976737, 0.2797950172766899, 0.1464062418256487, 0.20967451852521138, 0, 0, 1], [0, 0, 1, 0, 0, 0, 0, 0, 0, 0, 0, 0.09583704812186104, 0.30839267917378543, 0.1017857279096331, 0.20967451852521138, 0, 0, 1], [0, 0, 1, 0, 0, 0, 0, 0, 0, 0, 0, 0.05120536259242466, 0.3720647081854821, 0.057154016835348945, 0.20967451852521138, 0, 0, 1], [0, 0, 0, 0, 0, 0, 0, 0, 0, 0, 1, 0, 0, 0, 0, 0, 0, 0], [0, 0, 0, 0, 0, 0, 0, 0, 0, 0, 1, 0, 0, 0, 0, 0, 0, 0]], "edges": [[0, 15], [15, 16], [1, 15], [2, 15], [3, 15], [4, 15], [5, 15], [6, 15], [7, 15], [8, 15], [9, 15], [10, 15], [11, 15], [12, 15], [13, 15], [14, 15]], "splition": "test", "label": 18}