{"nodeNames": ["path34", "path35", "path36", "path37", "path38", "path39", "path40", "path41", "path42", "path43", "path44", "path45", "path46", "path47", "path48", "path49", "g4", "svg0"], "nodes": [[0, 0, 0, 0, 0, 0, 1, 0, 0, 0, 0, 0.5434943557228741, 0.2018123537238473, 0.7535316438923095, 0.04360340500691298, 0, 0, 1], [0, 0, 0, 0, 0, 0, 1, 0, 0, 0, 0, 0.6026022531729205, 0.26140726248084356, 0.6973977922063778, 0.19861405948077693, 0, 0, 1], [0, 0, 0, 0, 0, 0, 1, 0, 0, 0, 0, 0.6382899514804542, 0.2798507462686567, 0.7007434944237918, 0.2582089682377732, 0, 0, 1], [0, 0, 0, 0, 0, 0, 1, 0, 0, 0, 0, 0.37992563921279626, 0.33955223880597013, 0.6382899514804542, 0.27665245202558636, 0, 0, 1], [0, 0, 0, 0, 0, 0, 1, 0, 0, 0, 0, 0.3799255824886733, 0.3579957225937833, 0.47620814440418796, 0.3363539445628998, 0, 0, 1], [0, 0, 0, 0, 0, 0, 1, 0, 0, 0, 0, 0.335687743686832, 0.41759056628131663, 0.38513013421381276, 0.35479742835071293, 0, 0, 1], [0, 0, 0, 0, 0, 0, 1, 0, 0, 0, 0, 0.335687743686832, 0.43603411513859275, 0.38698887027329226, 0.41439233710770923, 0, 0, 1], [0, 0, 0, 0, 0, 0, 1, 0, 0, 0, 0, 0.19739776384431634, 0.49562895882612606, 0.335687743686832, 0.43283582089552236, 0, 0, 1], [0, 0, 0, 0, 0, 0, 1, 0, 0, 0, 0, 0.24460967677233386, 0.5530916714210754, 0.3539033911042054, 0.49243072965251866, 0, 0, 1], [0, 0, 0, 0, 0, 0, 1, 0, 0, 0, 0, 0.2895910553772653, 0.5736673513709355, 0.335687743686832, 0.549893377178005, 0, 0, 1], [0, 0, 0, 0, 0, 0, 1, 0, 0, 0, 0, 0.30817841597206086, 0.6311300639658849, 0.36022302563748837, 0.5704690571278651, 0, 0, 1], [0, 0, 0, 0, 0, 0, 1, 0, 0, 0, 0, 0.12565056896564242, 0.7297440713910914, 0.30817841597206086, 0.6279317697228145, 0, 0, 1], [0, 0, 0, 0, 0, 0, 1, 0, 0, 0, 0, 0.12565056896564242, 0.7482942690981477, 0.19107804422484898, 0.726545842217484, 0, 0, 1], [0, 0, 0, 0, 0, 0, 1, 0, 0, 0, 0, 0.10074348875137953, 0.8469082114538913, 0.18401486988847585, 0.7450959748550773, 0, 0, 1], [0, 0, 0, 0, 0, 0, 1, 0, 0, 0, 0, 0.13605947388149106, 0.9043710541877665, 0.17657992565055763, 0.8437100473497468, 0, 0, 1], [0, 0, 0, 0, 0, 0, 1, 0, 0, 0, 0, 0.06133828996282528, 0.9639658328058369, 0.14089219898096247, 0.9011727599446961, 0, 0, 1], [0, 0, 0, 0, 0, 0, 0, 0, 0, 0, 1, 0, 0, 0, 0, 0, 0, 0], [0, 0, 0, 0, 0, 0, 0, 0, 0, 0, 1, 0, 0, 0, 0, 0, 0, 0]], "edges": [[0, 16], [16, 17], [1, 16], [2, 16], [3, 16], [4, 16], [5, 16], [6, 16], [7, 16], [8, 16], [9, 16], [10, 16], [11, 16], [12, 16], [13, 16], [14, 16], [15, 16]], "splition": "training", "label": 20}