{"nodeNames": ["path37", "path38", "path39", "path40", "path41", "path42", "path43", "path44", "path45", "path46", "path47", "path48", "path49", "path50", "path51", "path52", "g4", "svg0"], "nodes": [[0, 0, 0, 0, 0, 0, 1, 0, 0, 0, 0, 0.5111524163568774, 0.14423076923076922, 0.7286245353159851, 0.039519236637995794, 0, 1, 1], [0, 0, 0, 0, 0, 0, 1, 0, 0, 0, 0, 0.7122675672339684, 0.16240384028508112, 0.724907063197026, 0.14134615384615384, 0, 1, 1], [0, 0, 0, 0, 0, 0, 1, 0, 0, 0, 0, 0.7122675672339684, 0.17855770404522237, 0.7535316438923095, 0.15951922490046574, 0, 1, 1], [0, 0, 0, 0, 0, 0, 1, 0, 0, 0, 0, 0.7022305173058492, 0.2309615501990685, 0.7289963052175302, 0.17567308866060696, 0, 1, 1], [0, 0, 0, 0, 0, 0, 1, 0, 0, 0, 0, 0.7100371747211895, 0.24711538461538463, 0.7431227673385223, 0.22807693481445312, 0, 1, 1], [0, 0, 0, 0, 0, 0, 1, 0, 0, 0, 0, 0.6070632650949698, 0.36798072228064904, 0.7371746758102927, 0.24423076923076922, 0, 1, 1], [0, 0, 0, 0, 0, 0, 1, 0, 0, 0, 0, 0.630855007242536, 0.45269229595477767, 0.6780668918084921, 0.3650961655836839, 0, 1, 1], [0, 0, 0, 0, 0, 0, 1, 0, 0, 0, 0, 0.6434943897573479, 0.47076920729417066, 0.6739776497879879, 0.44980768057016224, 0, 1, 1], [0, 0, 0, 0, 0, 0, 1, 0, 0, 0, 0, 0.6434944464814707, 0.48701923076923076, 0.7026022304832714, 0.4678845919095553, 0, 1, 1], [0, 0, 0, 0, 0, 0, 1, 0, 0, 0, 0, 0.3806691222917635, 0.6078845684344952, 0.6434944464814707, 0.4841346153846154, 0, 1, 1], [0, 0, 0, 0, 0, 0, 1, 0, 0, 0, 0, 0.43308550185873607, 0.6240384615384615, 0.47657991430573304, 0.60500001173753, 0, 1, 1], [0, 0, 0, 0, 0, 0, 1, 0, 0, 0, 0, 0.33977692898321327, 0.6764423076923077, 0.43308550185873607, 0.6211538461538462, 0, 1, 1], [0, 0, 0, 0, 0, 0, 1, 0, 0, 0, 0, 0.33977692898321327, 0.6925961421086237, 0.389219319510194, 0.6735576923076924, 0, 1, 1], [0, 0, 0, 0, 0, 0, 1, 0, 0, 0, 0, 0.20483270808223455, 0.7792306753305288, 0.3550185873605948, 0.6897115267240084, 0, 1, 1], [0, 0, 0, 0, 0, 0, 1, 0, 0, 0, 0, 0.30855018587360594, 0.8297115619365986, 0.3572490933216194, 0.7763461773212139, 0, 1, 1], [0, 0, 0, 0, 0, 0, 1, 0, 0, 0, 0, 0.06133828996282528, 0.9676922137920673, 0.30855018587360594, 0.8268269465519832, 0, 1, 1], [0, 0, 0, 0, 0, 0, 0, 0, 0, 0, 1, 0, 0, 0, 0, 0, 0, 0], [0, 0, 0, 0, 0, 0, 0, 0, 0, 0, 1, 0, 0, 0, 0, 0, 0, 0]], "edges": [[0, 16], [16, 17], [1, 16], [2, 16], [3, 16], [4, 16], [5, 16], [6, 16], [7, 16], [8, 16], [9, 16], [10, 16], [11, 16], [12, 16], [13, 16], [14, 16], [15, 16]], "splition": "test", "label": 20}