{"nodeNames": ["path16", "path17", "path18", "path19", "g1", "g0", "svg0"], "nodes": [[0, 0, 0, 0, 0, 0, 1, 0, 0, 0, 0, 0.170584086240731, 0.9854474731783994, 0.5874217169126394, 0.08334005553898645, 0, 1, 1], [0, 0, 0, 0, 0, 0, 1, 0, 0, 0, 0, 0.29717416881861025, 0.9854478432080684, 0.5061906123598326, 0.08334005553898645, 0, 1, 1], [0, 0, 0, 0, 0, 0, 1, 0, 0, 0, 0, 0.4173635107495312, 0.9854479665512914, 0.606273288468129, 0.08334005553898645, 0, 1, 1], [0, 0, 0, 0, 0, 0, 1, 0, 0, 0, 0, 0.37494373658900754, 0.9854474731783994, 0.7760556893168279, 0.08334005553898645, 0, 1, 1], [0, 0, 0, 0, 0, 0, 0, 0, 0, 0, 1, 0, 0, 0, 0, 0, 0, 0], [0, 0, 0, 0, 0, 0, 0, 0, 0, 0, 1, 0, 0, 0, 0, 0, 0, 0], [0, 0, 0, 0, 0, 0, 0, 0, 0, 0, 1, 0, 0, 0, 0, 0, 0, 0]], "edges": [[0, 4], [4, 5], [5, 6], [1, 4], [2, 4], [3, 4]], "splition": "training", "label": 21}