{"nodeNames": ["path24", "path25", "path26", "path27", "path28", "path29", "path30", "path31", "path32", "path33", "path34", "path35", "path36", "path37", "path38", "path39", "path40", "path41", "path42", "path43", "svg0"], "nodes": [[0, 0, 0, 0, 0, 0, 1, 0, 0, 0, 0, 0.776, 0.16, 0.92, 0.08888888888888889, 1, 0, 0], [0, 0, 0, 0, 0, 0, 1, 0, 0, 0, 0, 0.456, 0.16, 0.776, 0.08888888888888889, 1, 0, 0], [0, 0, 0, 0, 0, 0, 1, 0, 0, 0, 0, 0.434, 0.16, 0.456, 0.08888888888888889, 1, 0, 0], [0, 0, 0, 0, 0, 0, 1, 0, 0, 0, 0, 0.092, 0.16, 0.434, 0.08888888888888889, 1, 0, 0], [0, 0, 0, 0, 0, 0, 1, 0, 0, 0, 0, 0.898, 0.3333333333333333, 0.92, 0.16333333333333333, 1, 0, 0], [0, 0, 0, 0, 0, 0, 1, 0, 0, 0, 0, 0.744, 0.3333333333333333, 0.898, 0.16333333333333333, 1, 0, 0], [0, 0, 0, 0, 0, 0, 1, 0, 0, 0, 0, 0.666, 0.3333333333333333, 0.744, 0.16333333333333333, 1, 0, 0], [0, 0, 0, 0, 0, 0, 1, 0, 0, 0, 0, 0.588, 0.3333333333333333, 0.666, 0.16333333333333333, 1, 0, 0], [0, 0, 0, 0, 0, 0, 1, 0, 0, 0, 0, 0.754, 0.47888888888888886, 0.92, 0.33666666666666667, 1, 0, 0], [0, 0, 0, 0, 0, 0, 1, 0, 0, 0, 0, 0.722, 0.47888888888888886, 0.754, 0.33666666666666667, 1, 0, 0], [0, 0, 0, 0, 0, 0, 1, 0, 0, 0, 0, 0.632, 0.47888888888888886, 0.722, 0.33666666666666667, 1, 0, 0], [0, 0, 0, 0, 0, 0, 1, 0, 0, 0, 0, 0.622, 0.47888888888888886, 0.632, 0.33666666666666667, 1, 0, 0], [0, 0, 0, 0, 0, 0, 1, 0, 0, 0, 0, 0.798, 0.6377777777777778, 0.92, 0.4822222222222222, 1, 0, 0], [0, 0, 0, 0, 0, 0, 1, 0, 0, 0, 0, 0.488, 0.6377777777777778, 0.798, 0.4822222222222222, 1, 0, 0], [0, 0, 0, 0, 0, 0, 1, 0, 0, 0, 0, 0.422, 0.6377777777777778, 0.488, 0.4822222222222222, 1, 0, 0], [0, 0, 0, 0, 0, 0, 1, 0, 0, 0, 0, 0.18, 0.6377777777777778, 0.422, 0.4822222222222222, 1, 0, 0], [0, 0, 0, 0, 0, 0, 1, 0, 0, 0, 0, 0.798, 0.9111111111111111, 0.92, 0.6411111111111111, 1, 0, 0], [0, 0, 0, 0, 0, 0, 1, 0, 0, 0, 0, 0.654, 0.9111111111111111, 0.798, 0.6411111111111111, 1, 0, 0], [0, 0, 0, 0, 0, 0, 1, 0, 0, 0, 0, 0.302, 0.9111111111111111, 0.654, 0.6411111111111111, 1, 0, 0], [0, 0, 0, 0, 0, 0, 1, 0, 0, 0, 0, 0.08, 0.9111111111111111, 0.302, 0.6411111111111111, 1, 0, 0], [0, 0, 0, 0, 0, 0, 0, 0, 0, 0, 1, 0, 0, 0, 0, 0, 0, 0]], "edges": [[0, 20], [1, 20], [2, 20], [3, 20], [4, 20], [5, 20], [6, 20], [7, 20], [8, 20], [9, 20], [10, 20], [11, 20], [12, 20], [13, 20], [14, 20], [15, 20], [16, 20], [17, 20], [18, 20], [19, 20]], "splition": "training", "label": 22}