{"nodeNames": ["path5", "path6", "path7", "path8", "path9", "path10", "path11", "path12", "path13", "g6", "g4", "g0", "svg0"], "nodes": [[0, 0, 0, 0, 0, 0, 1, 0, 0, 0, 0, 0.2567470568819719, 0.9338843605735085, 0.5642627859433437, 0.4168465354225852, 1, 0, 0], [0, 0, 0, 0, 0, 0, 1, 0, 0, 0, 0, 0.34056269063850597, 0.23950653076171874, 0.9944430396695614, 0.09090909090909091, 1, 0, 0], [0, 0, 0, 0, 0, 0, 1, 0, 0, 0, 0, 0.3189083656913752, 0.40858195911754264, 0.9505914034817888, 0.24777110706676136, 1, 0, 0], [0, 0, 0, 0, 0, 0, 1, 0, 0, 0, 0, 0.5714950768878546, 0.9338843605735085, 0.7822003436121177, 0.4168465354225852, 1, 0, 0], [0, 0, 0, 0, 0, 0, 1, 0, 0, 0, 0, 0.7894326345566286, 0.9338843605735085, 0.9944430396695614, 0.4168465354225852, 1, 0, 0], [0, 0, 0, 0, 0, 0, 1, 0, 0, 0, 0, 0.9578236944262997, 0.40858195911754264, 0.9944430396695614, 0.24777110706676136, 1, 0, 0], [0, 0, 0, 0, 0, 0, 1, 0, 0, 0, 0, 0.2567470568819719, 0.40858195911754264, 0.3116760747468644, 0.24777110706676136, 1, 0, 0], [0, 0, 0, 0, 0, 0, 1, 0, 0, 0, 0, 0.2567470568819719, 0.23950653076171874, 0.2963761946942725, 0.09090909090909091, 1, 0, 0], [0, 0, 0, 0, 0, 0, 1, 0, 0, 0, 0, 0.3036085463347697, 0.23950653076171874, 0.3333303389980088, 0.09090909090909091, 1, 0, 0], [0, 0, 0, 0, 0, 0, 0, 0, 0, 0, 1, 0, 0, 0, 0, 0, 0, 0], [0, 0, 0, 0, 0, 0, 0, 0, 0, 0, 1, 0, 0, 0, 0, 0, 0, 0], [0, 0, 0, 0, 0, 0, 0, 0, 0, 0, 1, 0, 0, 0, 0, 0, 0, 0], [0, 0, 0, 0, 0, 0, 0, 0, 0, 0, 1, 0, 0, 0, 0, 0, 0, 0]], "edges": [[0, 9], [9, 10], [10, 11], [11, 12], [1, 9], [2, 9], [3, 9], [4, 9], [5, 9], [6, 9], [7, 9], [8, 9]], "splition": "test", "label": 22}