{"nodeNames": ["rect4", "rect5", "rect6", "rect7", "g1", "svg0"], "nodes": [[0, 0, 1, 0, 0, 0, 0, 0, 0, 0, 0, 0.02003347873687744, 0.3823121331099137, 0.15916294710976736, 0.09455471111512682, 0, 0, 1], [0, 0, 1, 0, 0, 0, 0, 0, 0, 0, 0, 0.15915179252624512, 0.3823121331099137, 0.29828126089913504, 0.09455471111512682, 0, 0, 1], [0, 0, 1, 0, 0, 0, 0, 0, 0, 0, 0, 0.02003347873687744, 0.6700696406667542, 0.15916294710976736, 0.3823121331099137, 0, 0, 1], [0, 0, 1, 0, 0, 0, 0, 0, 0, 0, 0, 0.15915179252624512, 0.6700696406667542, 0.29828126089913504, 0.3823121331099137, 0, 0, 1], [0, 0, 0, 0, 0, 0, 0, 0, 0, 0, 1, 0, 0, 0, 0, 0, 0, 0], [0, 0, 0, 0, 0, 0, 0, 0, 0, 0, 1, 0, 0, 0, 0, 0, 0, 0]], "edges": [[0, 4], [4, 5], [1, 4], [2, 4], [3, 4]], "splition": "test", "label": 23}