{"nodeNames": ["path3", "path4", "path5", "path6", "path7", "circle0", "circle1", "circle2", "circle3", "circle4", "circle5", "circle6", "circle7", "circle8", "circle9", "g1", "g0", "svg0", "g2"], "nodes": [[0, 0, 0, 0, 0, 0, 1, 0, 0, 0, 0, 0.835885009765625, 0.702938232421875, 0.8459100341796875, 0.21990163167317708, 0, 1, 1], [0, 0, 0, 0, 0, 0, 1, 0, 0, 0, 0, 0.5917399597167968, 0.702938232421875, 0.6323175048828125, 0.21990163167317708, 0, 1, 1], [0, 0, 0, 0, 0, 0, 1, 0, 0, 0, 0, 0.5479524993896484, 0.702938232421875, 0.6380549621582031, 0.21990163167317708, 0, 1, 1], [0, 0, 0, 0, 0, 0, 1, 0, 0, 0, 0, 0.4143849945068359, 0.702938232421875, 0.5127700042724609, 0.21990163167317708, 0, 1, 1], [0, 0, 0, 0, 0, 0, 1, 0, 0, 0, 0, 0.06409000396728516, 0.702938232421875, 0.16236251831054688, 0.21990163167317708, 0, 1, 1], [0, 0, 0, 1, 0, 0, 0, 0, 0, 0, 0, 0.8349100494384766, 0.2272350056966146, 0.8569100189208985, 0.212568359375, 1, 1, 0], [0, 0, 0, 1, 0, 0, 0, 0, 0, 0, 0, 0.6213175201416016, 0.2272350056966146, 0.6433175659179687, 0.212568359375, 1, 1, 0], [0, 0, 0, 1, 0, 0, 0, 0, 0, 0, 0, 0.5369525146484375, 0.2272350056966146, 0.5589524841308594, 0.212568359375, 1, 1, 0], [0, 0, 0, 1, 0, 0, 0, 0, 0, 0, 0, 0.50177001953125, 0.2272350056966146, 0.5237699890136719, 0.212568359375, 1, 1, 0], [0, 0, 0, 1, 0, 0, 0, 0, 0, 0, 0, 0.15136249542236327, 0.2272350056966146, 0.17336250305175782, 0.212568359375, 1, 1, 0], [0, 0, 0, 1, 0, 0, 0, 0, 0, 0, 0, 0.8248850250244141, 0.7102716064453125, 0.846884994506836, 0.6956050618489583, 1, 1, 0], [0, 0, 0, 1, 0, 0, 0, 0, 0, 0, 0, 0.5807400512695312, 0.7102716064453125, 0.6027400207519531, 0.6956050618489583, 1, 1, 0], [0, 0, 0, 1, 0, 0, 0, 0, 0, 0, 0, 0.6270550537109375, 0.7102716064453125, 0.6490550231933594, 0.6956050618489583, 1, 1, 0], [0, 0, 0, 1, 0, 0, 0, 0, 0, 0, 0, 0.403385009765625, 0.7102716064453125, 0.42538501739501955, 0.6956050618489583, 1, 1, 0], [0, 0, 0, 1, 0, 0, 0, 0, 0, 0, 0, 0.05309000015258789, 0.7102716064453125, 0.07508998870849609, 0.6956050618489583, 1, 1, 0], [0, 0, 0, 0, 0, 0, 0, 0, 0, 0, 1, 0, 0, 0, 0, 0, 0, 0], [0, 0, 0, 0, 0, 0, 0, 0, 0, 0, 1, 0, 0, 0, 0, 0, 0, 0], [0, 0, 0, 0, 0, 0, 0, 0, 0, 0, 1, 0, 0, 0, 0, 0, 0, 0], [0, 0, 0, 0, 0, 0, 0, 0, 0, 0, 1, 0, 0, 0, 0, 0, 0, 0]], "edges": [[0, 15], [15, 16], [16, 17], [1, 15], [2, 15], [3, 15], [4, 15], [5, 18], [18, 16], [6, 18], [7, 18], [8, 18], [9, 18], [10, 18], [11, 18], [12, 18], [13, 18], [14, 18]], "splition": "training", "label": 24}