{"nodeNames": ["path6", "path7", "path8", "path9", "path10", "g1", "g0", "svg0"], "nodes": [[0, 0, 0, 0, 0, 0, 1, 0, 0, 0, 0, 0.24293038504464284, 0.7092856924874442, 0.878325689406622, 0.4999581909179687, 1, 1, 1], [0, 0, 0, 0, 0, 0, 1, 0, 0, 0, 0, 0.47171053205217633, 0.614891117640904, 0.9404762268066407, 0.2907142857142857, 1, 1, 1], [0, 0, 0, 0, 0, 0, 1, 0, 0, 0, 0, 0.27315321422758554, 0.5, 0.5916666666666667, 0.3052859933035714, 1, 1, 1], [0, 0, 0, 0, 0, 0, 1, 0, 0, 0, 0, 0.25794561476934524, 0.4999999945504325, 0.5916666666666667, 0.41939361572265627, 1, 1, 1], [0, 0, 0, 0, 0, 0, 1, 0, 0, 0, 0, 0.24294208344959078, 0.4999999945504325, 0.5916667029971168, 0.4439084734235491, 1, 1, 1], [0, 0, 0, 0, 0, 0, 0, 0, 0, 0, 1, 0, 0, 0, 0, 0, 0, 0], [0, 0, 0, 0, 0, 0, 0, 0, 0, 0, 1, 0, 0, 0, 0, 0, 0, 0], [0, 0, 0, 0, 0, 0, 0, 0, 0, 0, 1, 0, 0, 0, 0, 0, 0, 0]], "edges": [[0, 5], [5, 6], [6, 7], [1, 5], [2, 5], [3, 5], [4, 5]], "splition": "test", "label": 25}