{"nodeNames": ["path21", "path22", "path23", "path24", "path25", "path26", "path27", "path28", "g1", "g0", "svg0"], "nodes": [[0, 0, 0, 0, 0, 0, 1, 0, 0, 0, 0, 0.16832139756944445, 0.7029825316535102, 0.4952121310763889, 0.42287863625420463, 1, 1, 1], [0, 0, 0, 0, 0, 0, 1, 0, 0, 0, 0, 0.3266940646701389, 0.7400512165493436, 0.4952121310763889, 0.42287863625420463, 1, 1, 1], [0, 0, 0, 0, 0, 0, 1, 0, 0, 0, 0, 0.41610381338331437, 0.7488674057854546, 0.4952121575673421, 0.42287863625420463, 1, 1, 1], [0, 0, 0, 0, 0, 0, 1, 0, 0, 0, 0, 0.4709947639041477, 0.7497625880771213, 0.5715196662478976, 0.42287863625420463, 1, 1, 1], [0, 0, 0, 0, 0, 0, 1, 0, 0, 0, 0, 0.4952121575673421, 0.740736166636149, 0.6873508294423422, 0.42287863625420463, 1, 1, 1], [0, 0, 0, 0, 0, 0, 1, 0, 0, 0, 0, 0.4952121575673421, 0.6873371866014268, 0.7288140455881754, 0.42287863625420463, 1, 1, 1], [0, 0, 0, 0, 0, 0, 1, 0, 0, 0, 0, 0.4952121575673421, 0.6515434583028158, 0.822089327706231, 0.402147028181288, 1, 1, 1], [0, 0, 0, 0, 0, 0, 1, 0, 0, 0, 0, 0.16832139756944445, 0.4228786892361111, 0.8214382595486112, 0.09599473741319445, 1, 1, 1], [0, 0, 0, 0, 0, 0, 0, 0, 0, 0, 1, 0, 0, 0, 0, 0, 0, 0], [0, 0, 0, 0, 0, 0, 0, 0, 0, 0, 1, 0, 0, 0, 0, 0, 0, 0], [0, 0, 0, 0, 0, 0, 0, 0, 0, 0, 1, 0, 0, 0, 0, 0, 0, 0]], "edges": [[0, 8], [8, 9], [9, 10], [1, 8], [2, 8], [3, 8], [4, 8], [5, 8], [6, 8], [7, 8]], "splition": "training", "label": 25}