{"nodeNames": ["circle10", "circle11", "circle12", "circle13", "circle14", "circle15", "circle16", "circle17", "circle18", "circle19", "circle20", "circle21", "circle22", "circle23", "path2", "svg0"], "nodes": [[0, 0, 0, 1, 0, 0, 0, 0, 0, 0, 0, 0.1620258414194246, 0.45192161855608337, 0.1741323795460787, 0.4428468868890418, 1, 0, 0], [0, 0, 0, 1, 0, 0, 0, 0, 0, 0, 0, 0.16142050835538818, 0.5621796452358166, 0.17352704648204229, 0.553104913568775, 1, 0, 0], [0, 0, 0, 1, 0, 0, 0, 0, 0, 0, 0, 0.1765536810137058, 0.6672952870457153, 0.18866021914035994, 0.6582205553786737, 1, 0, 0], [0, 0, 0, 1, 0, 0, 0, 0, 0, 0, 0, 0.393260701165407, 0.6323575147398386, 0.40536723929206114, 0.6232827830727969, 1, 0, 0], [0, 0, 0, 1, 0, 0, 0, 0, 0, 0, 0, 0.4322034357523667, 0.6792436283528869, 0.4443099738790208, 0.6701688966858453, 1, 0, 0], [0, 0, 0, 1, 0, 0, 0, 0, 0, 0, 0, 0.5048426645122914, 0.6854447503797986, 0.5169492026389455, 0.6763700187127569, 1, 0, 0], [0, 0, 0, 1, 0, 0, 0, 0, 0, 0, 0, 0.6087571167660726, 0.6946706906494465, 0.6208636548927267, 0.6855959589824049, 1, 0, 0], [0, 0, 0, 1, 0, 0, 0, 0, 0, 0, 0, 0.7905569150396987, 0.6787899102321236, 0.8026634531663528, 0.669715178565082, 1, 0, 0], [0, 0, 0, 1, 0, 0, 0, 0, 0, 0, 0, 0.6396287643582257, 0.5000176779288151, 0.6517353024848798, 0.4909429462617735, 1, 0, 0], [0, 0, 0, 1, 0, 0, 0, 0, 0, 0, 0, 0.6335754952948985, 0.4054892230637983, 0.6456820334215527, 0.3964144913967567, 1, 0, 0], [0, 0, 0, 1, 0, 0, 0, 0, 0, 0, 0, 0.5167474146880938, 0.39959070286798776, 0.5288539528147479, 0.39051597120094617, 1, 0, 0], [0, 0, 0, 1, 0, 0, 0, 0, 0, 0, 0, 0.44269573184924466, 0.480809569750599, 0.45480226997589873, 0.47173483808355743, 1, 0, 0], [0, 0, 0, 1, 0, 0, 0, 0, 0, 0, 0, 0.3274818624836975, 0.4295372989066363, 0.3395884006103516, 0.42046256723959463, 1, 0, 0], [0, 0, 0, 1, 0, 0, 0, 0, 0, 0, 0, 0.6918886416228751, 0.5621796452358166, 0.7039951797495293, 0.553104913568775, 1, 0, 0], [0, 0, 0, 0, 0, 0, 1, 0, 0, 0, 0, 0.16747377741871522, 0.6901333248159257, 0.7958031554536934, 0.39505324472152276, 1, 0, 0], [0, 0, 0, 0, 0, 0, 0, 0, 0, 0, 1, 0, 0, 0, 0, 0, 0, 0]], "edges": [[0, 15], [1, 15], [2, 15], [3, 15], [4, 15], [5, 15], [6, 15], [7, 15], [8, 15], [9, 15], [10, 15], [11, 15], [12, 15], [13, 15], [14, 15]], "splition": "training", "label": 27}