{"nodeNames": ["path3", "path4", "path10", "path11", "path17", "path18", "path24", "path25", "g0", "svg0"], "nodes": [[0, 0, 0, 0, 0, 0, 1, 0, 0, 0, 0, 0.053851556242838175, 1.0, 0.7735893694508258, 0.5268835830827835, 0, 0, 0], [0, 0, 0, 0, 0, 0, 1, 0, 0, 0, 0, 0.5268087023755909, 0.9301251805874043, 1.0, 0.05385921071512898, 0, 0, 0], [0, 0, 0, 0, 0, 0, 1, 0, 0, 0, 0, 0.12151721092061979, 0.8544880007637983, 0.31608529287835774, 0.5268835830827835, 0, 0, 0], [0, 0, 0, 0, 0, 0, 1, 0, 0, 0, 0, 0.28869117604712413, 0.9325640752981585, 0.9317287632564077, 0.12223730571310801, 0, 0, 0], [0, 0, 0, 0, 0, 0, 1, 0, 0, 0, 0, 0.1891828655984014, 0.8167866104337357, 0.3788339984536141, 0.5268835830827835, 0, 0, 0], [0, 0, 0, 0, 0, 0, 1, 0, 0, 0, 0, 0.354952011091221, 0.8638548200186033, 0.8631266991077592, 0.18874135081379387, 0, 0, 0], [0, 0, 0, 0, 0, 0, 1, 0, 0, 0, 0, 0.2570826539045887, 0.6821387265722324, 0.344649952808864, 0.5268835830827835, 0, 0, 0], [0, 0, 0, 0, 0, 0, 1, 0, 0, 0, 0, 0.306017314634654, 0.7955407560116239, 0.796944498093741, 0.25688490372197287, 0, 0, 0], [0, 0, 0, 0, 0, 0, 0, 0, 0, 0, 1, 0, 0, 0, 0, 0, 0, 0], [0, 0, 0, 0, 0, 0, 0, 0, 0, 0, 1, 0, 0, 0, 0, 0, 0, 0]], "edges": [[0, 8], [8, 9], [1, 8], [2, 8], [3, 8], [4, 8], [5, 8], [6, 8], [7, 8]], "splition": "training", "label": 28}