{"nodeNames": ["path5", "path6", "path7", "path8", "svg0"], "nodes": [[0, 0, 0, 0, 0, 0, 1, 0, 0, 0, 0, 0.05032240185872582, 1.0, 1.0, 0.06661000012860632, 0, 1, 1], [0, 0, 0, 0, 0, 0, 1, 0, 0, 0, 0, 0.1179817552859912, 0.9334643223628152, 0.9323339011804082, 0.4914737497047787, 0, 1, 1], [0, 0, 0, 0, 0, 0, 1, 0, 0, 0, 0, 0.1856544473462029, 0.724693802301774, 0.24705176272063076, 0.5333050997591273, 0, 1, 1], [0, 0, 0, 0, 0, 0, 1, 0, 0, 0, 0, 0.2533071314569951, 0.5842867990544145, 0.25830943341722135, 0.5333050997591273, 0, 1, 1], [0, 0, 0, 0, 0, 0, 0, 0, 0, 0, 1, 0, 0, 0, 0, 0, 0, 0]], "edges": [[0, 4], [1, 4], [2, 4], [3, 4]], "splition": "test", "label": 28}