{"nodeNames": ["path18", "path19", "path20", "path21", "path22", "path23", "path24", "path25", "svg0"], "nodes": [[0, 0, 0, 0, 0, 0, 1, 0, 0, 0, 0, 0.4117070374365164, 0.5946149168732822, 0.5231117315220192, 0.5031618034435004, 0, 1, 1], [0, 0, 0, 0, 0, 0, 1, 0, 0, 0, 0, 0.3568349753922361, 0.6494894483123892, 0.5612757662409281, 0.5031618034435004, 0, 1, 1], [0, 0, 0, 0, 0, 0, 1, 0, 0, 0, 0, 0.3019629133479558, 0.7043603730894031, 0.6972310078762748, 0.5031618034435004, 0, 1, 1], [0, 0, 0, 0, 0, 0, 1, 0, 0, 0, 0, 0.24708966758008205, 0.7592337392992186, 0.7592352635105587, 0.2650719819470101, 0, 1, 1], [0, 0, 0, 0, 0, 0, 1, 0, 0, 0, 0, 0.1922176240314829, 0.8141057553227119, 0.7518194016587962, 0.5031618034435004, 0, 1, 1], [0, 0, 0, 0, 0, 0, 1, 0, 0, 0, 0, 0.13734556198720263, 0.8689779932946418, 0.8689792951207136, 0.19429181173771348, 0, 1, 1], [0, 0, 0, 0, 0, 0, 1, 0, 0, 0, 0, 0.08247231621932889, 0.9238500093181352, 0.9238500994586758, 0.4965532147640396, 0, 1, 1], [0, 0, 0, 0, 0, 0, 1, 0, 0, 0, 0, 0.027600263422889175, 0.9787233570322476, 0.9787246861634327, 0.24206687853864414, 0, 1, 1], [0, 0, 0, 0, 0, 0, 0, 0, 0, 0, 1, 0, 0, 0, 0, 0, 0, 0]], "edges": [[0, 8], [1, 8], [2, 8], [3, 8], [4, 8], [5, 8], [6, 8], [7, 8]], "splition": "test", "label": 28}