{"nodeNames": ["path4", "path5", "path6", "path7", "path8", "path9", "path10", "path11", "path12", "path13", "path14", "path15", "g0", "svg0"], "nodes": [[0, 0, 0, 0, 0, 0, 1, 0, 0, 0, 0, 0.67875, 0.0896168108776267, 0.81625, 0.057478368355995055, 1, 1, 0], [0, 0, 0, 0, 0, 0, 1, 0, 0, 0, 0, 0.63375, 0.1699629171817058, 0.81625, 0.13782447466007416, 1, 1, 0], [0, 0, 0, 0, 0, 0, 1, 0, 0, 0, 0, 0.58625, 0.25030902348578493, 0.77125, 0.2181705809641533, 1, 1, 0], [0, 0, 0, 0, 0, 0, 1, 0, 0, 0, 0, 0.49625, 0.32941903584672433, 0.70125, 0.2972805933250927, 1, 1, 0], [0, 0, 0, 0, 0, 0, 1, 0, 0, 0, 0, 0.40375, 0.40976514215080345, 0.63375, 0.37762669962917184, 1, 1, 0], [0, 0, 0, 0, 0, 0, 1, 0, 0, 0, 0, 0.28875, 0.4901112484548826, 0.54125, 0.4579728059332509, 1, 1, 0], [0, 0, 0, 0, 0, 0, 1, 0, 0, 0, 0, 0.24375, 0.569221260815822, 0.47375, 0.5370828182941904, 1, 1, 0], [0, 0, 0, 0, 0, 0, 1, 0, 0, 0, 0, 0.24375, 0.6489493201483313, 0.47375, 0.6168108776266996, 1, 1, 0], [0, 0, 0, 0, 0, 0, 1, 0, 0, 0, 0, 0.33625, 0.7299134734239803, 0.54125, 0.6977750309023486, 1, 1, 0], [0, 0, 0, 0, 0, 0, 1, 0, 0, 0, 0, 0.42625, 0.8090234857849197, 0.63375, 0.776885043263288, 1, 1, 0], [0, 0, 0, 0, 0, 0, 1, 0, 0, 0, 0, 0.56375, 0.8893695920889988, 0.72375, 0.8572311495673671, 1, 1, 0], [0, 0, 0, 0, 0, 0, 1, 0, 0, 0, 0, 0.63375, 0.9697156983930779, 0.79375, 0.9375772558714462, 1, 1, 0], [0, 0, 0, 0, 0, 0, 0, 0, 0, 0, 1, 0, 0, 0, 0, 0, 0, 0], [0, 0, 0, 0, 0, 0, 0, 0, 0, 0, 1, 0, 0, 0, 0, 0, 0, 0]], "edges": [[0, 12], [12, 13], [1, 12], [2, 12], [3, 12], [4, 12], [5, 12], [6, 12], [7, 12], [8, 12], [9, 12], [10, 12], [11, 12]], "splition": "test", "label": 29}