{"nodeNames": ["text0", "text1", "text2", "text3", "text4", "text5", "text6", "text7", "text8", "text9", "text10", "text11", "text12", "text13", "text14", "text15", "g0", "svg0"], "nodes": [[0, 0, 0, 0, 0, 0, 0, 0, 1, 0, 0, 0.4782608786253774, 0.20670254257405335, 0.6098104893319166, 0.11332819832227196, 0, 0, 0], [0, 0, 0, 0, 0, 0, 0, 0, 1, 0, 0, 0.31868113254267805, 0.25958829731065575, 0.45023081767196016, 0.16621395305887438, 0, 0, 0], [0, 0, 0, 0, 0, 0, 0, 0, 1, 0, 0, 0.186695642715106, 0.31247626548863167, 0.31824532784438814, 0.2191019212368503, 0, 0, 0], [0, 0, 0, 0, 0, 0, 0, 0, 1, 0, 0, 0.10512260075216982, 0.36536202022523406, 0.23667224122780617, 0.2719876759734527, 0, 0, 0], [0, 0, 0, 0, 0, 0, 0, 0, 1, 0, 0, 0.08807133818819678, 0.4182477749618365, 0.21962094889473593, 0.32487343071005514, 0, 0, 0], [0, 0, 0, 0, 0, 0, 0, 0, 1, 0, 0, 0.13848387536012421, 0.47113581230985535, 0.2700334860666634, 0.377761468058074, 0, 0, 0], [0, 0, 0, 0, 0, 0, 0, 0, 1, 0, 0, 0.24765105450179897, 0.5240214978764148, 0.3792006652083381, 0.43064715362463346, 0, 0, 0], [0, 0, 0, 0, 0, 0, 0, 0, 1, 0, 0, 0.39668783666244123, 0.5769072526130172, 0.5282374473689804, 0.48353290836123586, 0, 0, 0], [0, 0, 0, 0, 0, 0, 0, 0, 1, 0, 0, 0.559833980126508, 0.6297952899610361, 0.6913835908330471, 0.5364209457092547, 0, 0, 0], [0, 0, 0, 0, 0, 0, 0, 0, 1, 0, 0, 0.7088707027489558, 0.6826810446976385, 0.8404203878782379, 0.5893067004458571, 0, 0, 0], [0, 0, 0, 0, 0, 0, 0, 0, 1, 0, 0, 0.8180379116597278, 0.735566799434241, 0.949587522366267, 0.6421924551824596, 0, 0, 0], [0, 0, 0, 0, 0, 0, 0, 0, 1, 0, 0, 0.8684504488316552, 0.7884547676122168, 1.0, 0.6950804233604354, 0, 0, 0], [0, 0, 0, 0, 0, 0, 0, 0, 1, 0, 0, 0.8513991862676822, 0.8413405223488193, 0.9829487969742213, 0.7479661780970379, 0, 0, 0], [0, 0, 0, 0, 0, 0, 0, 0, 1, 0, 0, 0.769826144304746, 0.8942262770854217, 0.9013757550112852, 0.8008519328336403, 0, 0, 0], [0, 0, 0, 0, 0, 0, 0, 0, 1, 0, 0, 0.6378405651698824, 0.9471142452633976, 0.7693901758764216, 0.8537399010116162, 0, 0, 0], [0, 0, 0, 0, 0, 0, 0, 0, 1, 0, 0, 0.4782608786253774, 1.0, 0.6098104893319166, 0.9066256557482186, 0, 0, 0], [0, 0, 0, 0, 0, 0, 0, 0, 0, 0, 1, 0, 0, 0, 0, 0, 0, 0], [0, 0, 0, 0, 0, 0, 0, 0, 0, 0, 1, 0, 0, 0, 0, 0, 0, 0]], "edges": [[0, 16], [16, 17], [1, 16], [2, 16], [3, 16], [4, 16], [5, 16], [6, 16], [7, 16], [8, 16], [9, 16], [10, 16], [11, 16], [12, 16], [13, 16], [14, 16], [15, 16]], "splition": "training", "label": 30}