{"nodeNames": ["path52", "path53", "path54", "path55", "path56", "path57", "path58", "path59", "path60", "path61", "path62", "path63", "path64", "path65", "svg0"], "nodes": [[0, 0, 0, 0, 0, 0, 1, 0, 0, 0, 0, 0.2236395528322959, 0.542721144942091, 0.8261869270304031, 0.15094157172761896, 1, 0, 0], [0, 0, 0, 0, 0, 0, 1, 0, 0, 0, 0, 0.13493214842426746, 0.5837579641198873, 0.7657613780117294, 0.11969783827538084, 1, 0, 0], [0, 0, 0, 0, 0, 0, 1, 0, 0, 0, 0, 0.06994333241367082, 0.616652754590985, 0.9567563643623497, 0.053911467028380636, 1, 0, 0], [0, 0, 0, 0, 0, 0, 1, 0, 0, 0, 0, 0.17934957364710366, 0.5836477136373122, 0.9033604236799204, 0.0964040103460194, 1, 0, 0], [0, 0, 0, 0, 0, 0, 1, 0, 0, 0, 0, 0.07001625619283537, 0.5473056086315734, 0.38363957598926574, 0.11107680077146807, 1, 0, 0], [0, 0, 0, 0, 0, 0, 1, 0, 0, 0, 0, 0.23085935845930725, 0.6166526526958994, 0.95675626098302, 0.0539113141857523, 1, 0, 0], [0, 0, 0, 0, 0, 0, 1, 0, 0, 0, 0, 0.10598645300723027, 0.6082604715541527, 0.9480975184660294, 0.05391151797592341, 1, 0, 0], [0, 0, 0, 0, 0, 0, 1, 0, 0, 0, 0, 0.3861571934811145, 0.2836894702433744, 0.9332222460408198, 0.06313190237309578, 1, 0, 0], [0, 0, 0, 0, 0, 0, 1, 0, 0, 0, 0, 0.3901680220110307, 0.41935727433091613, 0.6363795003916836, 0.2513756346025929, 1, 0, 0], [0, 0, 0, 0, 0, 0, 1, 0, 0, 0, 0, 0.3369213404048103, 0.45221212192847454, 0.6760677347984417, 0.26593822549300916, 1, 0, 0], [0, 0, 0, 0, 0, 0, 1, 0, 0, 0, 0, 0.2680379562584688, 0.4987864295309892, 0.7429485372734587, 0.205075119094976, 1, 0, 0], [0, 0, 0, 0, 0, 0, 1, 0, 0, 0, 0, 0.1610650370114541, 0.5299516528198038, 0.8244309670879912, 0.14828715380125732, 1, 0, 0], [0, 0, 0, 0, 0, 0, 1, 0, 0, 0, 0, 0.317018958611217, 0.4903739712672162, 0.7025202722730353, 0.1783572596580238, 1, 0, 0], [0, 0, 0, 0, 0, 0, 1, 0, 0, 0, 0, 0.43914096077606285, 0.4227362172631469, 0.6381273553946477, 0.28502506007734246, 1, 0, 0], [0, 0, 0, 0, 0, 0, 0, 0, 0, 0, 1, 0, 0, 0, 0, 0, 0, 0]], "edges": [[0, 14], [1, 14], [2, 14], [3, 14], [4, 14], [5, 14], [6, 14], [7, 14], [8, 14], [9, 14], [10, 14], [11, 14], [12, 14], [13, 14]], "splition": "test", "label": 31}