{"nodeNames": ["path0", "path1", "path2", "path3", "path4", "path5", "path6", "path7", "path8", "path9", "path10", "path11", "path12", "path13", "svg0"], "nodes": [[0, 0, 0, 0, 0, 0, 1, 0, 0, 0, 0, 0.8379432200631038, 0.9877985161019394, 0.9619320988224936, 0.06859710463612427, 1, 0, 0], [0, 0, 0, 0, 0, 0, 1, 0, 0, 0, 0, 0.7275379121278586, 0.9878000861650643, 0.9215799386950169, 0.06859710463612427, 1, 0, 0], [0, 0, 0, 0, 0, 0, 1, 0, 0, 0, 0, 0.623694196113487, 0.9878000861650643, 0.8831844388575357, 0.06859710463612427, 1, 0, 0], [0, 0, 0, 0, 0, 0, 1, 0, 0, 0, 0, 0.5307901517284592, 0.9877983067601894, 0.8464018237095736, 0.06859689529437428, 1, 0, 0], [0, 0, 0, 0, 0, 0, 1, 0, 0, 0, 0, 0.40449858854632637, 0.9878000861650643, 0.8139400131564122, 0.06859710463612427, 1, 0, 0], [0, 0, 0, 0, 0, 0, 1, 0, 0, 0, 0, 0.3366906626699422, 0.9878000861650643, 0.7870015972074229, 0.06859710463612427, 1, 0, 0], [0, 0, 0, 0, 0, 0, 1, 0, 0, 0, 0, 0.28229201513711927, 0.9877985161019394, 0.7671978990713811, 0.06859710463612427, 1, 0, 0], [0, 0, 0, 0, 0, 0, 1, 0, 0, 0, 0, 0.24527833206874214, 0.9878000861650643, 0.7461277775931761, 0.06859710463612427, 1, 0, 0], [0, 0, 0, 0, 0, 0, 1, 0, 0, 0, 0, 0.20441032116286095, 0.9877985161019394, 0.7347887416488886, 0.06859710463612427, 1, 0, 0], [0, 0, 0, 0, 0, 0, 1, 0, 0, 0, 0, 0.16935548445752036, 0.9877983067601894, 0.7222389647657491, 0.06859710463612427, 1, 0, 0], [0, 0, 0, 0, 0, 0, 1, 0, 0, 0, 0, 0.13153913782778293, 0.9877983067601894, 0.7113076939028049, 0.06859710463612427, 1, 0, 0], [0, 0, 0, 0, 0, 0, 1, 0, 0, 0, 0, 0.11352008726303905, 0.9877983067601894, 0.7016353200448407, 0.06859710463612427, 1, 0, 0], [0, 0, 0, 0, 0, 0, 1, 0, 0, 0, 0, 0.09521284981228503, 0.9877983067601894, 0.6951864670336438, 0.06859689529437428, 1, 0, 0], [0, 0, 0, 0, 0, 0, 1, 0, 0, 0, 0, 0.09129937308421927, 0.9877983067601894, 0.6886843050698657, 0.06859689529437428, 1, 0, 0], [0, 0, 0, 0, 0, 0, 0, 0, 0, 0, 1, 0, 0, 0, 0, 0, 0, 0]], "edges": [[0, 14], [1, 14], [2, 14], [3, 14], [4, 14], [5, 14], [6, 14], [7, 14], [8, 14], [9, 14], [10, 14], [11, 14], [12, 14], [13, 14]], "splition": "test", "label": 32}