{"nodeNames": ["path36", "path37", "path38", "path39", "path40", "path41", "path42", "path43", "g1", "svg0"], "nodes": [[0, 0, 0, 0, 0, 0, 1, 0, 0, 0, 0, 0.5552938685021378, 0.3194820883897488, 0.9103170439514358, 0.1363262995067132, 1, 1, 1], [0, 0, 0, 0, 0, 0, 1, 0, 0, 0, 0, 0.33108843498078644, 0.3194820883897488, 0.5552938463153193, 0.1363262995067132, 1, 1, 1], [0, 0, 0, 0, 0, 0, 1, 0, 0, 0, 0, 0.5195904407593156, 0.5392554553801508, 0.9103169995777987, 0.3561064563317356, 1, 1, 1], [0, 0, 0, 0, 0, 0, 1, 0, 0, 0, 0, 0.17314380188136178, 0.5392554553801508, 0.5195904407593156, 0.3561064563317356, 1, 1, 1], [0, 0, 0, 0, 0, 0, 1, 0, 0, 0, 0, 0.8890290578127615, 0.7590355591595903, 0.9103170439514358, 0.5758797702765548, 1, 1, 1], [0, 0, 0, 0, 0, 0, 1, 0, 0, 0, 0, 0.8591645351027432, 0.7590355591595903, 0.8890290578127615, 0.5758797702765548, 1, 1, 1], [0, 0, 0, 0, 0, 0, 1, 0, 0, 0, 0, 0.7015720955606797, 0.9788157159846127, 0.9103170439514358, 0.7956599271015772, 1, 1, 1], [0, 0, 0, 0, 0, 0, 1, 0, 0, 0, 0, 0.512024913134792, 0.9788157159846127, 0.701537972233779, 0.7956599271015772, 1, 1, 1], [0, 0, 0, 0, 0, 0, 0, 0, 0, 0, 1, 0, 0, 0, 0, 0, 0, 0], [0, 0, 0, 0, 0, 0, 0, 0, 0, 0, 1, 0, 0, 0, 0, 0, 0, 0]], "edges": [[0, 8], [8, 9], [1, 8], [2, 8], [3, 8], [4, 8], [5, 8], [6, 8], [7, 8]], "splition": "training", "label": 33}