{"nodeNames": ["path28", "path29", "path30", "path31", "svg0"], "nodes": [[0, 0, 0, 0, 0, 0, 1, 0, 0, 0, 0, 0.6423777376761143, 0.9913694734818753, 0.9108341056601621, 0.029696435331181683, 1, 1, 1], [0, 0, 0, 0, 0, 0, 1, 0, 0, 0, 0, 0.6125503170624126, 0.9913694734818753, 0.9108341056601621, 0.029696435331181683, 1, 1, 1], [0, 0, 0, 0, 0, 0, 1, 0, 0, 0, 0, 0.46340838618926017, 0.9913694734818753, 0.9108341788087173, 0.029696435331181683, 1, 1, 1], [0, 0, 0, 0, 0, 0, 1, 0, 0, 0, 0, 0.2546068594326159, 0.9913694734818753, 0.9108341056601621, 0.029696435331181683, 1, 1, 1], [0, 0, 0, 0, 0, 0, 0, 0, 0, 0, 1, 0, 0, 0, 0, 0, 0, 0]], "edges": [[0, 4], [1, 4], [2, 4], [3, 4]], "splition": "test", "label": 32}