{"nodeNames": ["path115", "path116", "path117", "path118", "path119", "path120", "path121", "path122", "g7", "g1", "svg0"], "nodes": [[0, 0, 0, 0, 0, 0, 1, 0, 0, 0, 0, 0.20873480902777777, 0.9062267485119048, 0.39505208333333336, 0.21680462549603174, 1, 0, 0], [0, 0, 0, 0, 0, 0, 1, 0, 0, 0, 0, 0.3091579861111111, 0.9062267485119048, 0.39912109375, 0.21680462549603174, 1, 0, 0], [0, 0, 0, 0, 0, 0, 1, 0, 0, 0, 0, 0.3174045138888889, 0.6993970114087301, 0.39825303819444446, 0.21680462549603174, 1, 0, 0], [0, 0, 0, 0, 0, 0, 1, 0, 0, 0, 0, 0.34983723958333335, 0.9062267485119048, 0.4190755208333333, 0.21680462549603174, 1, 0, 0], [0, 0, 0, 0, 0, 0, 1, 0, 0, 0, 0, 0.43951822916666666, 0.9062267485119048, 0.57802734375, 0.21680462549603174, 1, 0, 0], [0, 0, 0, 0, 0, 0, 1, 0, 0, 0, 0, 0.43604600694444445, 0.9062267485119048, 0.4854817708333333, 0.21680462549603174, 1, 0, 0], [0, 0, 0, 0, 0, 0, 1, 0, 0, 0, 0, 0.4190755208333333, 0.6993970114087301, 0.4710611979166667, 0.21680462549603174, 1, 0, 0], [0, 0, 0, 0, 0, 0, 1, 0, 0, 0, 0, 0.4190755208333333, 0.9062267485119048, 0.4810655381944444, 0.21680462549603174, 1, 0, 0], [0, 0, 0, 0, 0, 0, 0, 0, 0, 0, 1, 0, 0, 0, 0, 0, 0, 0], [0, 0, 0, 0, 0, 0, 0, 0, 0, 0, 1, 0, 0, 0, 0, 0, 0, 0], [0, 0, 0, 0, 0, 0, 0, 0, 0, 0, 1, 0, 0, 0, 0, 0, 0, 0]], "edges": [[0, 8], [8, 9], [9, 10], [1, 9], [2, 9], [3, 9], [4, 9], [5, 9], [6, 9], [7, 9]], "splition": "test", "label": 34}