{"nodeNames": ["path31", "path32", "path33", "path34", "path35", "path36", "svg0"], "nodes": [[0, 0, 0, 0, 0, 0, 1, 0, 0, 0, 0, 0.5638375600179036, 0.9111111111111111, 0.8333333333333334, 0.08888888888888889, 1, 0, 0], [0, 0, 0, 0, 0, 0, 1, 0, 0, 0, 0, 0.46604419284396703, 0.9111111111111111, 0.7885726081000434, 0.08888888888888889, 1, 0, 0], [0, 0, 0, 0, 0, 0, 1, 0, 0, 0, 0, 0.39714228312174477, 0.9111111111111111, 0.6750030941433377, 0.08888888888888889, 1, 0, 0], [0, 0, 0, 0, 0, 0, 1, 0, 0, 0, 0, 0.2746869617038303, 0.9111111111111111, 0.5765180375840929, 0.08888888888888889, 1, 0, 0], [0, 0, 0, 0, 0, 0, 1, 0, 0, 0, 0, 0.18888888888888888, 0.9111111111111111, 0.46684913635253905, 0.08888888888888889, 1, 0, 0], [0, 0, 0, 0, 0, 0, 1, 0, 0, 0, 0, 0.16666666666666666, 0.9111111111111111, 0.3384374830457899, 0.08888888888888889, 1, 0, 0], [0, 0, 0, 0, 0, 0, 0, 0, 0, 0, 1, 0, 0, 0, 0, 0, 0, 0]], "edges": [[0, 6], [1, 6], [2, 6], [3, 6], [4, 6], [5, 6]], "splition": "training", "label": 34}