{"nodeNames": ["path31", "path32", "path33", "svg0"], "nodes": [[0, 0, 0, 0, 0, 0, 1, 0, 0, 0, 0, 0.46111111111111114, 0.8777777777777778, 0.8611111111111112, 0.06666666666666667, 1, 0, 0], [0, 0, 0, 0, 0, 0, 1, 0, 0, 0, 0, 0.2984238518608941, 0.8777777777777778, 0.6222222222222222, 0.06666666666666667, 1, 0, 0], [0, 0, 0, 0, 0, 0, 1, 0, 0, 0, 0, 0.1388888888888889, 0.8777777777777778, 0.4867513868543837, 0.06666666666666667, 1, 0, 0], [0, 0, 0, 0, 0, 0, 0, 0, 0, 0, 1, 0, 0, 0, 0, 0, 0, 0]], "edges": [[0, 3], [1, 3], [2, 3]], "splition": "test", "label": 34}