{"nodeNames": ["path0", "path1", "path2", "path3", "path4", "path5", "path6", "path7", "g0", "svg0"], "nodes": [[0, 0, 0, 0, 0, 0, 1, 0, 0, 0, 0, 0.48502491946046183, 1.0, 1.0, 0.023255813953488372, 1, 0, 0], [0, 0, 0, 0, 0, 0, 1, 0, 0, 0, 0, 0.3153898375045099, 1.0, 0.9980650450045729, 0.023255813953488372, 1, 0, 0], [0, 0, 0, 0, 0, 0, 1, 0, 0, 0, 0, 0.3133318961495125, 1.0, 0.9979941103325564, 0.023255813953488372, 1, 0, 0], [0, 0, 0, 0, 0, 0, 1, 0, 0, 0, 0, 0.3076405950275365, 1.0, 0.9373433700131824, 0.023255813953488372, 1, 0, 0], [0, 0, 0, 0, 0, 0, 1, 0, 0, 0, 0, 0.3047357689166471, 1.0, 0.8719475294673342, 0.023255813953488372, 1, 0, 0], [0, 0, 0, 0, 0, 0, 1, 0, 0, 0, 0, 0.2985405922615782, 1.0, 0.8116232710101128, 0.023255813953488372, 1, 0, 0], [0, 0, 0, 0, 0, 0, 1, 0, 0, 0, 0, 0.2913282800389909, 1.0, 0.7691488660026948, 0.023255813953488372, 1, 0, 0], [0, 0, 0, 0, 0, 0, 1, 0, 0, 0, 0, 0.04578757090807627, 1.0, 0.5201852834909676, 0.023255813953488372, 1, 0, 0], [0, 0, 0, 0, 0, 0, 0, 0, 0, 0, 1, 0, 0, 0, 0, 0, 0, 0], [0, 0, 0, 0, 0, 0, 0, 0, 0, 0, 1, 0, 0, 0, 0, 0, 0, 0]], "edges": [[0, 8], [8, 9], [1, 8], [2, 8], [3, 8], [4, 8], [5, 8], [6, 8], [7, 8]], "splition": "training", "label": 34}