{"nodeNames": ["polygon0", "polygon1", "polygon2", "polygon3", "polygon4", "polygon5", "g1", "svg0"], "nodes": [[0, 0, 0, 0, 0, 1, 0, 0, 0, 0, 0, 0.10957588468279157, 0.6609576241950322, 0.2674553394317627, 0.11259649688417225, 0, 0, 1], [0, 0, 0, 0, 0, 1, 0, 0, 0, 0, 0, 0.15392856938498362, 0.6609576241950322, 0.2676116057804653, 0.11259649688417225, 0, 0, 1], [0, 0, 0, 0, 0, 1, 0, 0, 0, 0, 0, 0.16401786463601248, 0.6609576241950322, 0.2958258901323591, 0.11259649688417225, 0, 0, 1], [0, 0, 0, 0, 0, 1, 0, 0, 0, 0, 0, 0.2641852923801967, 0.6609576241950322, 0.3081473282405308, 0.11259649688417225, 0, 0, 1], [0, 0, 0, 0, 0, 1, 0, 0, 0, 0, 0, 0.26533481052943636, 0.6609576241950322, 0.3208482265472412, 0.11259649688417225, 0, 0, 1], [0, 0, 0, 0, 0, 1, 0, 0, 0, 0, 0, 0.2658928462437221, 0.6609576241950322, 0.38963168007986887, 0.11259649688417225, 0, 0, 1], [0, 0, 0, 0, 0, 0, 0, 0, 0, 0, 1, 0, 0, 0, 0, 0, 0, 0], [0, 0, 0, 0, 0, 0, 0, 0, 0, 0, 1, 0, 0, 0, 0, 0, 0, 0]], "edges": [[0, 6], [6, 7], [1, 6], [2, 6], [3, 6], [4, 6], [5, 6]], "splition": "training", "label": 34}