{"nodeNames": ["path4", "path5", "path6", "path7", "path8", "path9", "path10", "g4", "g3", "g2", "svg0"], "nodes": [[0, 0, 0, 0, 0, 0, 1, 0, 0, 0, 0, 0.11875, 0.2575, 0.80375, 0.015833333333333335, 1, 0, 0], [0, 0, 0, 0, 0, 0, 1, 0, 0, 0, 0, 0.11875, 0.6925, 0.50125, 0.2575, 1, 0, 0], [0, 0, 0, 0, 0, 0, 1, 0, 0, 0, 0, 0.11875, 0.9825, 0.50125, 0.6925, 1, 0, 0], [0, 0, 0, 0, 0, 0, 1, 0, 0, 0, 0, 0.50125, 0.5308333333333334, 0.80375, 0.2575, 1, 0, 0], [0, 0, 0, 0, 0, 0, 1, 0, 0, 0, 0, 0.50125, 0.7108333333333333, 0.80375, 0.5308333333333334, 1, 0, 0], [0, 0, 0, 0, 0, 0, 1, 0, 0, 0, 0, 0.50125, 0.8925, 0.80375, 0.7108333333333333, 1, 0, 0], [0, 0, 0, 0, 0, 0, 1, 0, 0, 0, 0, 0.50125, 0.9825, 0.80375, 0.8925, 1, 0, 0], [0, 0, 0, 0, 0, 0, 0, 0, 0, 0, 1, 0, 0, 0, 0, 0, 0, 0], [0, 0, 0, 0, 0, 0, 0, 0, 0, 0, 1, 0, 0, 0, 0, 0, 0, 0], [0, 0, 0, 0, 0, 0, 0, 0, 0, 0, 1, 0, 0, 0, 0, 0, 0, 0], [0, 0, 0, 0, 0, 0, 0, 0, 0, 0, 1, 0, 0, 0, 0, 0, 0, 0]], "edges": [[0, 7], [7, 8], [8, 9], [9, 10], [1, 7], [2, 7], [3, 7], [4, 7], [5, 7], [6, 7]], "splition": "training", "label": 35}