{"nodeNames": ["path4", "path5", "path6", "path7", "path8", "path9", "path10", "path11", "path12", "path13", "g0", "svg0"], "nodes": [[0, 0, 0, 0, 0, 0, 1, 0, 0, 0, 0, 0.48625003814697265, 0.1446280991735537, 0.9312500381469726, 0.08323494687131051, 1, 1, 0], [0, 0, 0, 0, 0, 0, 1, 0, 0, 0, 0, 0.33375, 0.23671782762691854, 0.48625, 0.17532467532467533, 1, 1, 0], [0, 0, 0, 0, 0, 0, 1, 0, 0, 0, 0, 0.20875, 0.32880755608028334, 0.33375, 0.26741440377804016, 1, 1, 0], [0, 0, 0, 0, 0, 0, 1, 0, 0, 0, 0, 0.20875, 0.4208972485034497, 0.31625, 0.3595040962012065, 1, 1, 0], [0, 0, 0, 0, 0, 0, 1, 0, 0, 0, 0, 0.31625, 0.5118063394125406, 0.93125, 0.4504131871102974, 1, 1, 0], [0, 0, 0, 0, 0, 0, 1, 0, 0, 0, 0, 0.31625, 0.6038960678659054, 0.51125, 0.5425029155636621, 1, 1, 0], [0, 0, 0, 0, 0, 0, 1, 0, 0, 0, 0, 0.5112500381469727, 0.6959857963192703, 0.6737500381469727, 0.634592644017027, 1, 1, 0], [0, 0, 0, 0, 0, 0, 1, 0, 0, 0, 0, 0.5837500381469727, 0.788075524772635, 0.6737500381469727, 0.7266823724703918, 1, 1, 0], [0, 0, 0, 0, 0, 0, 1, 0, 0, 0, 0, 0.31625, 0.8801652532259998, 0.58375, 0.8187721009237566, 1, 1, 0], [0, 0, 0, 0, 0, 0, 1, 0, 0, 0, 0, 0.5837500381469727, 0.9722550537397616, 0.9312500381469726, 0.9108619014375184, 1, 1, 0], [0, 0, 0, 0, 0, 0, 0, 0, 0, 0, 1, 0, 0, 0, 0, 0, 0, 0], [0, 0, 0, 0, 0, 0, 0, 0, 0, 0, 1, 0, 0, 0, 0, 0, 0, 0]], "edges": [[0, 10], [10, 11], [1, 10], [2, 10], [3, 10], [4, 10], [5, 10], [6, 10], [7, 10], [8, 10], [9, 10]], "splition": "test", "label": 38}