{"nodeNames": ["path22", "path23", "path24", "path25", "path26", "path27", "path28", "path29", "path30", "path31", "path32", "path33", "g5", "svg0"], "nodes": [[0, 0, 0, 0, 0, 0, 1, 0, 0, 0, 0, 0.5739776724776371, 0.16055894932809453, 0.7386616845113194, 0.11870782333468072, 1, 1, 0], [0, 0, 0, 0, 0, 0, 1, 0, 0, 0, 0, 0.5739776724776371, 0.22045740187812715, 0.7096654048196445, 0.17860627588471334, 1, 1, 0], [0, 0, 0, 0, 0, 0, 1, 0, 0, 0, 0, 0.46059477284938427, 0.2803558544281598, 0.7100371463591282, 0.238504728434746, 1, 1, 0], [0, 0, 0, 0, 0, 0, 1, 0, 0, 0, 0, 0.46059477284938427, 0.3402543069781924, 0.5234200502416901, 0.29840318098477864, 1, 1, 0], [0, 0, 0, 0, 0, 0, 1, 0, 0, 0, 0, 0.25910779534662526, 0.40015275952822504, 0.5230483157927219, 0.35830163353481126, 1, 1, 0], [0, 0, 0, 0, 0, 0, 1, 0, 0, 0, 0, 0.25910779534662526, 0.46005125955762666, 0.4289962740192626, 0.4182001335642128, 1, 1, 0], [0, 0, 0, 0, 0, 0, 1, 0, 0, 0, 0, 0.13197026022304834, 0.5199497121076593, 0.42936802973977695, 0.4780985861142455, 1, 1, 0], [0, 0, 0, 0, 0, 0, 1, 0, 0, 0, 0, 0.13197026022304834, 0.579848164657692, 0.25464684014869887, 0.5379970386642781, 1, 1, 0], [0, 0, 0, 0, 0, 0, 1, 0, 0, 0, 0, 0.06133828996282528, 0.6397466172077245, 0.25464684014869887, 0.5978954912143107, 1, 1, 0], [0, 0, 0, 0, 0, 0, 1, 0, 0, 0, 0, 0.06133828996282528, 0.6996450697577572, 0.19591078350535113, 0.6577939437643434, 1, 1, 0], [0, 0, 0, 0, 0, 0, 1, 0, 0, 0, 0, 0.08104087517607168, 0.7595435223077898, 0.1955390206943214, 0.717692396314376, 1, 1, 0], [0, 0, 0, 0, 0, 0, 1, 0, 0, 0, 0, 0.08104087517607168, 0.8194419748578224, 0.19479552343432344, 0.7775908488644087, 1, 1, 0], [0, 0, 0, 0, 0, 0, 0, 0, 0, 0, 1, 0, 0, 0, 0, 0, 0, 0], [0, 0, 0, 0, 0, 0, 0, 0, 0, 0, 1, 0, 0, 0, 0, 0, 0, 0]], "edges": [[0, 12], [12, 13], [1, 12], [2, 12], [3, 12], [4, 12], [5, 12], [6, 12], [7, 12], [8, 12], [9, 12], [10, 12], [11, 12]], "splition": "training", "label": 38}