{"nodeNames": ["polygon0", "polygon1", "polygon2", "polygon3", "polygon4", "polygon5", "polygon6", "polygon7", "polygon8", "g0", "svg0"], "nodes": [[0, 0, 0, 0, 0, 1, 0, 0, 0, 0, 0, 0.21697656978187918, 0.9734965837317374, 0.624794184035893, 0.9231317510967639, 0, 0, 0], [0, 0, 0, 0, 0, 1, 0, 0, 0, 0, 0, 0.6080556802061298, 0.2540373277458963, 0.6247941730847767, 0.20367240165668496, 0, 0, 0], [0, 0, 0, 0, 0, 1, 0, 0, 0, 0, 0, 0.23466054918815168, 0.45959715362016595, 0.2921065425124497, 0.40923213033854716, 0, 0, 0], [0, 0, 0, 0, 0, 1, 0, 0, 0, 0, 0, 0.29210651330947296, 0.5623771002008264, 0.36126528766937105, 0.512012174111615, 0, 0, 0], [0, 0, 0, 0, 0, 1, 0, 0, 0, 0, 0, 0.19576346903665226, 0.8707166334129075, 0.2169765588307629, 0.8203517073236961, 0, 0, 0], [0, 0, 0, 0, 0, 1, 0, 0, 0, 0, 0, 0.6080556802061298, 0.15125741480876154, 0.6247941730847767, 0.10089445125854597, 0, 0, 0], [0, 0, 0, 0, 0, 1, 0, 0, 0, 0, 0, 0.23466054918815168, 0.35681728927923484, 0.624794184035893, 0.30645226599761605, 0, 0, 0], [0, 0, 0, 0, 0, 1, 0, 0, 0, 0, 0, 0.2532133463568632, 0.6651568823020282, 0.3612652949701152, 0.6147918590204093, 0, 0, 0], [0, 0, 0, 0, 0, 1, 0, 0, 0, 0, 0, 0.195774975009507, 0.7679368288826887, 0.2532133536576074, 0.7175719027934773, 0, 0, 0], [0, 0, 0, 0, 0, 0, 0, 0, 0, 0, 1, 0, 0, 0, 0, 0, 0, 0], [0, 0, 0, 0, 0, 0, 0, 0, 0, 0, 1, 0, 0, 0, 0, 0, 0, 0]], "edges": [[0, 9], [9, 10], [1, 9], [2, 9], [3, 9], [4, 9], [5, 9], [6, 9], [7, 9], [8, 9]], "splition": "training", "label": 38}