{"nodeNames": ["rect0", "rect1", "rect2", "rect3", "rect4", "rect5", "rect6", "rect7", "rect8", "g3", "g1", "g0", "svg0"], "nodes": [[0, 0, 1, 0, 0, 0, 0, 0, 0, 0, 0, 0.7299703264094956, 0.18861209964412812, 0.9970326409495549, 0.10854092526690391, 1, 0, 0], [0, 0, 1, 0, 0, 0, 0, 0, 0, 0, 0, 0.2403560830860534, 0.28647686832740216, 0.7270029673590505, 0.20640569395017794, 1, 0, 0], [0, 0, 1, 0, 0, 0, 0, 0, 0, 0, 0, 0.2403560830860534, 0.38256227758007116, 0.3916913946587537, 0.302491103202847, 1, 0, 0], [0, 0, 1, 0, 0, 0, 0, 0, 0, 0, 0, 0.39465875370919884, 0.4786476868327402, 0.5459940652818991, 0.398576512455516, 1, 0, 0], [0, 0, 1, 0, 0, 0, 0, 0, 0, 0, 0, 0.6261127596439169, 0.6708185053380783, 0.8130563798219584, 0.5907473309608541, 1, 0, 0], [0, 0, 1, 0, 0, 0, 0, 0, 0, 0, 0, 0.7032640949554896, 0.7669039145907474, 0.8130563798219584, 0.6868327402135231, 1, 0, 0], [0, 0, 1, 0, 0, 0, 0, 0, 0, 0, 0, 0.5489614243323442, 0.5747330960854092, 0.6231454005934718, 0.49466192170818507, 1, 0, 0], [0, 0, 1, 0, 0, 0, 0, 0, 0, 0, 0, 0.4332344213649852, 0.8629893238434164, 0.7002967359050445, 0.7829181494661922, 1, 0, 0], [0, 0, 1, 0, 0, 0, 0, 0, 0, 0, 0, 0.4332344213649852, 0.9590747330960854, 0.9970326409495549, 0.8790035587188612, 1, 0, 0], [0, 0, 0, 0, 0, 0, 0, 0, 0, 0, 1, 0, 0, 0, 0, 0, 0, 0], [0, 0, 0, 0, 0, 0, 0, 0, 0, 0, 1, 0, 0, 0, 0, 0, 0, 0], [0, 0, 0, 0, 0, 0, 0, 0, 0, 0, 1, 0, 0, 0, 0, 0, 0, 0], [0, 0, 0, 0, 0, 0, 0, 0, 0, 0, 1, 0, 0, 0, 0, 0, 0, 0]], "edges": [[0, 9], [9, 10], [10, 11], [11, 12], [1, 9], [2, 9], [3, 9], [4, 9], [5, 9], [6, 9], [7, 9], [8, 9]], "splition": "test", "label": 38}