{"nodeNames": ["path18", "path19", "path20", "path21", "path22", "path23", "svg0"], "nodes": [[0, 0, 0, 0, 0, 0, 1, 0, 0, 0, 0, 0.15974066840277779, 0.2168740145365397, 0.9255555555555556, 0.11740615844726562, 1, 0, 0], [0, 0, 0, 0, 0, 0, 1, 0, 0, 0, 0, 0.15974066840277779, 0.3610302734375, 0.4766295708550347, 0.2615625, 1, 0, 0], [0, 0, 0, 0, 0, 0, 1, 0, 0, 0, 0, 0.4766295369466146, 0.5051866976420084, 0.5558517625596788, 0.40571884155273436, 1, 0, 0], [0, 0, 0, 0, 0, 0, 1, 0, 0, 0, 0, 0.555851813422309, 0.6493429883321127, 0.6086666997273763, 0.5498751322428386, 1, 0, 0], [0, 0, 0, 0, 0, 0, 1, 0, 0, 0, 0, 0.608666754828559, 0.7934993807474772, 0.8463333638509115, 0.6940315246582032, 1, 0, 0], [0, 0, 0, 0, 0, 0, 1, 0, 0, 0, 0, 0.8463333129882813, 0.9376555887858072, 0.9255555386013455, 0.8381878153483073, 1, 0, 0], [0, 0, 0, 0, 0, 0, 0, 0, 0, 0, 1, 0, 0, 0, 0, 0, 0, 0]], "edges": [[0, 6], [1, 6], [2, 6], [3, 6], [4, 6], [5, 6]], "splition": "test", "label": 38}