{"nodeNames": ["path3", "path4", "path5", "path6", "path7", "path8", "path9", "path10", "g2", "svg0"], "nodes": [[0, 1, 0, 0, 0, 0, 0, 0, 0, 0, 0, 0, 0, 0, 0.8836196035612296, 0.7841423992473636, 0.921504163566989, 0.6805939045201943, 0, 1, 1], [0, 1, 0, 0, 0, 0, 0, 0, 0, 0, 0, 0, 0, 0, 0.8158289037940054, 0.7841421257602941, 0.9168796757637205, 0.22404060736008402, 0, 1, 1], [0, 1, 0, 0, 0, 0, 0, 0, 0, 0, 0, 0, 0, 0, 0.7256643746550359, 0.7841423992473636, 0.8480463969247198, 0.22404060736008402, 0, 1, 1], [0, 1, 0, 0, 0, 0, 0, 0, 0, 0, 0, 0, 0, 0, 0.6048492206810492, 0.7841423992473636, 0.7524372465263612, 0.22404060736008402, 0, 1, 1], [0, 1, 0, 0, 0, 0, 0, 0, 0, 0, 0, 0, 0, 0, 0.4894783598755729, 0.7841423992473636, 0.6399769736447409, 0.22404060736008402, 0, 1, 1], [0, 1, 0, 0, 0, 0, 0, 0, 0, 0, 0, 0, 0, 0, 0.34755894761944756, 0.7841423992473636, 0.5231885727634326, 0.22404060736008402, 0, 1, 1], [0, 1, 0, 0, 0, 0, 0, 0, 0, 0, 0, 0, 0, 0, 0.16365297227838305, 0.7841423992473636, 0.37239364606080966, 0.22404060736008402, 0, 1, 1], [0, 1, 0, 0, 0, 0, 0, 0, 0, 0, 0, 0, 0, 0, 0.15358402726116485, 0.23345369043451625, 0.169171273375069, 0.22404060736008402, 0, 1, 1], [0, 0, 0, 0, 0, 0, 0, 0, 0, 0, 0, 0, 0, 1, 0, 0, 0, 0, 0, 0, 0], [0, 0, 0, 0, 0, 0, 0, 0, 0, 0, 0, 0, 0, 1, 0, 0, 0, 0, 0, 0, 0]], "edges": [[0, 8], [8, 9], [1, 8], [2, 8], [3, 8], [4, 8], [5, 8], [6, 8], [7, 8]], "splition": "training", "label": 21}