{"nodeNames": ["path11", "path14", "path21", "path22", "circle4", "circle5", "circle6", "circle7", "circle8", "circle9", "circle10", "circle11", "g0", "svg0"], "nodes": [[0, 0, 0, 0, 0, 0, 0, 1, 0, 0, 0, 0, 0, 0, 0.1720807458142422, 0.6294372290241818, 0.49919737965732003, 0.4529563557187347, 1, 1, 0], [0, 0, 0, 0, 0, 0, 0, 1, 0, 0, 0, 0, 0, 0, 0.5016805834682287, 0.6294372290241818, 0.8287971905179983, 0.37105129076086957, 1, 1, 0], [0, 1, 0, 0, 0, 0, 0, 0, 0, 0, 0, 0, 0, 0, 0.315188762071993, 0.5828041035661944, 0.7172958735733099, 0.35710796287249635, 0, 1, 0], [0, 0, 0, 1, 0, 0, 0, 0, 0, 0, 0, 0, 0, 0, 0.315188762071993, 0.5828041035661944, 0.7172958735733099, 0.35710796287249635, 1, 1, 0], [0, 0, 0, 0, 0, 1, 0, 0, 0, 0, 0, 0, 0, 0, 0.30728709394205445, 0.504152418172936, 0.32133450395083407, 0.4963361016121153, 1, 1, 0], [0, 0, 0, 0, 0, 1, 0, 0, 0, 0, 0, 0, 0, 0, 0.34591747146619845, 0.5862237420615535, 0.35996488147497807, 0.5784074255007328, 1, 1, 0], [0, 0, 0, 0, 0, 1, 0, 0, 0, 0, 0, 0, 0, 0, 0.4934152765583846, 0.5627747923790913, 0.5074626865671642, 0.5549584758182706, 1, 1, 0], [0, 0, 0, 0, 0, 1, 0, 0, 0, 0, 0, 0, 0, 0, 0.5513608428446005, 0.5363947239863215, 0.5654082528533801, 0.5285784074255008, 1, 1, 0], [0, 0, 0, 0, 0, 1, 0, 0, 0, 0, 0, 0, 0, 0, 0.7093942054433714, 0.504152418172936, 0.723441615452151, 0.4963361016121153, 1, 1, 0], [0, 0, 0, 0, 0, 1, 0, 0, 0, 0, 0, 0, 0, 0, 0.6321334503950834, 0.42696629213483145, 0.646180860403863, 0.41914997557401074, 1, 1, 0], [0, 0, 0, 0, 0, 1, 0, 0, 0, 0, 0, 0, 0, 0, 0.4934152765583846, 0.3605276013678554, 0.5074626865671642, 0.3527112848070347, 1, 1, 0], [0, 0, 0, 0, 0, 1, 0, 0, 0, 0, 0, 0, 0, 0, 0.3283582089552239, 0.4123106985832926, 0.3424056189640035, 0.4044943820224719, 1, 1, 0], [0, 0, 0, 0, 0, 0, 0, 0, 0, 0, 0, 0, 0, 1, 0, 0, 0, 0, 0, 0, 0], [0, 0, 0, 0, 0, 0, 0, 0, 0, 0, 0, 0, 0, 1, 0, 0, 0, 0, 0, 0, 0]], "edges": [[0, 12], [12, 13], [1, 12], [2, 12], [3, 12], [4, 12], [5, 12], [6, 12], [7, 12], [8, 12], [9, 12], [10, 12], [11, 12]], "splition": "test", "label": 27}