{"nodeNames": ["path0", "path1", "path2", "path3", "path4", "path5", "path6", "path7", "path8", "path9", "path10", "path11", "path12", "path13", "svg0"], "nodes": [[0, 0, 0, 0, 0, 0, 0, 0, 0, 1, 0, 0, 0, 0, 0.8388015925912495, 0.9877985161019394, 0.9629174831156067, 0.06859710463612427, 1, 0, 0], [0, 0, 0, 0, 0, 0, 0, 0, 0, 1, 0, 0, 0, 0, 0.7282831876334089, 0.9878000861650643, 0.922523987030185, 0.06859710463612427, 1, 0, 0], [0, 0, 0, 0, 0, 0, 0, 0, 0, 1, 0, 0, 0, 0, 0.6243330961619501, 0.9878000861650643, 0.8840891555990161, 0.06859710463612427, 1, 0, 0], [0, 0, 0, 0, 0, 0, 0, 0, 0, 1, 0, 0, 0, 0, 0.5313338827039539, 0.9877983067601894, 0.8472688610646703, 0.06859689529437428, 1, 0, 0], [0, 0, 0, 0, 0, 0, 0, 0, 0, 1, 0, 0, 0, 0, 0.40491294893229113, 0.9878000861650643, 0.8147737972722373, 0.06859710463612427, 1, 0, 0], [0, 0, 0, 0, 0, 0, 0, 0, 0, 1, 0, 0, 0, 0, 0.33703556195237483, 0.9878000861650643, 0.7878077861406046, 0.06859710463612427, 1, 0, 0], [0, 0, 0, 0, 0, 0, 0, 0, 0, 1, 0, 0, 0, 0, 0.28258118951660804, 0.9877985161019394, 0.7679838014863017, 0.06859710463612427, 1, 0, 0], [0, 0, 0, 0, 0, 0, 0, 0, 0, 1, 0, 0, 0, 0, 0.2455295903604213, 0.9878000861650643, 0.7468920961907108, 0.06859710463612427, 1, 0, 0], [0, 0, 0, 0, 0, 0, 0, 0, 0, 1, 0, 0, 0, 0, 0.20461971506921944, 0.9877985161019394, 0.7355414447613676, 0.06859710463612427, 1, 0, 0], [0, 0, 0, 0, 0, 0, 0, 0, 0, 1, 0, 0, 0, 0, 0.1695289688796966, 0.9877983067601894, 0.7229788121340047, 0.06859710463612427, 1, 0, 0], [0, 0, 0, 0, 0, 0, 0, 0, 0, 1, 0, 0, 0, 0, 0.1316738839294088, 0.9877983067601894, 0.7120363434925217, 0.06859710463612427, 1, 0, 0], [0, 0, 0, 0, 0, 0, 0, 0, 0, 1, 0, 0, 0, 0, 0.11363637500422032, 0.9877983067601894, 0.7023540614453115, 0.06859710463612427, 1, 0, 0], [0, 0, 0, 0, 0, 0, 0, 0, 0, 1, 0, 0, 0, 0, 0.0953103839800526, 0.9877983067601894, 0.6958986023561247, 0.06859689529437428, 1, 0, 0], [0, 0, 0, 0, 0, 0, 0, 0, 0, 1, 0, 0, 0, 0, 0.09139289836351745, 0.9877983067601894, 0.6893897797057158, 0.06859689529437428, 1, 0, 0], [0, 0, 0, 0, 0, 0, 0, 0, 0, 0, 0, 0, 0, 1, 0, 0, 0, 0, 0, 0, 0]], "edges": [[0, 14], [1, 14], [2, 14], [3, 14], [4, 14], [5, 14], [6, 14], [7, 14], [8, 14], [9, 14], [10, 14], [11, 14], [12, 14], [13, 14]], "splition": "test", "label": 32}