{"nodeNames": ["circle0", "circle1", "circle2", "circle3", "circle4", "circle5", "circle6", "circle7", "circle8", "text0", "text1", "text2", "text3", "text4", "text5", "text6", "text7", "text8", "svg0"], "nodes": [[0, 0, 0, 1, 0, 0, 0, 0, 0, 0, 0, 0.350193854164294, 0.5509329664480335, 0.7217545741025857, 0.15760071402913986, 1, 1, 1], [0, 0, 0, 1, 0, 0, 0, 0, 0, 0, 0, 0.35793814026817006, 0.9361014040244425, 0.7140102572184359, 0.5591652073452829, 1, 1, 1], [0, 0, 0, 1, 0, 0, 0, 0, 0, 0, 0, 0.6727922694726785, 0.7319344788593468, 1.0, 0.3855540998545979, 1, 1, 1], [0, 0, 0, 1, 0, 0, 0, 0, 0, 0, 0, 0.13116182605821042, 0.7027776807503562, 0.4044083508113988, 0.41352041494602293, 1, 1, 1], [0, 0, 0, 1, 0, 0, 0, 0, 0, 0, 0, 0.09940483262610525, 0.40884554688449004, 0.351185840827817, 0.14231146601714484, 1, 1, 1], [0, 0, 0, 1, 0, 0, 0, 0, 0, 0, 0, 0.14078854136591773, 0.9420441742969321, 0.3596433982160985, 0.7103656740500769, 1, 1, 1], [0, 0, 0, 1, 0, 0, 0, 0, 0, 0, 0, 0.72195095224933, 0.37874994330412604, 0.8979977431903261, 0.19238773825952268, 1, 1, 1], [0, 0, 0, 1, 0, 0, 0, 0, 0, 0, 0, 0.7164463312068268, 0.8709521101031266, 0.8464654703810659, 0.7333144694647753, 1, 1, 1], [0, 0, 0, 1, 0, 0, 0, 0, 0, 0, 0, 0.6522056836391148, 1.0, 0.7822248228133539, 0.8623624896969911, 1, 1, 1], [0, 0, 0, 0, 0, 0, 0, 0, 1, 0, 0, 0.5185599510470525, 0.39977785644239777, 0.5488181913880488, 0.30875582403477553, 0, 0, 0], [0, 0, 0, 0, 0, 0, 0, 0, 1, 0, 0, 0.5185599510470525, 0.7784799666758596, 0.5488181913880488, 0.7167865143585234, 0, 0, 0], [0, 0, 0, 0, 0, 0, 0, 0, 1, 0, 0, 0.8189818870400889, 0.6081256787212956, 0.849240127381085, 0.5093627696573066, 0, 0, 0], [0, 0, 0, 0, 0, 0, 0, 0, 1, 0, 0, 0.2503708407385542, 0.6005821297733364, 0.28062908107955037, 0.5157160962583851, 0, 0, 0], [0, 0, 0, 0, 0, 0, 0, 0, 1, 0, 0, 0.2078811044208476, 0.3241925464867066, 0.23813934476184379, 0.2269644664149283, 0, 0, 0], [0, 0, 0, 0, 0, 0, 0, 0, 1, 0, 0, 0.23280173748489458, 0.8601379260727511, 0.26305997782589075, 0.7922717919389155, 0, 0, 0], [0, 0, 0, 0, 0, 0, 0, 0, 1, 0, 0, 0.7925601000235777, 0.3179587373946174, 0.8228183403645739, 0.25317894416903136, 0, 0, 0], [0, 0, 0, 0, 0, 0, 0, 0, 1, 0, 0, 0.7640416838779698, 0.8437988268776501, 0.7942999242189659, 0.7604676223549094, 0, 0, 0], [0, 0, 0, 0, 0, 0, 0, 0, 1, 0, 0, 0.6998010363102578, 0.9520098752482237, 0.7300592766512539, 0.9103526144487675, 0, 0, 0], [0, 0, 0, 0, 0, 0, 0, 0, 0, 0, 1, 0, 0, 0, 0, 0, 0, 0]], "edges": [[0, 18], [1, 18], [2, 18], [3, 18], [4, 18], [5, 18], [6, 18], [7, 18], [8, 18], [9, 18], [10, 18], [11, 18], [12, 18], [13, 18], [14, 18], [15, 18], [16, 18], [17, 18]], "splition": "training", "label": 9}