{"nodeNames": ["path0", "path1", "path2", "path3", "path4", "path5", "text0", "text1", "text2", "text3", "g0", "svg0"], "nodes": [[0, 0, 0, 0, 0, 0, 1, 0, 0, 0, 0, 0.2892016020413999, 0.8550139158272766, 0.3617174009356416, 0.37509726195855886, 1, 0, 0], [0, 0, 0, 0, 0, 0, 1, 0, 0, 0, 0, 0.7324812601077976, 0.9173016591866131, 0.8049970590020392, 0.1634021707611108, 1, 0, 0], [0, 0, 0, 0, 0, 0, 1, 0, 0, 0, 0, 0.6216255211794579, 0.7121919067570063, 0.6941413200736997, 0.4150221784774971, 1, 0, 0], [0, 0, 0, 0, 0, 0, 1, 0, 0, 0, 0, 0.5107696726963424, 0.7658358058316451, 0.5832853825773286, 0.1634021707611108, 1, 0, 0], [0, 0, 0, 0, 0, 0, 1, 0, 0, 0, 0, 0.40005734096973944, 0.9392535647398762, 0.4725731398639812, 0.640025854310112, 1, 0, 0], [0, 0, 0, 0, 0, 0, 1, 0, 0, 0, 0, 0.25301554998579073, 0.9644976032262934, 0.9111143210660468, 0.237762934882891, 0, 1, 1], [0, 0, 0, 0, 0, 0, 0, 0, 1, 0, 0, 0.9540492212079641, 0.28702563400548325, 1.0, 0.18494184661073512, 0, 0, 0], [0, 0, 0, 0, 0, 0, 0, 0, 1, 0, 0, 0.9540492212079641, 0.5215281192608558, 1.0, 0.4280556816269374, 0, 0, 0], [0, 0, 0, 0, 0, 0, 0, 0, 1, 0, 0, 0.9540492212079641, 0.7732261740216847, 1.0, 0.6608797105651852, 0, 0, 0], [0, 0, 0, 0, 0, 0, 0, 0, 1, 0, 0, 0.9540492212079641, 1.0, 1.0, 0.9017983367082302, 0, 0, 0], [0, 0, 0, 0, 0, 0, 0, 0, 0, 0, 1, 0, 0, 0, 0, 0, 0, 0], [0, 0, 0, 0, 0, 0, 0, 0, 0, 0, 1, 0, 0, 0, 0, 0, 0, 0]], "edges": [[0, 10], [10, 11], [1, 10], [2, 10], [3, 10], [4, 10], [5, 10], [6, 10], [7, 10], [8, 10], [9, 10]], "splition": "test", "label": 16}