{"nodeNames": ["path0", "path1", "path2", "path3", "path4", "path5", "path6", "path7", "text0", "text1", "path8", "text2", "path9", "text3", "path10", "text4", "svg0", "g0"], "nodes": [[0, 0, 0, 0, 0, 0, 1, 0, 0, 0, 0, 0.0, 0.9999999740054708, 0.2799503091046223, 0.0, 1, 0, 0], [0, 0, 0, 0, 0, 0, 1, 0, 0, 0, 0, 0.0, 0.5378772914210022, 0.2799503091046223, 0.0, 0, 1, 0], [0, 0, 0, 0, 0, 0, 1, 0, 0, 0, 0, 0.2799503091046223, 0.9999999740054708, 0.5599006182092446, 0.0, 1, 0, 0], [0, 0, 0, 0, 0, 0, 1, 0, 0, 0, 0, 0.2799503091046223, 0.5378772914210022, 0.5599006182092446, 0.0, 0, 1, 0], [0, 0, 0, 0, 0, 0, 1, 0, 0, 0, 0, 0.5599006182092446, 0.9999999740054708, 0.839850849157722, 0.0, 1, 0, 0], [0, 0, 0, 0, 0, 0, 1, 0, 0, 0, 0, 0.5599005140010513, 0.5378772914210022, 0.8398508231056737, 0.0, 0, 1, 0], [0, 0, 0, 0, 0, 0, 1, 0, 0, 0, 0, 0.2799503091046223, 0.9999999740054708, 0.5599006182092446, 0.0, 0, 1, 0], [0, 0, 0, 0, 0, 0, 1, 0, 0, 0, 0, 0.0, 0.9999999740054708, 0.8398508752097703, 0.0, 0, 1, 0], [0, 0, 0, 0, 0, 0, 0, 0, 1, 0, 0, 0.9016568067153792, 0.05858347738851577, 1.0, 0.00930749716276212, 0, 0, 0], [0, 0, 0, 0, 0, 0, 0, 0, 1, 0, 0, 0.9016568067153792, 0.562515240917427, 1.0, 0.5132392606916734, 0, 0, 0], [0, 0, 0, 0, 0, 0, 1, 0, 0, 0, 0, 0.061464493360508486, 0.39533561445725257, 0.2184858157441138, 0.001703577468493136, 1, 0, 0], [0, 0, 0, 0, 0, 0, 0, 0, 1, 0, 0, 0.09216938539004127, 0.1981047622679426, 0.18504910592919804, 0.017035774684931358, 1, 0, 0], [0, 0, 0, 0, 0, 0, 1, 0, 0, 0, 0, 0.3414148024651308, 0.5967989088952317, 0.4984361248487361, 0.39533556246819407, 1, 0, 0], [0, 0, 0, 0, 0, 0, 0, 0, 1, 0, 0, 0.3721196944946636, 0.5238551794866356, 0.4649994606249049, 0.4106677596846323, 1, 0, 0], [0, 0, 0, 0, 0, 0, 1, 0, 0, 0, 0, 0.621365111569753, 1.0, 0.7783863557972135, 0.5967989868788195, 1, 0, 0], [0, 0, 0, 0, 0, 0, 0, 0, 1, 0, 0, 0.6520700557033825, 0.7753765028119712, 0.7449497371644668, 0.6121311840952577, 1, 0, 0], [0, 0, 0, 0, 0, 0, 0, 0, 0, 0, 1, 0, 0, 0, 0, 0, 0, 0], [0, 0, 0, 0, 0, 0, 0, 0, 0, 0, 1, 0, 0, 0, 0, 0, 0, 0]], "edges": [[0, 16], [1, 16], [2, 16], [3, 16], [4, 16], [5, 16], [6, 16], [7, 16], [8, 17], [17, 16], [9, 17], [10, 16], [11, 16], [12, 16], [13, 16], [14, 16], [15, 16]], "splition": "training", "label": 16}