{"nodeNames": ["path0", "path1", "path2", "path3", "path4", "path5", "path6", "text0", "text1", "text2", "text3", "text4", "text5", "g0", "svg0", "g1", "g2"], "nodes": [[0, 0, 0, 0, 0, 0, 1, 0, 0, 0, 0, 0.024390243902439025, 1.0, 1.0, 0.024390243902439025, 0, 0, 0], [0, 0, 0, 0, 0, 0, 1, 0, 0, 0, 0, 0.12195121951219512, 0.751887772722942, 0.5121951219512195, 0.5121951219512195, 1, 0, 0], [0, 0, 0, 0, 0, 0, 1, 0, 0, 0, 0, 0.20423904046779726, 0.9024399175876524, 0.5444195258908155, 0.5121951219512195, 1, 0, 0], [0, 0, 0, 0, 0, 0, 1, 0, 0, 0, 0, 0.5121951219512195, 0.9011072670541158, 0.9024399920207699, 0.44796097918254574, 1, 0, 0], [0, 0, 0, 0, 0, 0, 1, 0, 0, 0, 0, 0.5121951219512195, 0.5121951219512195, 0.8971170564977134, 0.27250247117949694, 1, 0, 0], [0, 0, 0, 0, 0, 0, 1, 0, 0, 0, 0, 0.4163950850323933, 0.5121951219512195, 0.8201512034346418, 0.12195136837842988, 1, 0, 0], [0, 0, 0, 0, 0, 0, 1, 0, 0, 0, 0, 0.12195121951219512, 0.5121951219512195, 0.5121951219512195, 0.13389267339939023, 1, 0, 0], [0, 0, 0, 0, 0, 0, 0, 0, 1, 0, 0, 0.06280975341796875, 0.6696854754192073, 0.1262243875643102, 0.6398074266387195, 1, 0, 0], [0, 0, 0, 0, 0, 0, 0, 0, 1, 0, 0, 0.3016926835222942, 0.9291828434641768, 0.3651073176686357, 0.8993047946836891, 1, 0, 0], [0, 0, 0, 0, 0, 0, 0, 0, 1, 0, 0, 0.8245024146103277, 0.7952682867282774, 0.8879170487566692, 0.7684390184355945, 1, 0, 0], [0, 0, 0, 0, 0, 0, 0, 0, 1, 0, 0, 0.8800975520436357, 0.35077797494283536, 0.9435121117568598, 0.3208999261623476, 1, 0, 0], [0, 0, 0, 0, 0, 0, 0, 0, 1, 0, 0, 0.6206000351324314, 0.11189515648818597, 0.6840146692787729, 0.08201710770769817, 1, 0, 0], [0, 0, 0, 0, 0, 0, 0, 0, 1, 0, 0, 0.13159514636528202, 0.250006103515625, 0.1950097805116235, 0.2350670791253811, 1, 0, 0], [0, 0, 0, 0, 0, 0, 0, 0, 0, 0, 1, 0, 0, 0, 0, 0, 0, 0], [0, 0, 0, 0, 0, 0, 0, 0, 0, 0, 1, 0, 0, 0, 0, 0, 0, 0], [0, 0, 0, 0, 0, 0, 0, 0, 0, 0, 1, 0, 0, 0, 0, 0, 0, 0], [0, 0, 0, 0, 0, 0, 0, 0, 0, 0, 1, 0, 0, 0, 0, 0, 0, 0]], "edges": [[0, 13], [13, 14], [1, 15], [15, 13], [2, 15], [3, 15], [4, 15], [5, 15], [6, 15], [7, 16], [16, 13], [8, 16], [9, 16], [10, 16], [11, 16], [12, 16]], "splition": "test", "label": 25}