{"nodeNames": ["path0", "path1", "path2", "path3", "path4", "path5", "path6", "circle0", "circle1", "circle2", "circle3", "circle4", "circle5", "circle6", "circle7", "circle8", "circle9", "g0", "svg0"], "nodes": [[0, 0, 0, 0, 0, 0, 1, 0, 0, 0, 0, 0.23995109064910153, 0.8945357672387121, 0.9148559977671278, 0.20658327741458496, 0, 0, 0], [0, 0, 0, 0, 0, 0, 1, 0, 0, 0, 0, 0.15480719202017543, 0.9813033153455779, 1.0, 0.1198157293077192, 0, 0, 0], [0, 0, 0, 0, 0, 0, 1, 0, 0, 0, 0, 0.32509509288197375, 0.8077682191318464, 0.8297120991382017, 0.2933508255214507, 0, 0, 0], [0, 0, 0, 0, 0, 0, 1, 0, 0, 0, 0, 0.40860940504190674, 0.7225805933146625, 0.7461976833743225, 0.3784066572107059, 0, 0, 0], [0, 0, 0, 0, 0, 0, 1, 0, 0, 0, 0, 0.15480719202017543, 0.9811719230290148, 0.9998642788305435, 0.1196839351797905, 0, 0, 0], [0, 0, 0, 0, 0, 0, 1, 0, 0, 0, 0, 0.23995109064910153, 0.9813033153455779, 0.8297120991382017, 0.3784066572107059, 0, 1, 1], [0, 0, 0, 0, 0, 0, 1, 0, 0, 0, 0, 0.40860940504190674, 0.8077682191318464, 0.9148559977671278, 0.20658327741458496, 0, 1, 1], [0, 0, 0, 1, 0, 0, 0, 0, 0, 0, 0, 0.22066811698377417, 0.5691903099171063, 0.25923406431442886, 0.5317973424196277, 0, 0, 0], [0, 0, 0, 1, 0, 0, 0, 0, 0, 0, 0, 0.45831070450476175, 1.0, 0.4968766518354164, 0.9626066306911557, 0, 0, 0], [0, 0, 0, 1, 0, 0, 0, 0, 0, 0, 0, 0.5190114277224682, 0.397103341865128, 0.5575773750531229, 0.35971037436764935, 0, 0, 0], [0, 0, 0, 1, 0, 0, 0, 0, 0, 0, 0, 0.8104291254728743, 0.41053308313878967, 0.8489951764074751, 0.37314011564131105, 0, 0, 0], [0, 0, 0, 1, 0, 0, 0, 0, 0, 0, 0, 0.8104291254728743, 0.7278471348840573, 0.8489951764074751, 0.6904541673865787, 0, 0, 0], [0, 0, 0, 1, 0, 0, 0, 0, 0, 0, 0, 0.47895171869622305, 0.2263331096583398, 0.5175176660268778, 0.18894014216086116, 0, 0, 0], [0, 0, 0, 1, 0, 0, 0, 0, 0, 0, 0, 0.3889190606603177, 0.5690585157891777, 0.4274850079909724, 0.531665548291699, 0, 0, 0], [0, 0, 0, 1, 0, 0, 0, 0, 0, 0, 0, 0.4990494337940739, 0.8264645019749028, 0.5376153811247286, 0.7890715344774242, 0, 0, 0], [0, 0, 0, 1, 0, 0, 0, 0, 0, 0, 0, 0.6420423570229282, 0.6221197156782777, 0.680608407957529, 0.5847267481807991, 0, 0, 0], [0, 0, 0, 1, 0, 0, 0, 0, 0, 0, 0, 0.8955732313096927, 0.35668192210484867, 0.9341391786403473, 0.31928895460737, 0, 0, 0], [0, 0, 0, 0, 0, 0, 0, 0, 0, 0, 1, 0, 0, 0, 0, 0, 0, 0], [0, 0, 0, 0, 0, 0, 0, 0, 0, 0, 1, 0, 0, 0, 0, 0, 0, 0]], "edges": [[0, 17], [17, 18], [1, 17], [2, 17], [3, 17], [4, 17], [5, 17], [6, 17], [7, 17], [8, 17], [9, 17], [10, 17], [11, 17], [12, 17], [13, 17], [14, 17], [15, 17], [16, 17]], "splition": "test", "label": 27}