{"nodeNames": ["path0", "path1", "path2", "path3", "path4", "path5", "path6", "path7", "path8", "svg0"], "nodes": [[0, 0, 0, 0, 0, 0, 1, 0, 0, 0, 0, 0.04359168241211087, 1.0, 1.0, 0.018802649237667075, 0, 1, 1], [0, 0, 0, 0, 0, 0, 1, 0, 0, 0, 0, 0.16543644214924466, 0.8740357920547134, 0.8781565181346985, 0.1428431957290076, 0, 1, 1], [0, 0, 0, 0, 0, 0, 1, 0, 0, 0, 0, 0.30736575307482916, 0.72843084245666, 0.7362294834183152, 0.28845142424887277, 0, 1, 1], [0, 0, 0, 0, 0, 0, 1, 0, 0, 0, 0, 0.04359168241211087, 0.9990384561786855, 1.0, 0.5084397807975191, 0, 1, 1], [0, 0, 0, 0, 0, 0, 1, 0, 0, 0, 0, 0.16543644214924466, 0.8740357920547134, 0.8781565181346985, 0.2616369754831737, 0, 1, 1], [0, 0, 0, 0, 0, 0, 1, 0, 0, 0, 0, 0.30736575307482916, 0.72843084245666, 0.7362294834183152, 0.3165990006502102, 0, 1, 1], [0, 0, 0, 0, 0, 0, 1, 0, 0, 0, 0, 0.003381268834882387, 0.44558252177286056, 0.04529987758387182, 0.31244632814859286, 1, 0, 0], [0, 0, 0, 0, 0, 0, 1, 0, 0, 0, 0, 0.12376701840754407, 0.44558252177286056, 0.16568219287598435, 0.3109689279532347, 1, 0, 0], [0, 0, 0, 0, 0, 0, 1, 0, 0, 0, 0, 0.26770648162550087, 0.44558252177286056, 0.3096216760606885, 0.3113826459128404, 1, 0, 0], [0, 0, 0, 0, 0, 0, 0, 0, 0, 0, 1, 0, 0, 0, 0, 0, 0, 0]], "edges": [[0, 9], [1, 9], [2, 9], [3, 9], [4, 9], [5, 9], [6, 9], [7, 9], [8, 9]], "splition": "test", "label": 28}