{"nodeNames": ["path0", "path1", "path2", "path3", "path4", "path5", "path6", "path7", "path8", "path9", "path10", "path11", "a", "defs0", "svg0", "b", "g1", "g0"], "nodes": [[0, 0, 0, 0, 0, 0, 1, 0, 0, 0, 0, 0.0, 1.0, 1.0, 0.0, 0, 0, 0], [0, 0, 0, 0, 0, 0, 1, 0, 0, 0, 0, 0.0, 1.0, 1.0, 0.0, 0, 0, 0], [0, 0, 0, 0, 0, 0, 1, 0, 0, 0, 0, 0.36046511627906974, 0.5954975926598837, 0.3983069708180982, 0.5, 0, 1, 1], [0, 0, 0, 0, 0, 0, 1, 0, 0, 0, 0, 0.29069767441860467, 0.7093023255813954, 0.5646884119787882, 0.5, 0, 1, 1], [0, 0, 0, 0, 0, 0, 1, 0, 0, 0, 0, 0.22093023255813954, 0.7790697674418605, 0.7790697674418605, 0.5, 0, 1, 1], [0, 0, 0, 0, 0, 0, 1, 0, 0, 0, 0, 0.1511627906976744, 0.8488372093023255, 0.8488372093023255, 0.21781396200490552, 0, 1, 1], [0, 0, 0, 0, 0, 0, 1, 0, 0, 0, 0, 0.08139534883720931, 0.9186046511627907, 0.9186046511627907, 0.08139534883720931, 0, 1, 1], [0, 0, 0, 0, 0, 0, 1, 0, 0, 0, 0, 0.27122093023255817, 0.45843250363372096, 0.30843023255813956, 0.42238144985465115, 1, 0, 0], [0, 0, 0, 0, 0, 0, 1, 0, 0, 0, 0, 0.20145348837209304, 0.45843250363372096, 0.23866279069767443, 0.42238144985465115, 1, 0, 0], [0, 0, 0, 0, 0, 0, 1, 0, 0, 0, 0, 0.1316860465116279, 0.45843250363372096, 0.1688953488372093, 0.42238144985465115, 1, 0, 0], [0, 0, 0, 0, 0, 0, 1, 0, 0, 0, 0, 0.06133720930232558, 0.45843250363372096, 0.09854651162790698, 0.42238144985465115, 1, 0, 0], [0, 0, 0, 0, 0, 0, 1, 0, 0, 0, 0, 0.33924418604651163, 0.45843250363372096, 0.376453488372093, 0.42238144985465115, 1, 0, 0], [0, 0, 0, 0, 0, 0, 0, 0, 0, 0, 1, 0, 0, 0, 0, 0, 0, 0], [0, 0, 0, 0, 0, 0, 0, 0, 0, 0, 1, 0, 0, 0, 0, 0, 0, 0], [0, 0, 0, 0, 0, 0, 0, 0, 0, 0, 1, 0, 0, 0, 0, 0, 0, 0], [0, 0, 0, 0, 0, 0, 0, 0, 0, 0, 1, 0, 0, 0, 0, 0, 0, 0], [0, 0, 0, 0, 0, 0, 0, 0, 0, 0, 1, 0, 0, 0, 0, 0, 0, 0], [0, 0, 0, 0, 0, 0, 0, 0, 0, 0, 1, 0, 0, 0, 0, 0, 0, 0]], "edges": [[0, 12], [12, 13], [13, 14], [1, 15], [15, 13], [2, 16], [16, 17], [17, 14], [3, 16], [4, 16], [5, 16], [6, 16], [7, 16], [8, 16], [9, 16], [10, 16], [11, 16]], "splition": "training", "label": 28}