{"nodeNames": ["path0", "path1", "path2", "path3", "path4", "path5", "path6", "path7", "path8", "svg0"], "nodes": [[0, 0, 0, 0, 0, 0, 1, 0, 0, 0, 0, 0.03352721180019661, 0.49771003481243564, 0.27750774794527994, 0.12729733014270017, 1, 0, 0], [0, 0, 0, 0, 0, 0, 1, 0, 0, 0, 0, 0.03062220462446854, 0.35318347007973894, 0.06386025210624875, 0.3335826700885918, 1, 0, 0], [0, 0, 0, 0, 0, 0, 1, 0, 0, 0, 0, 0.10083390293015278, 0.35971750935710695, 0.13407594756405877, 0.3270971229967945, 1, 0, 0], [0, 0, 0, 0, 0, 0, 1, 0, 0, 0, 0, 0.17104963325606223, 0.37960307826711653, 0.20428768073784245, 0.3469860410298037, 1, 0, 0], [0, 0, 0, 0, 0, 0, 1, 0, 0, 0, 0, 0.24130819428738304, 0.37960242090436963, 0.27454628297691713, 0.3469859413349795, 1, 0, 0], [0, 0, 0, 0, 0, 0, 1, 0, 0, 0, 0, 0.05032240185872582, 1.0, 1.0, 0.06661000012860632, 0, 1, 1], [0, 0, 0, 0, 0, 0, 1, 0, 0, 0, 0, 0.1179817552859912, 0.9334643223628152, 0.9323339011804082, 0.4914737497047787, 0, 1, 1], [0, 0, 0, 0, 0, 0, 1, 0, 0, 0, 0, 0.1856544473462029, 0.724693802301774, 0.24705176272063076, 0.5333050997591273, 0, 1, 1], [0, 0, 0, 0, 0, 0, 1, 0, 0, 0, 0, 0.2533071314569951, 0.5842867990544145, 0.25830943341722135, 0.5333050997591273, 0, 1, 1], [0, 0, 0, 0, 0, 0, 0, 0, 0, 0, 1, 0, 0, 0, 0, 0, 0, 0]], "edges": [[0, 9], [1, 9], [2, 9], [3, 9], [4, 9], [5, 9], [6, 9], [7, 9], [8, 9]], "splition": "test", "label": 28}