{"nodeNames": ["path0", "path1", "path2", "path3", "path4", "path5", "text0", "text1", "text2", "text3", "text4", "text5", "svg0"], "nodes": [[0, 0, 0, 0, 0, 0, 1, 0, 0, 0, 0, 0.6363636363636364, 1.0, 1.0, 0.18181818181818182, 1, 0, 0], [0, 0, 0, 0, 0, 0, 1, 0, 0, 0, 0, 0.45454545454545453, 1.0, 0.966438876065341, 0.18181818181818182, 1, 0, 0], [0, 0, 0, 0, 0, 0, 1, 0, 0, 0, 0, 0.36727272727272725, 1.0, 0.9063847212357955, 0.18181818181818182, 1, 0, 0], [0, 0, 0, 0, 0, 0, 1, 0, 0, 0, 0, 0.33090909090909093, 1.0, 0.8482017933238636, 0.18181818181818182, 1, 0, 0], [0, 0, 0, 0, 0, 0, 1, 0, 0, 0, 0, 0.10363636363636364, 1.0, 0.8118381569602273, 0.18181818181818182, 1, 0, 0], [0, 0, 0, 0, 0, 0, 1, 0, 0, 0, 0, 0.08545454545454545, 1.0, 0.7124123313210228, 0.18181818181818182, 1, 0, 0], [0, 0, 0, 0, 0, 0, 0, 0, 1, 0, 0, 0.9136955122514204, 0.9909865500710228, 0.9991500577059659, 0.7665263227982955, 1, 0, 0], [0, 0, 0, 0, 0, 0, 0, 0, 1, 0, 0, 0.7954933860085227, 0.9287642045454545, 0.86276611328125, 0.6985369318181818, 1, 0, 0], [0, 0, 0, 0, 0, 0, 0, 0, 1, 0, 0, 0.6499030650745738, 0.8428566672585227, 0.6808121559836647, 0.7399021218039773, 1, 0, 0], [0, 0, 0, 0, 0, 0, 0, 0, 1, 0, 0, 0.0, 0.0, 0.0, 0.0, 1, 0, 0], [0, 0, 0, 0, 0, 0, 0, 0, 1, 0, 0, 0.4947535289417614, 0.9493612393465909, 0.5674808016690341, 0.7163499866832387, 1, 0, 0], [0, 0, 0, 0, 0, 0, 0, 0, 1, 0, 0, 0.0, 0.0, 0.0, 0.0, 1, 0, 0], [0, 0, 0, 0, 0, 0, 0, 0, 0, 0, 1, 0, 0, 0, 0, 0, 0, 0]], "edges": [[0, 12], [1, 12], [2, 12], [3, 12], [4, 12], [5, 12], [6, 12], [7, 12], [8, 12], [9, 12], [10, 12], [11, 12]], "splition": "training", "label": 32}