{"nodeNames": ["line0", "text0", "line1", "text1", "line2", "text2", "line3", "text3", "line4", "text4", "path0", "path1", "path2", "path3", "g1", "g0", "svg0", "g2", "g3", "g4", "g5", "g6"], "nodes": [[1, 0, 0, 0, 0, 0, 0, 0, 0, 0, 0, 0.0821917808219178, 0.23650263805495414, 0.958904109589041, 0.23650263805495414, 0, 1, 0], [0, 0, 0, 0, 0, 0, 0, 0, 1, 0, 0, 0.9726027397260274, 0.24365649622776278, 1.0, 0.2293487798821455, 0, 1, 0], [1, 0, 0, 0, 0, 0, 0, 0, 0, 0, 0, 0.0821917808219178, 0.42380009305037836, 0.958904109589041, 0.42380009305037836, 0, 1, 0], [0, 0, 0, 0, 0, 0, 0, 0, 1, 0, 0, 0.9726027397260274, 0.43095395122318697, 1.0, 0.4166462348775697, 0, 1, 0], [1, 0, 0, 0, 0, 0, 0, 0, 0, 0, 0, 0.0821917808219178, 0.6110974608546684, 0.958904109589041, 0.6110974608546684, 0, 1, 0], [0, 0, 0, 0, 0, 0, 0, 0, 1, 0, 0, 0.9726027397260274, 0.6182513190274771, 1.0, 0.6039436026818598, 0, 1, 0], [1, 0, 0, 0, 0, 0, 0, 0, 0, 0, 0, 0.0821917808219178, 0.7983949158500926, 0.958904109589041, 0.7983949158500926, 0, 1, 0], [0, 0, 0, 0, 0, 0, 0, 0, 1, 0, 0, 0.9726027397260274, 0.8055487740229013, 1.0, 0.791241057677284, 0, 1, 0], [1, 0, 0, 0, 0, 0, 0, 0, 0, 0, 0, 0.0821917808219178, 0.9856922836543827, 0.958904109589041, 0.9856922836543827, 0, 1, 0], [0, 0, 0, 0, 0, 0, 0, 0, 1, 0, 0, 0.9726027397260274, 1.0, 1.0, 0.9713845673087654, 0, 1, 0], [0, 0, 0, 0, 0, 0, 1, 0, 0, 0, 0, 0.36639671848244865, 0.9856922836543827, 0.9589092097870291, 0.14285395415280908, 1, 1, 0], [0, 0, 0, 0, 0, 0, 1, 0, 0, 0, 0, 0.31822576653467466, 0.9856922836543827, 0.7517716081175085, 0.14285395415280908, 1, 1, 0], [0, 0, 0, 0, 0, 0, 1, 0, 0, 0, 0, 0.1785292533979024, 0.9856922836543827, 0.6482264688570205, 0.14285395415280908, 1, 1, 0], [0, 0, 0, 0, 0, 0, 1, 0, 0, 0, 0, 0.08218670152638057, 0.9856922836543827, 0.49405385892685144, 0.14285395415280908, 1, 1, 0], [0, 0, 0, 0, 0, 0, 0, 0, 0, 0, 1, 0, 0, 0, 0, 0, 0, 0], [0, 0, 0, 0, 0, 0, 0, 0, 0, 0, 1, 0, 0, 0, 0, 0, 0, 0], [0, 0, 0, 0, 0, 0, 0, 0, 0, 0, 1, 0, 0, 0, 0, 0, 0, 0], [0, 0, 0, 0, 0, 0, 0, 0, 0, 0, 1, 0, 0, 0, 0, 0, 0, 0], [0, 0, 0, 0, 0, 0, 0, 0, 0, 0, 1, 0, 0, 0, 0, 0, 0, 0], [0, 0, 0, 0, 0, 0, 0, 0, 0, 0, 1, 0, 0, 0, 0, 0, 0, 0], [0, 0, 0, 0, 0, 0, 0, 0, 0, 0, 1, 0, 0, 0, 0, 0, 0, 0], [0, 0, 0, 0, 0, 0, 0, 0, 0, 0, 1, 0, 0, 0, 0, 0, 0, 0]], "edges": [[0, 14], [14, 15], [15, 16], [1, 14], [2, 17], [17, 15], [3, 17], [4, 18], [18, 15], [5, 18], [6, 19], [19, 15], [7, 19], [8, 20], [20, 15], [9, 20], [10, 21], [21, 15], [11, 21], [12, 21], [13, 21]], "splition": "training", "label": 34}