{"nodeNames": ["path0", "path1", "path2", "text0", "text1", "text2", "text3", "text4", "text5", "text6", "text7", "text8", "g0", "svg0", "g1"], "nodes": [[0, 0, 0, 0, 0, 0, 1, 0, 0, 0, 0, 0.3490277438981713, 1.0, 1.0, 0.1731419010117005, 1, 0, 0], [0, 0, 0, 0, 0, 0, 1, 0, 0, 0, 0, 0.18365941514327, 0.5594412709131803, 0.8021587282063615, -0.06855341887762442, 1, 0, 0], [0, 0, 0, 0, 0, 0, 1, 0, 0, 0, 0, 0.08758683665037309, 0.4447233808837722, 0.5386538262512016, 0.015895753437730094, 1, 0, 0], [0, 0, 0, 0, 0, 0, 0, 0, 1, 0, 0, 0.5325250341288431, 0.22255054343845093, 0.9930635091357904, 0.1747364813064352, 0, 0, 0], [0, 0, 0, 0, 0, 0, 0, 0, 1, 0, 0, 0.3549154713061852, 0.9748466923694489, 0.4639478598019942, 0.5854149600464833, 0, 0, 0], [0, 0, 0, 0, 0, 0, 0, 0, 1, 0, 0, 0.2784870567409657, 0.31131736145989314, 0.70862452902885, 0.2272509657512519, 0, 0, 0], [0, 0, 0, 0, 0, 0, 0, 0, 1, 0, 0, 0.550340014837929, 0.39852782942426723, 0.7258728183413876, 0.35908122816535426, 0, 0, 0], [0, 0, 0, 0, 0, 0, 0, 0, 1, 0, 0, 0.2610535801609592, 0.14105483937901253, 0.32308924947754014, -0.05231195173534636, 0, 0, 0], [0, 0, 0, 0, 0, 0, 0, 0, 1, 0, 0, 0.25208909366322213, 0.5552575769558633, 0.795576778021507, 0.44887128871212834, 0, 0, 0], [0, 0, 0, 0, 0, 0, 0, 0, 1, 0, 0, 0.4505519016575293, 0.1607534800460047, 0.5370258649473089, 0.02899931331489138, 0, 0, 0], [0, 0, 0, 0, 0, 0, 0, 0, 1, 0, 0, 0.114298952601927, 0.2218213965009702, 0.26171779892885116, 0.15966311572934977, 0, 0, 0], [0, 0, 0, 0, 0, 0, 0, 0, 1, 0, 0, 0.34420398274247427, 0.43285967722589724, 0.41939873342923906, 0.32658545319028415, 0, 0, 0], [0, 0, 0, 0, 0, 0, 0, 0, 0, 0, 1, 0, 0, 0, 0, 0, 0, 0], [0, 0, 0, 0, 0, 0, 0, 0, 0, 0, 1, 0, 0, 0, 0, 0, 0, 0], [0, 0, 0, 0, 0, 0, 0, 0, 0, 0, 1, 0, 0, 0, 0, 0, 0, 0]], "edges": [[0, 12], [12, 13], [1, 12], [2, 12], [3, 14], [14, 13], [4, 14], [5, 14], [6, 14], [7, 14], [8, 14], [9, 14], [10, 14], [11, 14]], "splition": "training", "label": 39}