{"nodeNames": ["path1", "svg0"], "nodes": [[0, 0, 0, 0, 0, 0, 1, 0, 0, 0, 0, 0.2561239075363747, 0.9939111750602222, 0.8431702770126226, 0.04687394380694481, 1, 1, 0], [0, 0, 0, 0, 0, 0, 0, 0, 0, 0, 1, 0, 0, 0, 0, 0, 0, 0]], "edges": [[0, 1]], "splition": "test", "label": 0}