{"nodeNames": ["path0", "svg0"], "nodes": [[0, 0, 0, 0, 0, 0, 1, 0, 0, 0, 0, 0.06003535005919447, 1.0, 0.962128962954062, -0.900758073498546, 1, 0, 0], [0, 0, 0, 0, 0, 0, 0, 0, 0, 0, 1, 0, 0, 0, 0, 0, 0, 0]], "edges": [[0, 1]], "splition": "test", "label": 0}