{"nodeNames": ["path94", "path95", "path96", "path97", "svg0"], "nodes": [[0, 0, 0, 0, 0, 0, 1, 0, 0, 0, 0, 0.5851373804994341, 0.839867269404636, 0.6165867989500806, 0.45324612869096853, 0, 0, 0], [0, 0, 0, 0, 0, 0, 1, 0, 0, 0, 0, 0.5259469742577119, 0.8335866115225545, 0.6664338863871698, 0.4595267865730499, 0, 1, 1], [0, 0, 0, 0, 0, 0, 1, 0, 0, 0, 0, 0.39783755147253597, 0.7800230835818024, 0.4292869699231825, 0.19140136577859, 0, 0, 0], [0, 0, 0, 0, 0, 0, 1, 0, 0, 0, 0, 0.3386471452308137, 0.7737424256997211, 0.47910997664170296, 0.19768202366067134, 0, 1, 1], [0, 0, 0, 0, 0, 0, 0, 0, 0, 0, 1, 0, 0, 0, 0, 0, 0, 0]], "edges": [[0, 4], [1, 4], [2, 4], [3, 4]], "splition": "training", "label": 3}