{"nodeNames": ["path24", "svg0"], "nodes": [[0, 0, 0, 0, 0, 0, 1, 0, 0, 0, 0, 0.20291633552224808, 0.9706203929037491, 0.9533625204358077, 0.11286283638415688, 1, 1, 0], [0, 0, 0, 0, 0, 0, 0, 0, 0, 0, 1, 0, 0, 0, 0, 0, 0, 0]], "edges": [[0, 1]], "splition": "training", "label": 12}