{"nodeNames": ["path1", "path2", "path3", "path4", "path5", "path6", "g1", "g0", "svg0"], "nodes": [[0, 0, 0, 0, 0, 0, 1, 0, 0, 0, 0, 0.0, 0.8073899841308594, 0.26338944435848677, 0.5, 1, 0, 0], [0, 0, 0, 0, 0, 0, 1, 0, 0, 0, 0, 0.10564976057485229, 0.9999978637695313, 0.5421838240702, 0.6844300842285156, 1, 0, 0], [0, 0, 0, 0, 0, 0, 1, 0, 0, 0, 0, 0.5253088601190122, 0.9982150268554687, 1.0, 0.41593505859375, 1, 0, 0], [0, 0, 0, 0, 0, 0, 1, 0, 0, 0, 0, 0.7359784235080065, 0.4495599365234375, 0.9928778228317994, 0.19126998901367187, 1, 0, 0], [0, 0, 0, 0, 0, 0, 1, 0, 0, 0, 0, 0.37464916304194906, 0.3147599792480469, 0.8932981100199066, 2.288818359375e-06, 1, 0, 0], [0, 0, 0, 0, 0, 0, 1, 0, 0, 0, 0, -1.6021694289593497e-06, 0.5034049987792969, 0.42478913161501425, 0.0159649658203125, 1, 0, 0], [0, 0, 0, 0, 0, 0, 0, 0, 0, 0, 1, 0, 0, 0, 0, 0, 0, 0], [0, 0, 0, 0, 0, 0, 0, 0, 0, 0, 1, 0, 0, 0, 0, 0, 0, 0], [0, 0, 0, 0, 0, 0, 0, 0, 0, 0, 1, 0, 0, 0, 0, 0, 0, 0]], "edges": [[0, 6], [6, 7], [7, 8], [1, 6], [2, 6], [3, 6], [4, 6], [5, 6]], "splition": "training", "label": 14}