{"nodeNames": ["circle0", "circle1", "circle2", "circle3", "circle4", "circle5", "circle6", "circle7", "circle8", "circle9", "svg0"], "nodes": [[0, 0, 0, 1, 0, 0, 0, 0, 0, 0, 0, 0.4976623336990158, 0.2388526287167717, 0.5061039119571834, 0.2312523997014022, 0, 0, 1], [0, 0, 0, 1, 0, 0, 0, 0, 0, 0, 0, 0.44629867355544844, 0.24437747285215128, 0.45474025181361605, 0.2367771992326665, 0, 0, 1], [0, 0, 0, 1, 0, 0, 0, 0, 0, 0, 0, 0.3949512630314022, 0.24190738615602447, 0.4033928412895698, 0.23430711253653969, 0, 0, 1], [0, 0, 0, 1, 0, 0, 0, 0, 0, 0, 0, 0.3436038525073559, 0.17705674928062484, 0.3520454307655235, 0.16945647566114003, 0, 0, 1], [0, 0, 0, 1, 0, 0, 0, 0, 0, 0, 0, 0.2922402419053115, 0.2372302878357084, 0.3006817953927176, 0.22963001421622362, 0, 0, 1], [0, 0, 0, 1, 0, 0, 0, 0, 0, 0, 0, 0.24089285615202669, 0.21421028235475473, 0.24933440963943282, 0.20661000873526994, 0, 0, 1], [0, 0, 0, 1, 0, 0, 0, 0, 0, 0, 0, 0.1895454703987419, 0.23601714510824884, 0.19798699911538656, 0.22841691609287934, 0, 0, 1], [0, 0, 0, 1, 0, 0, 0, 0, 0, 0, 0, 0.1381980598746956, 0.21730884103521514, 0.14663961336210177, 0.20970856741573032, 0, 0, 1], [0, 0, 0, 1, 0, 0, 0, 0, 0, 0, 0, 0.08683442450188972, 0.26247189048654884, 0.09527597798929587, 0.25487166147117934, 0, 0, 1], [0, 0, 0, 1, 0, 0, 0, 0, 0, 0, 0, 0.03548701397784344, 0.7059907251986846, 0.0439285674652496, 0.6983903623709692, 0, 0, 1], [0, 0, 0, 0, 0, 0, 0, 0, 0, 0, 1, 0, 0, 0, 0, 0, 0, 0]], "edges": [[0, 10], [1, 10], [2, 10], [3, 10], [4, 10], [5, 10], [6, 10], [7, 10], [8, 10], [9, 10]], "splition": "test", "label": 15}