{"nodeNames": ["polyline15", "polyline16", "polyline17", "polyline18", "polyline19", "polyline20", "polyline21", "polyline22", "polyline23", "polyline24", "polyline25", "polyline26", "polyline27", "polyline28", "svg0"], "nodes": [[0, 1, 0, 0, 0, 0, 0, 0, 0, 0, 0, 0.4286501924347968, 0.7408395427670894, 0.590988565307153, 0.1099575888843644, 0, 0, 1], [0, 1, 0, 0, 0, 0, 0, 0, 0, 0, 0, 0.43617869329996434, 0.7408395427670894, 0.5902091486825689, 0.1099575888843644, 0, 0, 1], [0, 1, 0, 0, 0, 0, 0, 0, 0, 0, 0, 0.43849808725567374, 0.7408395427670894, 0.5881558842532082, 0.1099575888843644, 0, 0, 1], [0, 1, 0, 0, 0, 0, 0, 0, 0, 0, 0, 0.4389924023994475, 0.7408395427670894, 0.5808555109872564, 0.1099575888843644, 0, 0, 1], [0, 1, 0, 0, 0, 0, 0, 0, 0, 0, 0, 0.43673004034354207, 0.7408395427670894, 0.574296552418756, 0.1099575888843644, 0, 0, 1], [0, 1, 0, 0, 0, 0, 0, 0, 0, 0, 0, 0.43271860332996676, 0.7408395427670894, 0.5665399239543726, 0.1099575888843644, 0, 0, 1], [0, 1, 0, 0, 0, 0, 0, 0, 0, 0, 0, 0.4254752619638189, 0.7408395427670894, 0.5584600760456274, 0.1099575888843644, 0, 0, 1], [0, 1, 0, 0, 0, 0, 0, 0, 0, 0, 0, 0.3982699434113593, 0.7408395427670894, 0.5485931512520794, 0.1099575888843644, 0, 0, 1], [0, 1, 0, 0, 0, 0, 0, 0, 0, 0, 0, 0.37296576554331035, 0.7408395427670894, 0.5402851757441184, 0.1099575888843644, 0, 0, 1], [0, 1, 0, 0, 0, 0, 0, 0, 0, 0, 0, 0.32252850550662426, 0.7408395427670894, 0.5264828758094701, 0.1099575888843644, 0, 0, 1], [0, 1, 0, 0, 0, 0, 0, 0, 0, 0, 0, 0.26674904478820105, 0.7408395427670894, 0.5118441273504337, 0.1099575888843644, 0, 0, 1], [0, 1, 0, 0, 0, 0, 0, 0, 0, 0, 0, 0.2230608399829937, 0.7408395427670894, 0.5001710956994119, 0.1099575888843644, 0, 0, 1], [0, 1, 0, 0, 0, 0, 0, 0, 0, 0, 0, 0.18844105535586977, 0.7408395427670894, 0.4899239775799073, 0.1099575888843644, 0, 0, 1], [0, 1, 0, 0, 0, 0, 0, 0, 0, 0, 0, 0.16724334832833293, 0.7408395427670894, 0.48195819347076996, 0.1099575888843644, 0, 0, 1], [0, 0, 0, 0, 0, 0, 0, 0, 0, 0, 1, 0, 0, 0, 0, 0, 0, 0]], "edges": [[0, 14], [1, 14], [2, 14], [3, 14], [4, 14], [5, 14], [6, 14], [7, 14], [8, 14], [9, 14], [10, 14], [11, 14], [12, 14], [13, 14]], "splition": "test", "label": 21}