{"nodeNames": ["path0", "path1", "path2", "path3", "path4", "path5", "svg0"], "nodes": [[0, 0, 0, 0, 0, 0, 1, 0, 0, 0, 0, 0.04359168241211087, 1.0, 1.0, 0.018802649237667075, 0, 1, 1], [0, 0, 0, 0, 0, 0, 1, 0, 0, 0, 0, 0.16543644214924466, 0.8740357920547134, 0.8781565181346985, 0.1428431957290076, 0, 1, 1], [0, 0, 0, 0, 0, 0, 1, 0, 0, 0, 0, 0.30736575307482916, 0.72843084245666, 0.7362294834183152, 0.28845142424887277, 0, 1, 1], [0, 0, 0, 0, 0, 0, 1, 0, 0, 0, 0, 0.04359168241211087, 0.9990384561786855, 1.0, 0.5084397807975191, 0, 1, 1], [0, 0, 0, 0, 0, 0, 1, 0, 0, 0, 0, 0.16543644214924466, 0.8740357920547134, 0.8781565181346985, 0.2616369754831737, 0, 1, 1], [0, 0, 0, 0, 0, 0, 1, 0, 0, 0, 0, 0.30736575307482916, 0.72843084245666, 0.7362294834183152, 0.3165990006502102, 0, 1, 1], [0, 0, 0, 0, 0, 0, 0, 0, 0, 0, 1, 0, 0, 0, 0, 0, 0, 0]], "edges": [[0, 6], [1, 6], [2, 6], [3, 6], [4, 6], [5, 6]], "splition": "training", "label": 28}