{"nodeNames": ["path53", "path54", "path55", "svg0"], "nodes": [[0, 0, 0, 0, 0, 0, 1, 0, 0, 0, 0, 0.23546511627906977, 0.9917612681993065, 0.6308139534883721, 0.12981168431928097, 1, 1, 1], [0, 0, 0, 0, 0, 0, 1, 0, 0, 0, 0, 0.41569767441860467, 0.9917612681993065, 0.8081395348837209, 0.12981168431928097, 1, 1, 1], [0, 0, 0, 0, 0, 0, 1, 0, 0, 0, 0, 0.5988372093023255, 0.9917612681993065, 0.8284883720930233, 0.12981168431928097, 1, 1, 1], [0, 0, 0, 0, 0, 0, 0, 0, 0, 0, 1, 0, 0, 0, 0, 0, 0, 0]], "edges": [[0, 3], [1, 3], [2, 3]], "splition": "test", "label": 32}