{"nodeNames": ["path0", "path1", "path2", "path3", "path4", "path5", "g0", "svg0"], "nodes": [[0, 0, 0, 0, 0, 0, 1, 0, 0, 0, 0, 0.16666758769267315, 1.0, 0.7241405590160473, 0.043478260869565216, 1, 0, 0], [0, 0, 0, 0, 0, 0, 1, 0, 0, 0, 0, 0.3041918367952914, 1.0, 0.7425324311127534, 0.043478260869565216, 1, 0, 0], [0, 0, 0, 0, 0, 0, 1, 0, 0, 0, 0, 0.33605412663640205, 1.0, 0.8503216717694256, 0.043478260869565216, 1, 0, 0], [0, 0, 0, 0, 0, 0, 1, 0, 0, 0, 0, 0.5480513289168074, 1.0, 0.961737720386402, 0.043478260869565216, 1, 0, 0], [0, 0, 0, 0, 0, 0, 1, 0, 0, 0, 0, 0.6992999102618244, 1.0, 0.9986838675834037, 0.043478260869565216, 1, 0, 0], [0, 0, 0, 0, 0, 0, 1, 0, 0, 0, 0, 0.780518897804054, 1.0, 1.0, 0.043478260869565216, 1, 0, 0], [0, 0, 0, 0, 0, 0, 0, 0, 0, 0, 1, 0, 0, 0, 0, 0, 0, 0], [0, 0, 0, 0, 0, 0, 0, 0, 0, 0, 1, 0, 0, 0, 0, 0, 0, 0]], "edges": [[0, 6], [6, 7], [1, 6], [2, 6], [3, 6], [4, 6], [5, 6]], "splition": "test", "label": 32}