{"nodeNames": ["rect0", "rect1", "rect2", "rect3", "rect4", "rect5", "rect6", "rect7", "rect8", "rect9", "rect10", "rect11", "rect12", "rect13", "polygon0", "svg0"], "nodes": [[0, 0, 1, 0, 0, 0, 0, 0, 0, 0, 0, 0.6731485042596118, 0.7844415949458908, 0.9308542029469692, 0.6627351959496549, 0, 0, 0], [0, 0, 1, 0, 0, 0, 0, 0, 0, 0, 0, 0.6731485042596118, 0.6619824034955301, 0.9308542029469692, 0.45872017012037325, 0, 0, 0], [0, 0, 1, 0, 0, 0, 0, 0, 0, 0, 0, 0.3884021854704078, 1.0, 0.5948945174690594, 0.7879548306148055, 0, 0, 0], [0, 0, 1, 0, 0, 0, 0, 0, 0, 0, 0, 0.5965333201965713, 1.0, 0.9304444710069328, 0.9023838785092535, 0, 0, 0], [0, 0, 1, 0, 0, 0, 0, 0, 0, 0, 0, 0.5965333201965713, 0.9016310860551286, 0.9304444710069328, 0.7879548306148055, 0, 0, 0], [0, 0, 1, 0, 0, 0, 0, 0, 0, 0, 0, 0.16142453805443222, 0.4552070110325831, 0.42404667618248365, 0.34178171193734314, 0, 0, 0], [0, 0, 1, 0, 0, 0, 0, 0, 0, 0, 0, 0.49984245888176815, 0.7844415949458908, 0.6670029002569671, 0.6697616672874843, 0, 0, 0], [0, 0, 1, 0, 0, 0, 0, 0, 0, 0, 0, 0.4174913402398026, 0.7844415949458908, 0.49861332557797583, 0.6697616672874843, 0, 0, 0], [0, 0, 1, 0, 0, 0, 0, 0, 0, 0, 0, 0.49984245888176815, 0.6687578419071518, 0.6670029002569671, 0.45872017012037325, 0, 0, 0], [0, 0, 1, 0, 0, 0, 0, 0, 0, 0, 0, 0.16142453805443222, 0.7844415949458908, 0.4162622694523271, 0.6697616672874843, 0, 0, 0], [0, 0, 1, 0, 0, 0, 0, 0, 0, 0, 0, 0.16142453805443222, 1.0, 0.38717305216661546, 0.7879548306148055, 0, 0, 0], [0, 0, 1, 0, 0, 0, 0, 0, 0, 0, 0, 0.16142453805443222, 0.3407778865570107, 0.42404667618248365, 0.10564618846553482, 0, 0, 0], [0, 0, 1, 0, 0, 0, 0, 0, 0, 0, 0, 0.16142453805443222, 0.6687578419071518, 0.4986133880942926, 0.45872017012037325, 0, 0, 0], [0, 0, 1, 0, 0, 0, 0, 0, 0, 0, 0, 0.429782548245092, 0.33199495054697303, 0.9304444710069328, 0.10564618846553482, 0, 0, 0], [0, 0, 0, 0, 0, 1, 0, 0, 0, 0, 0, 0.429782548245092, 0.4552070110325831, 0.9304444710069328, 0.33299877592730553, 0, 0, 0], [0, 0, 0, 0, 0, 0, 0, 0, 0, 0, 1, 0, 0, 0, 0, 0, 0, 0]], "edges": [[0, 15], [1, 15], [2, 15], [3, 15], [4, 15], [5, 15], [6, 15], [7, 15], [8, 15], [9, 15], [10, 15], [11, 15], [12, 15], [13, 15], [14, 15]], "splition": "test", "label": 35}