{"nodeNames": ["rect6", "rect7", "rect8", "rect9", "rect10", "rect11", "rect12", "rect13", "rect14", "rect15", "rect16", "rect17", "g13", "g12", "g11", "g10", "g0", "svg0"], "nodes": [[0, 0, 1, 0, 0, 0, 0, 0, 0, 0, 0, 0.8548185231539425, 0.16082916368834882, 0.8623279098873592, 0.10221586847748391, 1, 0, 0], [0, 0, 1, 0, 0, 0, 0, 0, 0, 0, 0, 0.8397997496871089, 0.23373838456040028, 0.8548185231539425, 0.17512508934953538, 1, 0, 0], [0, 0, 1, 0, 0, 0, 0, 0, 0, 0, 0, 0.8222778473091364, 0.30664760543245173, 0.83729662077597, 0.24803431022158684, 1, 0, 0], [0, 0, 1, 0, 0, 0, 0, 0, 0, 0, 0, 0.8097622027534418, 0.38098641887062185, 0.8197747183979975, 0.32237312365975695, 1, 0, 0], [0, 0, 1, 0, 0, 0, 0, 0, 0, 0, 0, 0.7797246558197747, 0.45389563974267333, 0.8097622027534418, 0.39528234453180844, 1, 0, 0], [0, 0, 1, 0, 0, 0, 0, 0, 0, 0, 0, 0.7296620775969962, 0.5268048606147248, 0.7772215269086358, 0.4681915654038599, 1, 0, 0], [0, 0, 1, 0, 0, 0, 0, 0, 0, 0, 0, 0.6520650813516896, 0.6011436740528949, 0.7271589486858573, 0.54253037884203, 1, 0, 0], [0, 0, 1, 0, 0, 0, 0, 0, 0, 0, 0, 0.639549436795995, 0.6740528949249464, 0.6520650813516896, 0.6154395997140815, 1, 0, 0], [0, 0, 1, 0, 0, 0, 0, 0, 0, 0, 0, 0.5844806007509387, 0.7469621157969979, 0.6370463078848561, 0.688348820586133, 1, 0, 0], [0, 0, 1, 0, 0, 0, 0, 0, 0, 0, 0, 0.4167709637046308, 0.821300929235168, 0.5819774718397998, 0.7626876340243031, 1, 0, 0], [0, 0, 1, 0, 0, 0, 0, 0, 0, 0, 0, 0.28911138923654567, 0.8942101501072195, 0.4142678347934919, 0.8355968548963545, 1, 0, 0], [0, 0, 1, 0, 0, 0, 0, 0, 0, 0, 0, 0.1739674593241552, 0.9671193709792709, 0.28660826032540676, 0.908506075768406, 1, 0, 0], [0, 0, 0, 0, 0, 0, 0, 0, 0, 0, 1, 0, 0, 0, 0, 0, 0, 0], [0, 0, 0, 0, 0, 0, 0, 0, 0, 0, 1, 0, 0, 0, 0, 0, 0, 0], [0, 0, 0, 0, 0, 0, 0, 0, 0, 0, 1, 0, 0, 0, 0, 0, 0, 0], [0, 0, 0, 0, 0, 0, 0, 0, 0, 0, 1, 0, 0, 0, 0, 0, 0, 0], [0, 0, 0, 0, 0, 0, 0, 0, 0, 0, 1, 0, 0, 0, 0, 0, 0, 0], [0, 0, 0, 0, 0, 0, 0, 0, 0, 0, 1, 0, 0, 0, 0, 0, 0, 0]], "edges": [[0, 12], [12, 13], [13, 14], [14, 15], [15, 16], [16, 17], [1, 12], [2, 12], [3, 12], [4, 12], [5, 12], [6, 12], [7, 12], [8, 12], [9, 12], [10, 12], [11, 12]], "splition": "test", "label": 38}