{"nodeNames": ["text0", "text1", "text2", "text3", "text4", "text5", "text6", "text7", "text8", "g1", "svg0"], "nodes": [[0, 0, 0, 0, 0, 0, 0, 0, 1, 0, 0, 0.5325690935530736, 0.22255054343845093, 0.99301944971156, 0.1747364813064352, 0, 0, 0], [0, 0, 0, 0, 0, 0, 0, 0, 1, 0, 0, 0.3530356025390161, 0.9748373536854387, 0.4658277285691633, 0.5854056213624731, 0, 0, 0], [0, 0, 0, 0, 0, 0, 0, 0, 1, 0, 0, 0.2785164296904527, 0.3125127130131935, 0.708595156079363, 0.22644740117556522, 0, 0, 0], [0, 0, 0, 0, 0, 0, 0, 0, 1, 0, 0, 0.550340014837929, 0.3991255052009174, 0.7258728183413876, 0.35848355238870405, 0, 0, 0], [0, 0, 0, 0, 0, 0, 0, 0, 1, 0, 0, 0.25917371139379003, 0.14106417806302268, 0.32308924947754014, -0.05232129041935652, 0, 0, 0], [0, 0, 0, 0, 0, 0, 0, 0, 1, 0, 0, 0.2520744071884786, 0.5546599011792132, 0.7955914644962505, 0.44946896448877854, 0, 0, 0], [0, 0, 0, 0, 0, 0, 0, 0, 1, 0, 0, 0.4486720328903602, 0.16073078996219875, 0.5351459961801397, 0.029008651998901538, 0, 0, 0], [0, 0, 0, 0, 0, 0, 0, 0, 1, 0, 0, 0.1142842661271835, 0.2218213965009702, 0.2617030550850657, 0.15966311572934977, 0, 0, 0], [0, 0, 0, 0, 0, 0, 0, 0, 1, 0, 0, 0.34420398274247427, 0.4328409998578769, 0.41939873342923906, 0.32660413055830445, 0, 0, 0], [0, 0, 0, 0, 0, 0, 0, 0, 0, 0, 1, 0, 0, 0, 0, 0, 0, 0], [0, 0, 0, 0, 0, 0, 0, 0, 0, 0, 1, 0, 0, 0, 0, 0, 0, 0]], "edges": [[0, 9], [9, 10], [1, 9], [2, 9], [3, 9], [4, 9], [5, 9], [6, 9], [7, 9], [8, 9]], "splition": "test", "label": 39}