{"nodeNames": ["text0", "text1", "text2", "text3", "text4", "text5", "text6", "text7", "text8", "text9", "text10", "text11", "g0", "svg0"], "nodes": [[0, 0, 0, 0, 0, 0, 0, 0, 1, 0, 0, 0.3953510728191156, 0.4739557466568785, 0.7106420189609237, 0.09396383496629636, 0, 0, 0], [0, 0, 0, 0, 0, 0, 0, 0, 1, 0, 0, 0.2990503573276205, 0.9103166832881437, 0.9951811991809271, 0.4100491389779887, 0, 0, 0], [0, 0, 0, 0, 0, 0, 0, 0, 1, 0, 0, 0.29639718881745675, 0.8593791568393224, 0.5954256324837625, 0.691402770919175, 0, 0, 0], [0, 0, 0, 0, 0, 0, 0, 0, 1, 0, 0, 0.614311464398948, 0.536643234115441, 0.7817150927538953, 0.3012388356175643, 0, 0, 0], [0, 0, 0, 0, 0, 0, 0, 0, 1, 0, 0, 0.74578066040515, 0.2744613479999513, 1.0, 0.10648496207980392, 0, 0, 0], [0, 0, 0, 0, 0, 0, 0, 0, 1, 0, 0, 0.6457123536412599, 0.9468668518797729, 0.72909018583469, 0.7788904659596255, 0, 0, 0], [0, 0, 0, 0, 0, 0, 0, 0, 1, 0, 0, 0.24310711770163895, 0.42682559181377344, 0.4275045718397478, 0.22301825453550445, 0, 0, 0], [0, 0, 0, 0, 0, 0, 0, 0, 1, 0, 0, 0.7467796040640434, 0.5486861226755407, 0.9202282859943766, 0.3512215822611314, 0, 0, 0], [0, 0, 0, 0, 0, 0, 0, 0, 1, 0, 0, 0.060317666364221395, 0.7392671135769745, 0.3386922466691425, 0.423434936347568, 0, 0, 0], [0, 0, 0, 0, 0, 0, 0, 0, 1, 0, 0, 0.7590944355265113, 0.6284633104619723, 0.9248399618516037, 0.508377899577494, 0, 0, 0], [0, 0, 0, 0, 0, 0, 0, 0, 1, 0, 0, 0.021423673368230475, 1.0, 0.1888273017231778, 0.6747644860588036, 0, 0, 0], [0, 0, 0, 0, 0, 0, 0, 0, 1, 0, 0, 0.030212648040751428, 0.45393075398674204, 0.22189121549168517, 0.24590520277089628, 0, 0, 0], [0, 0, 0, 0, 0, 0, 0, 0, 0, 0, 1, 0, 0, 0, 0, 0, 0, 0], [0, 0, 0, 0, 0, 0, 0, 0, 0, 0, 1, 0, 0, 0, 0, 0, 0, 0]], "edges": [[0, 12], [12, 13], [1, 12], [2, 12], [3, 12], [4, 12], [5, 12], [6, 12], [7, 12], [8, 12], [9, 12], [10, 12], [11, 12]], "splition": "test", "label": 39}