{"nodeNames": ["path0", "path1", "path2", "path3", "path4", "path5", "path6", "path7", "path8", "path9", "path10", "path11", "path12", "path13", "g9", "g8", "g0", "svg0"], "nodes": [[0, 0, 0, 0, 0, 0, 1, 0, 0, 0, 0, 0.17916619805133752, 0.651361117162933, 0.23460145557299694, 0.49172353580613315, 1, 1, 1], [0, 0, 0, 0, 0, 0, 1, 0, 0, 0, 0, 0.17916619805133752, 0.8535687344980255, 0.23460145557299694, 0.651361117162933, 1, 1, 1], [0, 0, 0, 0, 0, 0, 1, 0, 0, 0, 0, 0.29003669043856306, 0.6513611647734198, 0.3454719479602225, 0.37465601423286937, 1, 1, 1], [0, 0, 0, 0, 0, 0, 1, 0, 0, 0, 0, 0.29003669043856306, 0.7790711893899459, 0.3454719479602225, 0.651361117162933, 1, 1, 1], [0, 0, 0, 0, 0, 0, 1, 0, 0, 0, 0, 0.4009072281379752, 0.3959409608062855, 0.4563424460114714, 0.24694588249274796, 1, 1, 1], [0, 0, 0, 0, 0, 0, 1, 0, 0, 0, 0, 0.4009072281379752, 0.5449360272172014, 0.4563424460114714, 0.3959409489036638, 1, 1, 1], [0, 0, 0, 0, 0, 0, 1, 0, 0, 0, 0, 0.5117777205252008, 0.5023660388493955, 0.567213012031, 0.3320859544493333, 1, 1, 1], [0, 0, 0, 0, 0, 0, 1, 0, 0, 0, 0, 0.5117777205252008, 0.6726460875415925, 0.567213012031, 0.5023660031415303, 1, 1, 1], [0, 0, 0, 0, 0, 0, 1, 0, 0, 0, 0, 0.6226482129124263, 0.2895159363249732, 0.6780835044182256, 0.22566090021146673, 1, 1, 1], [0, 0, 0, 0, 0, 0, 1, 0, 0, 0, 0, 0.6226482129124263, 0.3852984934708883, 0.6780835044182256, 0.289515942276284, 1, 1, 1], [0, 0, 0, 0, 0, 0, 1, 0, 0, 0, 0, 0.7335187959240249, 0.5342935360765607, 0.7889540137975212, 0.35337093673061454, 1, 1, 1], [0, 0, 0, 0, 0, 0, 1, 0, 0, 0, 0, 0.7335187959240249, 0.6300761467842735, 0.7889540137975212, 0.5342935955896692, 1, 1, 1], [0, 0, 0, 0, 0, 0, 1, 0, 0, 0, 0, 0.8443893789356236, 0.6194336080331461, 0.8998246704414229, 0.49172353580613315, 1, 1, 1], [0, 0, 0, 0, 0, 0, 1, 0, 0, 0, 0, 0.8443893789356236, 0.8535687344980255, 0.8998246704414229, 0.6194336199357677, 1, 1, 1], [0, 0, 0, 0, 0, 0, 0, 0, 0, 0, 1], [0, 0, 0, 0, 0, 0, 0, 0, 0, 0, 1], [0, 0, 0, 0, 0, 0, 0, 0, 0, 0, 1], [0, 0, 0, 0, 0, 0, 0, 0, 0, 0, 1]], "edges": [[0, 14], [14, 15], [15, 16], [16, 17], [1, 14], [2, 14], [3, 14], [4, 14], [5, 14], [6, 14], [7, 14], [8, 14], [9, 14], [10, 14], [11, 14], [12, 14], [13, 14]]}