{"nodeNames": ["rect0", "rect1", "rect2", "rect3", "rect4", "rect5", "rect6", "rect7", "line0", "line1", "line2", "line3", "g3", "g2", "g1", "g0", "svg0", "g5", "g7", "g9"], "nodes": [[0, 0, 1, 0, 0, 0, 0, 0, 0, 0, 0, 0.5064599483204134, 1.0, 0.5478036175710594, 0.24352331606217617, 1, 1, 1], [0, 0, 1, 0, 0, 0, 0, 0, 0, 0, 0, 0.5167958656330749, 0.39378238341968913, 0.537467700258398, 0.24352331606217617, 1, 0, 0], [0, 0, 1, 0, 0, 0, 0, 0, 0, 0, 0, 0.9405684754521964, 1.0, 0.9819121447028424, 0.24352331606217617, 1, 1, 1], [0, 0, 1, 0, 0, 0, 0, 0, 0, 0, 0, 0.7958656330749354, 1.0, 0.8372093023255814, 0.24352331606217617, 1, 1, 1], [0, 0, 1, 0, 0, 0, 0, 0, 0, 0, 0, 0.6511627906976745, 1.0, 0.6925064599483204, 0.24352331606217617, 1, 1, 1], [0, 0, 1, 0, 0, 0, 0, 0, 0, 0, 0, 0.9509043927648578, 0.47668393782383417, 0.9715762273901809, 0.24352331606217617, 1, 0, 0], [0, 0, 1, 0, 0, 0, 0, 0, 0, 0, 0, 0.8062015503875969, 0.9378238341968912, 0.8268733850129198, 0.24352331606217617, 1, 0, 0], [0, 0, 1, 0, 0, 0, 0, 0, 0, 0, 0, 0.661498708010336, 0.5647668393782384, 0.6821705426356589, 0.24352331606217617, 1, 0, 0], [1, 0, 0, 0, 0, 0, 0, 0, 0, 0, 0, 0.4883720930232558, 0.5310880829015544, 0.5658914728682171, 0.5310880829015544, 0, 1, 0], [1, 0, 0, 0, 0, 0, 0, 0, 0, 0, 0, 0.6330749354005168, 0.6658031088082902, 0.710594315245478, 0.6658031088082902, 0, 1, 0], [1, 0, 0, 0, 0, 0, 0, 0, 0, 0, 0, 0.7777777777777778, 0.8523316062176166, 0.8552971576227391, 0.8523316062176166, 0, 1, 0], [1, 0, 0, 0, 0, 0, 0, 0, 0, 0, 0, 0.9224806201550387, 0.7538860103626943, 1.0, 0.7538860103626943, 0, 1, 0], [0, 0, 0, 0, 0, 0, 0, 0, 0, 0, 1], [0, 0, 0, 0, 0, 0, 0, 0, 0, 0, 1], [0, 0, 0, 0, 0, 0, 0, 0, 0, 0, 1], [0, 0, 0, 0, 0, 0, 0, 0, 0, 0, 1], [0, 0, 0, 0, 0, 0, 0, 0, 0, 0, 1], [0, 0, 0, 0, 0, 0, 0, 0, 0, 0, 1], [0, 0, 0, 0, 0, 0, 0, 0, 0, 0, 1], [0, 0, 0, 0, 0, 0, 0, 0, 0, 0, 1]], "edges": [[0, 12], [12, 13], [13, 14], [14, 15], [15, 16], [1, 13], [2, 17], [17, 14], [3, 18], [18, 14], [4, 19], [19, 14], [5, 14], [6, 14], [7, 14], [8, 14], [9, 14], [10, 14], [11, 14]]}