{"nodeNames": ["path0", "path1", "g0", "svg0"], "nodes": [[0, 0, 0, 0, 0, 0, 1, 0, 0, 0, 0, 0.1764101864435194, 0.6539278131634819, 0.9188162384168848, 0.0686482661004954, 1, 1, 0], [0, 0, 0, 0, 0, 0, 1, 0, 0, 0, 0, 0.3828342205085097, 0.9992922859164898, 0.9188162384168848, 0.06829440905874026, 1, 1, 0], [0, 0, 0, 0, 0, 0, 0, 0, 0, 0, 1], [0, 0, 0, 0, 0, 0, 0, 0, 0, 0, 1]], "edges": [[0, 2], [2, 3], [1, 2]]}