{"nodeNames": ["path4", "path5", "g0", "svg0"], "nodes": [[0, 0, 0, 0, 0, 0, 1, 0, 0, 0, 0, 0.2966414464192354, 0.9485172648251505, 0.8267368471710108, 0.12646661742477977, 1, 0, 0], [0, 0, 0, 0, 0, 0, 1, 0, 0, 0, 0, 0.2966414464192354, 0.9485172648251505, 0.8260789397954805, 0.12646661742477977, 0, 1, 1], [0, 0, 0, 0, 0, 0, 0, 0, 0, 0, 1], [0, 0, 0, 0, 0, 0, 0, 0, 0, 0, 1]], "edges": [[0, 2], [2, 3], [1, 2]]}