{"nodeNames": ["rect0", "rect1", "rect2", "rect3", "rect4", "rect5", "rect6", "rect7", "rect8", "rect9", "rect10", "rect11", "rect12", "rect13", "rect14", "rect15", "g11", "g10", "g0", "svg0", "g16", "g21", "g26"], "nodes": [[0, 0, 1, 0, 0, 0, 0, 0, 0, 0, 0, 0.4, 0.36744957832252767, 0.52, 0.26686282224541114, 1, 0, 0], [0, 0, 1, 0, 0, 0, 0, 0, 0, 0, 0, 0.4, 0.5111449441469799, 0.52, 0.36744957832252767, 1, 0, 0], [0, 0, 1, 0, 0, 0, 0, 0, 0, 0, 0, 0.4, 0.7027387652462493, 0.52, 0.5111449441469799, 1, 0, 0], [0, 0, 1, 0, 0, 0, 0, 0, 0, 0, 0, 0.4, 0.745847374993585, 0.52, 0.7027387652462493, 1, 0, 0], [0, 0, 1, 0, 0, 0, 0, 0, 0, 0, 0, 0.56, 0.34350035068511897, 0.68, 0.21896436697059377, 1, 0, 0], [0, 0, 1, 0, 0, 0, 0, 0, 0, 0, 0, 0.56, 0.5111449441469799, 0.68, 0.34350035068511897, 1, 0, 0], [0, 0, 1, 0, 0, 0, 0, 0, 0, 0, 0, 0.56, 0.6165215457515781, 0.68, 0.5111449441469799, 1, 0, 0], [0, 0, 1, 0, 0, 0, 0, 0, 0, 0, 0, 0.56, 0.6979489197187676, 0.68, 0.6165215457515781, 1, 0, 0], [0, 0, 1, 0, 0, 0, 0, 0, 0, 0, 0, 0.72, 0.37702926937749115, 0.84, 0.30518158646526505, 1, 0, 0], [0, 0, 1, 0, 0, 0, 0, 0, 0, 0, 0, 0.72, 0.5111449441469799, 0.84, 0.37702926937749115, 1, 0, 0], [0, 0, 1, 0, 0, 0, 0, 0, 0, 0, 0, 0.72, 0.6979489197187676, 0.84, 0.5111449441469799, 1, 0, 0], [0, 0, 1, 0, 0, 0, 0, 0, 0, 0, 0, 0.72, 0.7841661392134389, 0.84, 0.6979489197187676, 1, 0, 0], [0, 0, 1, 0, 0, 0, 0, 0, 0, 0, 0, 0.88, 0.33871050515763723, 1.0, 0.25728313119044766, 1, 0, 0], [0, 0, 1, 0, 0, 0, 0, 0, 0, 0, 0, 0.88, 0.5111449441469799, 1.0, 0.33871050515763723, 1, 0, 0], [0, 0, 1, 0, 0, 0, 0, 0, 0, 0, 0, 0.88, 0.6452606189164685, 1.0, 0.5111449441469799, 1, 0, 0], [0, 0, 1, 0, 0, 0, 0, 0, 0, 0, 0, 0.88, 0.7362676839386215, 1.0, 0.6452606189164685, 1, 0, 0], [0, 0, 0, 0, 0, 0, 0, 0, 0, 0, 1], [0, 0, 0, 0, 0, 0, 0, 0, 0, 0, 1], [0, 0, 0, 0, 0, 0, 0, 0, 0, 0, 1], [0, 0, 0, 0, 0, 0, 0, 0, 0, 0, 1], [0, 0, 0, 0, 0, 0, 0, 0, 0, 0, 1], [0, 0, 0, 0, 0, 0, 0, 0, 0, 0, 1], [0, 0, 0, 0, 0, 0, 0, 0, 0, 0, 1]], "edges": [[0, 16], [16, 17], [17, 18], [18, 19], [1, 16], [2, 16], [3, 16], [4, 20], [20, 17], [5, 20], [6, 20], [7, 20], [8, 21], [21, 17], [9, 21], [10, 21], [11, 21], [12, 22], [22, 17], [13, 22], [14, 22], [15, 22]]}