{"nodeNames": ["path76", "path77", "path78", "path79", "path80", "path81", "path82", "path83", "path84", "path85", "path86", "path87", "path88", "path89", "g17", "svg0", "g18", "g19", "g20", "g21", "g22", "g24", "g23", "g25"], "nodes": [[0, 0, 0, 0, 0, 0, 1, 0, 0, 0, 0, 0.00978337088986892, 0.3662706321947818, 0.5039177542271635, 0.28055605458275473, 0, 0, 0], [0, 0, 0, 0, 0, 0, 1, 0, 0, 0, 0, 0.005307997168989527, 0.36953139532692947, 0.5409845733705514, 0.2766105258856244, 0, 0, 0], [0, 0, 0, 0, 0, 0, 1, 0, 0, 0, 0, 0.023833959638589697, 0.3662706321947818, 0.5039178336326694, 0.13109353120108225, 0, 0, 0], [0, 0, 0, 0, 0, 0, 1, 0, 0, 0, 0, 0.018451616228743032, 0.37266173324102286, 0.5209569280033454, 0.12649587641368065, 0, 0, 0], [0, 0, 0, 0, 0, 0, 1, 0, 0, 0, 0, 0.1292207769815145, 0.3662706321947818, 0.659827243566271, 0.005945459437757185, 0, 0, 0], [0, 0, 0, 0, 0, 0, 1, 0, 0, 0, 0, 0.12291659236580038, 0.37191182140740886, 0.6654623347015582, 0.002695576130513318, 0, 0, 0], [0, 0, 0, 0, 0, 0, 1, 0, 0, 0, 0, 0.5039178222890257, 0.3662706321947818, 0.9742480230524619, 0.024651361318188972, 0, 0, 0], [0, 0, 0, 0, 0, 0, 1, 0, 0, 0, 0, 0.49694452150559737, 0.37122705584242616, 0.9798087679468922, 0.02052107461888106, 0, 0, 0], [0, 0, 0, 0, 0, 0, 1, 0, 0, 0, 0, 0.5039178222890257, 0.510526827658001, 0.9955394977960208, 0.261176300132442, 0, 0, 0], [0, 0, 0, 0, 0, 0, 1, 0, 0, 0, 0, 0.49108639164773865, 0.5148310588749784, 1.0, 0.2571112260421612, 0, 0, 0], [0, 0, 0, 0, 0, 0, 1, 0, 0, 0, 0, 0.370325772204933, 0.7265849582971005, 0.9544433823768963, 0.3662706321947818, 0, 0, 0], [0, 0, 0, 0, 0, 0, 1, 0, 0, 0, 0, 0.36485423372461645, 0.7298130819545366, 0.960286629374211, 0.3618034026254344, 0, 0, 0], [0, 0, 0, 0, 0, 0, 1, 0, 0, 0, 0, 0.01042270999285169, 0.7123245595064063, 0.49945726336682794, 0.3687597238435078, 0, 0, 0], [0, 0, 0, 0, 0, 0, 1, 0, 0, 0, 0, 0.005902733064915499, 0.7163896335966871, 0.5054046563570188, 0.3654663212366487, 0, 0, 0], [0, 0, 0, 0, 0, 0, 0, 0, 0, 0, 1], [0, 0, 0, 0, 0, 0, 0, 0, 0, 0, 1], [0, 0, 0, 0, 0, 0, 0, 0, 0, 0, 1], [0, 0, 0, 0, 0, 0, 0, 0, 0, 0, 1], [0, 0, 0, 0, 0, 0, 0, 0, 0, 0, 1], [0, 0, 0, 0, 0, 0, 0, 0, 0, 0, 1], [0, 0, 0, 0, 0, 0, 0, 0, 0, 0, 1], [0, 0, 0, 0, 0, 0, 0, 0, 0, 0, 1], [0, 0, 0, 0, 0, 0, 0, 0, 0, 0, 1], [0, 0, 0, 0, 0, 0, 0, 0, 0, 0, 1]], "edges": [[0, 14], [14, 15], [1, 14], [2, 16], [16, 15], [3, 16], [4, 17], [17, 15], [5, 17], [6, 18], [18, 15], [7, 18], [8, 19], [19, 15], [9, 19], [10, 20], [20, 15], [11, 20], [12, 21], [21, 22], [22, 15], [13, 23], [23, 22]]}