{"nodeNames": ["path11", "path12", "path13", "path14", "path15", "path16", "path17", "g9", "g8", "g7", "g6", "g5", "g1", "g0", "svg0", "g10", "g11", "g12", "g13", "g14", "g15"], "nodes": [[0, 0, 0, 0, 0, 0, 1, 0, 0, 0, 0, 0.32813473350123357, 0.7175299719182028, 0.5736842105263158, 0.5898617511520737, 1, 1, 1], [0, 0, 0, 0, 0, 0, 1, 0, 0, 0, 0, 0.531991545024671, 0.6844368789602534, 0.5736842105263158, 0.5898617511520737, 1, 1, 1], [0, 0, 0, 0, 0, 0, 1, 0, 0, 0, 0, 0.5736842105263158, 0.5898617511520737, 0.6778337016858552, 0.4457714168706797, 1, 1, 1], [0, 0, 0, 0, 0, 0, 1, 0, 0, 0, 0, 0.251808439555921, 0.5898617511520737, 0.5736842105263158, 0.4467741935483871, 1, 1, 1], [0, 0, 0, 0, 0, 0, 1, 0, 0, 0, 0, 0.5736842105263158, 0.8090838313652073, 0.8414168508429276, 0.5898617511520737, 1, 1, 1], [0, 0, 0, 0, 0, 0, 1, 0, 0, 0, 0, 0.49849056846217105, 0.5898617511520737, 0.6488779168379935, 0.33548342093894007, 1, 1, 1], [0, 0, 0, 0, 0, 0, 1, 0, 0, 0, 0, 0.5736842105263158, 0.6147649949596774, 0.7915801038240131, 0.5649585073444701, 1, 1, 1], [0, 0, 0, 0, 0, 0, 0, 0, 0, 0, 1], [0, 0, 0, 0, 0, 0, 0, 0, 0, 0, 1], [0, 0, 0, 0, 0, 0, 0, 0, 0, 0, 1], [0, 0, 0, 0, 0, 0, 0, 0, 0, 0, 1], [0, 0, 0, 0, 0, 0, 0, 0, 0, 0, 1], [0, 0, 0, 0, 0, 0, 0, 0, 0, 0, 1], [0, 0, 0, 0, 0, 0, 0, 0, 0, 0, 1], [0, 0, 0, 0, 0, 0, 0, 0, 0, 0, 1], [0, 0, 0, 0, 0, 0, 0, 0, 0, 0, 1], [0, 0, 0, 0, 0, 0, 0, 0, 0, 0, 1], [0, 0, 0, 0, 0, 0, 0, 0, 0, 0, 1], [0, 0, 0, 0, 0, 0, 0, 0, 0, 0, 1], [0, 0, 0, 0, 0, 0, 0, 0, 0, 0, 1], [0, 0, 0, 0, 0, 0, 0, 0, 0, 0, 1]], "edges": [[0, 7], [7, 8], [8, 9], [9, 10], [10, 11], [11, 12], [12, 13], [13, 14], [1, 15], [15, 8], [2, 16], [16, 8], [3, 17], [17, 8], [4, 18], [18, 8], [5, 19], [19, 8], [6, 20], [20, 8]]}