{"nodeNames": ["path4", "path5", "path6", "path7", "path10", "path12", "path13", "g1", "svg0"], "nodes": [[0, 0, 0, 0, 0, 0, 1, 0, 0, 0, 0, 0.20847468295536364, 0.8990160773058775, 0.7711537486979149, 0.4150759611313034, 0, 0, 0], [0, 0, 0, 0, 0, 0, 1, 0, 0, 0, 0, 0.29252110935978487, 0.8341206066653818, 0.692314082938686, 0.4941194176349358, 0, 0, 0], [0, 0, 0, 0, 0, 0, 1, 0, 0, 0, 0, 0.1835679492346955, 0.775687044036845, 0.8860224671710999, 0.43426187293162344, 0, 0, 0], [0, 0, 0, 0, 0, 0, 1, 0, 0, 0, 0, 0.2311544438041317, 0.7145346569893237, 0.6659987988663697, 0.36346396853872687, 0, 0, 0], [0, 0, 0, 0, 0, 0, 1, 0, 0, 0, 0, 0.21556160679315783, 0.8974002557990334, 0.7691256740888563, 0.42118470347765813, 0, 0, 0], [0, 0, 0, 0, 0, 0, 1, 0, 0, 0, 0, 0.18720988453430795, 0.774058229813206, 0.8825389442241072, 0.4362019217803014, 0, 0, 0], [0, 0, 0, 0, 0, 0, 1, 0, 0, 0, 0, 0.2344634777440247, 0.7129202134978972, 0.6638124358095429, 0.3664844799044996, 0, 0, 0], [0, 0, 0, 0, 0, 0, 0, 0, 0, 0, 1], [0, 0, 0, 0, 0, 0, 0, 0, 0, 0, 1]], "edges": [[0, 7], [7, 8], [1, 7], [2, 7], [3, 7], [4, 7], [5, 7], [6, 7]]}