{"nodeNames": ["path15", "path16", "path17", "path18", "path19", "path20", "path21", "path22", "path23", "path24", "path25", "svg0"], "nodes": [[0, 0, 0, 0, 0, 0, 1, 0, 0, 0, 0, 0.3197771672750914, 0.5068623392844299, 0.3459610367883879, 0.48414573451467513, 1, 0, 1], [0, 0, 0, 0, 0, 0, 1, 0, 0, 0, 0, 0.6183844011142061, 0.2773308541831615, 0.6445683131310933, 0.25461424941340677, 1, 0, 1], [0, 0, 0, 0, 0, 0, 1, 0, 0, 0, 0, 0.6311977035819986, 0.3828679534792496, 0.6573816155988857, 0.36015149313722744, 1, 0, 1], [0, 0, 0, 0, 0, 0, 1, 0, 0, 0, 0, 0.5270195326101149, 0.4353999305013751, 0.5532033596198207, 0.4126834701593529, 1, 0, 1], [0, 0, 0, 0, 0, 0, 1, 0, 0, 0, 0, 0.5526462225528813, 0.5712258361571362, 0.5788300495625871, 0.5485092313873815, 1, 0, 1], [0, 0, 0, 0, 0, 0, 1, 0, 0, 0, 0, 0.44846796657381616, 0.7018456997653627, 0.47465187859070335, 0.6791292394233405, 1, 0, 1], [0, 0, 0, 0, 0, 0, 1, 0, 0, 0, 0, 0.304735359043132, 0.7098911910348507, 0.33091922855642847, 0.6871747306928285, 1, 0, 1], [0, 0, 0, 0, 0, 0, 1, 0, 0, 0, 0, 0.1805014012583783, 0.8405111990708097, 0.20668527077167478, 0.8177947387287875, 1, 0, 1], [0, 0, 0, 0, 0, 0, 1, 0, 0, 0, 0, 0.2919220140717488, 0.9375296618455726, 0.31810588358504527, 0.9148132015035505, 1, 0, 1], [0, 0, 0, 0, 0, 0, 1, 0, 0, 0, 0, 0.14150418677369864, 0.651680171141086, 0.16768801378340442, 0.6289635663713312, 1, 0, 1], [0, 0, 0, 0, 0, 0, 1, 0, 0, 0, 0, 0.16100279401603848, 0.929010880896515, 0.18718666352933497, 0.9062944205544927, 1, 0, 1], [0, 0, 0, 0, 0, 0, 0, 0, 0, 0, 1]], "edges": [[0, 11], [1, 11], [2, 11], [3, 11], [4, 11], [5, 11], [6, 11], [7, 11], [8, 11], [9, 11], [10, 11]]}