{"nodeNames": ["path12", "path13", "path14", "path15", "path16", "path17", "svg0"], "nodes": [[0, 0, 0, 0, 0, 0, 1, 0, 0, 0, 0, 0.4152743451400969, 0.9138779278823937, 0.9443339960238568, 0.08057565741970887, 1, 0, 0], [0, 0, 0, 0, 0, 0, 1, 0, 0, 0, 0, 0.4152743451400969, 0.9138790560738216, 0.9362863347260189, 0.08057672920156539, 1, 0, 0], [0, 0, 0, 0, 0, 0, 1, 0, 0, 0, 0, 0.3847852824459493, 0.9138790560738216, 0.6079144639001925, 0.08057672920156539, 1, 0, 0], [0, 0, 0, 0, 0, 0, 1, 0, 0, 0, 0, 0.1524274154875435, 0.9138790560738216, 0.5532206541027274, 0.08057672920156539, 1, 0, 0], [0, 0, 0, 0, 0, 0, 1, 0, 0, 0, 0, 0.03292048854334928, 0.9138790560738216, 0.5326303288666439, 0.08057672920156539, 1, 0, 0], [0, 0, 0, 0, 0, 0, 1, 0, 0, 0, 0, 0.019880715705765408, 0.9138790560738216, 0.47776548715519385, 0.08057672920156539, 1, 0, 0], [0, 0, 0, 0, 0, 0, 0, 0, 0, 0, 1]], "edges": [[0, 6], [1, 6], [2, 6], [3, 6], [4, 6], [5, 6]]}