{"nodeNames": ["path2", "g0", "svg0"], "nodes": [[0, 0, 0, 0, 0, 0, 1, 0, 0, 0, 0, 0.18193224592220827, 0.9873128175120356, 0.9284818067754078, 0.11234938957895577, 1, 0, 0], [0, 0, 0, 0, 0, 0, 0, 0, 0, 0, 1], [0, 0, 0, 0, 0, 0, 0, 0, 0, 0, 1]], "edges": [[0, 1], [1, 2]]}