{"nodeNames": ["path0", "path1", "path2", "path3", "path4", "path5", "path6", "path7", "path8", "path9", "path10", "path11", "g2", "svg0"], "nodes": [[0, 0, 0, 0, 0, 0, 1, 0, 0, 0, 0, 0.15400000762939453, 0.7138888888888889, 0.1984201011657715, 0.07333333333333333, 1, 0, 0], [0, 0, 0, 0, 0, 0, 1, 0, 0, 0, 0, 0.20042008209228515, 0.3288888888888889, 0.24484017562866212, 0.07333333333333333, 1, 0, 0], [0, 0, 0, 0, 0, 0, 1, 0, 0, 0, 0, 0.2468401870727539, 0.20055555555555554, 0.29126028060913084, 0.07333333333333333, 1, 0, 0], [0, 0, 0, 0, 0, 0, 1, 0, 0, 0, 0, 0.36824658966064455, 0.8229722086588541, 0.4126666603088379, 0.07333333333333333, 1, 0, 0], [0, 0, 0, 0, 0, 0, 1, 0, 0, 0, 0, 0.414666633605957, 0.3673888821072049, 0.4590867500305176, 0.07333333333333333, 1, 0, 0], [0, 0, 0, 0, 0, 0, 1, 0, 0, 0, 0, 0.46108679962158206, 0.2326388888888889, 0.5055068702697754, 0.07333333333333333, 1, 0, 0], [0, 0, 0, 0, 0, 0, 1, 0, 0, 0, 0, 0.5824931716918945, 0.4957222154405382, 0.6269132881164551, 0.07333333333333333, 1, 0, 0], [0, 0, 0, 0, 0, 0, 1, 0, 0, 0, 0, 0.6289132766723633, 0.7908888753255209, 0.6733332977294922, 0.07333333333333333, 1, 0, 0], [0, 0, 0, 0, 0, 0, 1, 0, 0, 0, 0, 0.6753333206176758, 0.26472222222222225, 0.7197534370422364, 0.07333333333333333, 1, 0, 0], [0, 0, 0, 0, 0, 0, 1, 0, 0, 0, 0, 0.7967397537231445, 0.733138902452257, 0.8411597747802735, 0.07333333333333333, 1, 0, 0], [0, 0, 0, 0, 0, 0, 1, 0, 0, 0, 0, 0.8431597976684571, 0.41872222900390627, 0.8875799140930176, 0.07333333333333333, 1, 0, 0], [0, 0, 0, 0, 0, 0, 1, 0, 0, 0, 0, 0.8895799026489258, 0.29680555555555554, 0.9340000190734863, 0.07333333333333333, 1, 0, 0], [0, 0, 0, 0, 0, 0, 0, 0, 0, 0, 1], [0, 0, 0, 0, 0, 0, 0, 0, 0, 0, 1]], "edges": [[0, 12], [12, 13], [1, 12], [2, 12], [3, 12], [4, 12], [5, 12], [6, 12], [7, 12], [8, 12], [9, 12], [10, 12], [11, 12]]}