{"nodeNames": ["path0", "path1", "path2", "path3", "circle0", "circle1", "circle2", "circle3", "circle4", "circle5", "circle6", "circle7", "g0", "svg0"], "nodes": [[0, 0, 0, 0, 0, 0, 1, 0, 0, 0, 0, 0.5797764421238798, 0.21403507486979167, 0.6264422970606408, 0.16491227213541668, 0, 0, 1], [0, 0, 0, 0, 0, 0, 1, 0, 0, 0, 0, 0.24906369086838492, 0.36140348307291664, 0.5797764421238798, 0.21403507486979167, 0, 0, 1], [0, 0, 0, 0, 0, 0, 1, 0, 0, 0, 0, 0.2620573862847664, 0.8035087890625, 0.8451012189003759, 0.36140348307291664, 0, 0, 1], [0, 0, 0, 0, 0, 0, 1, 0, 0, 0, 0, 0.19163953943475356, 0.90175439453125, 0.7044049358151664, 0.8035087890625, 0, 0, 1], [0, 0, 0, 1, 0, 0, 0, 0, 0, 0, 0, 0.5754112180184856, 0.16757893880208333, 0.5841416662292739, 0.16224560546875, 1, 0, 0], [0, 0, 0, 1, 0, 0, 0, 0, 0, 0, 0, 0.5754112180184856, 0.21670174153645833, 0.5841416662292739, 0.211368408203125, 1, 0, 0], [0, 0, 0, 1, 0, 0, 0, 0, 0, 0, 0, 0.5754112180184856, 0.21670174153645833, 0.5841416662292739, 0.211368408203125, 1, 0, 0], [0, 0, 0, 1, 0, 0, 0, 0, 0, 0, 0, 0.39503519701723894, 0.36407014973958335, 0.40376564522802727, 0.35873681640625, 1, 0, 0], [0, 0, 0, 1, 0, 0, 0, 0, 0, 0, 0, 0.39503519701723894, 0.36407014973958335, 0.40376564522802727, 0.35873681640625, 1, 0, 0], [0, 0, 0, 1, 0, 0, 0, 0, 0, 0, 0, 0.7000397117097723, 0.8061754557291667, 0.7087701599205606, 0.8008421223958333, 1, 0, 0], [0, 0, 0, 1, 0, 0, 0, 0, 0, 0, 0, 0.7000397117097723, 0.8061754557291667, 0.7087701599205606, 0.8008421223958333, 1, 0, 0], [0, 0, 0, 1, 0, 0, 0, 0, 0, 0, 0, 0.1872743153293594, 0.9044210611979167, 0.19600476354014773, 0.8990877278645834, 1, 0, 0], [0, 0, 0, 0, 0, 0, 0, 0, 0, 0, 1], [0, 0, 0, 0, 0, 0, 0, 0, 0, 0, 1]], "edges": [[0, 12], [12, 13], [1, 12], [2, 12], [3, 12], [4, 12], [5, 12], [6, 12], [7, 12], [8, 12], [9, 12], [10, 12], [11, 12]]}