{"nodeNames": ["path5", "path6", "path7", "path8", "path9", "path10", "path11", "path12", "g3", "g1", "g0", "svg0", "g4"], "nodes": [[0, 0, 0, 0, 0, 0, 1, 0, 0, 0, 0, 0.10375, 0.27606951871657753, 0.45125, 0.08088235294117647, 1, 1, 1], [0, 0, 0, 0, 0, 0, 1, 0, 0, 0, 0, 0.10375, 0.5127005347593583, 0.45125, 0.27740641711229946, 1, 1, 1], [0, 0, 0, 0, 0, 0, 1, 0, 0, 0, 0, 0.10375, 0.7707219251336899, 0.44875, 0.5140374331550802, 1, 1, 1], [0, 0, 0, 0, 0, 0, 1, 0, 0, 0, 0, 0.10375, 0.9725935828877005, 0.44375, 0.7720588235294118, 1, 1, 1], [0, 0, 0, 0, 0, 0, 1, 0, 0, 0, 0, 0.45375, 0.27606951871657753, 0.89375, 0.08088235294117647, 1, 1, 1], [0, 0, 0, 0, 0, 0, 1, 0, 0, 0, 0, 0.45375, 0.5127005347593583, 0.89375, 0.27740641711229946, 1, 1, 1], [0, 0, 0, 0, 0, 0, 1, 0, 0, 0, 0, 0.45125, 0.7707219251336899, 0.89375, 0.5140374331550802, 1, 1, 1], [0, 0, 0, 0, 0, 0, 1, 0, 0, 0, 0, 0.44625, 0.9725935828877005, 0.89375, 0.7720588235294118, 1, 1, 1], [0, 0, 0, 0, 0, 0, 0, 0, 0, 0, 1], [0, 0, 0, 0, 0, 0, 0, 0, 0, 0, 1], [0, 0, 0, 0, 0, 0, 0, 0, 0, 0, 1], [0, 0, 0, 0, 0, 0, 0, 0, 0, 0, 1], [0, 0, 0, 0, 0, 0, 0, 0, 0, 0, 1]], "edges": [[0, 8], [8, 9], [9, 10], [10, 11], [1, 8], [2, 8], [3, 8], [4, 12], [12, 9], [5, 12], [6, 12], [7, 12]]}