{"nodeNames": ["path0", "path1", "path2", "path3", "path4", "path6", "path7", "path8", "path9", "path10", "pattern0", "defs0", "svg0", "pattern1", "pattern2", "pattern3", "pattern4", "g1", "g0"], "nodes": [[0, 0, 0, 0, 0, 0, 1, 0, 0, 0, 0, -0.0011904761904761906, 0.007857142857142858, 0.013095238095238096, -0.0007142857142857143, 0, 1, 1], [0, 0, 0, 0, 0, 0, 1, 0, 0, 0, 0, -0.0011904761904761906, 0.007857142857142858, 0.013095238095238096, -0.0007142857142857143, 0, 1, 1], [0, 0, 0, 0, 0, 0, 1, 0, 0, 0, 0, 0.0, 0.005714285714285714, 0.011904761904761904, 0.002857142857142857, 0, 1, 1], [0, 0, 0, 0, 0, 0, 1, 0, 0, 0, 0, 0.004761904761904762, 0.007142857142857143, 0.009523809523809525, 0.0, 0, 1, 1], [0, 0, 0, 0, 0, 0, 1, 0, 0, 0, 0, 0.0, 0.007142857142857143, 0.011904761904761904, 0.0, 0, 1, 1], [0, 0, 0, 0, 0, 0, 1, 0, 0, 0, 0, 0.24293038504464284, 0.7092856924874442, 0.878325689406622, 0.4999581909179687, 1, 1, 1], [0, 0, 0, 0, 0, 0, 1, 0, 0, 0, 0, 0.47171053205217633, 0.614891117640904, 0.9404762268066407, 0.2907142857142857, 1, 1, 1], [0, 0, 0, 0, 0, 0, 1, 0, 0, 0, 0, 0.27315321422758554, 0.5, 0.5916666666666667, 0.3052859933035714, 1, 1, 1], [0, 0, 0, 0, 0, 0, 1, 0, 0, 0, 0, 0.25794561476934524, 0.4999999945504325, 0.5916666666666667, 0.41939361572265627, 1, 1, 1], [0, 0, 0, 0, 0, 0, 1, 0, 0, 0, 0, 0.24294208344959078, 0.4999999945504325, 0.5916667029971168, 0.4439084734235491, 1, 1, 1], [0, 0, 0, 0, 0, 0, 0, 0, 0, 0, 1], [0, 0, 0, 0, 0, 0, 0, 0, 0, 0, 1], [0, 0, 0, 0, 0, 0, 0, 0, 0, 0, 1], [0, 0, 0, 0, 0, 0, 0, 0, 0, 0, 1], [0, 0, 0, 0, 0, 0, 0, 0, 0, 0, 1], [0, 0, 0, 0, 0, 0, 0, 0, 0, 0, 1], [0, 0, 0, 0, 0, 0, 0, 0, 0, 0, 1], [0, 0, 0, 0, 0, 0, 0, 0, 0, 0, 1], [0, 0, 0, 0, 0, 0, 0, 0, 0, 0, 1]], "edges": [[0, 10], [10, 11], [11, 12], [1, 13], [13, 11], [2, 14], [14, 11], [3, 15], [15, 11], [4, 16], [16, 11], [5, 17], [17, 18], [18, 12], [6, 17], [7, 17], [8, 17], [9, 17]]}