{"nodeNames": ["rect4", "rect6", "rect7", "rect8", "rect9", "rect10", "rect11", "rect12", "rect13", "rect14", "g6", "g5", "g4", "svg0"], "nodes": [[0, 0, 1, 0, 0, 0, 0, 0, 0, 0, 0, 0.5150000381469727, 0.9833332824707032, 0.8400000381469727, 0.6699999491373698, 1, 1, 1], [0, 0, 1, 0, 0, 0, 0, 0, 0, 0, 0, 0.8400000381469727, 0.9833332824707032, 0.9625000381469726, 0.6699999491373698, 1, 1, 1], [0, 0, 1, 0, 0, 0, 0, 0, 0, 0, 0, 0.6900000381469726, 0.355, 0.9625000381469726, 0.016666666666666666, 1, 1, 1], [0, 0, 1, 0, 0, 0, 0, 0, 0, 0, 0, 0.4475, 0.9833333333333333, 0.515, 0.355, 1, 1, 1], [0, 0, 1, 0, 0, 0, 0, 0, 0, 0, 0, 0.355, 0.9833333333333333, 0.4475, 0.355, 1, 1, 1], [0, 0, 1, 0, 0, 0, 0, 0, 0, 0, 0, 0.5150000381469727, 0.67, 0.7775000381469727, 0.355, 1, 1, 1], [0, 0, 1, 0, 0, 0, 0, 0, 0, 0, 0, 0.7775000381469727, 0.67, 0.8925000381469727, 0.355, 1, 1, 1], [0, 0, 1, 0, 0, 0, 0, 0, 0, 0, 0, 0.8925000381469727, 0.67, 0.9625000381469726, 0.355, 1, 1, 1], [0, 0, 1, 0, 0, 0, 0, 0, 0, 0, 0, 0.1525, 0.355, 0.69, 0.016666666666666666, 1, 1, 1], [0, 0, 1, 0, 0, 0, 0, 0, 0, 0, 0, 0.1525, 0.9833333333333333, 0.355, 0.355, 1, 1, 1], [0, 0, 0, 0, 0, 0, 0, 0, 0, 0, 1], [0, 0, 0, 0, 0, 0, 0, 0, 0, 0, 1], [0, 0, 0, 0, 0, 0, 0, 0, 0, 0, 1], [0, 0, 0, 0, 0, 0, 0, 0, 0, 0, 1]], "edges": [[0, 10], [10, 11], [11, 12], [12, 13], [1, 10], [2, 10], [3, 10], [4, 10], [5, 10], [6, 10], [7, 10], [8, 10], [9, 10]]}