{"nodeNames": ["path15", "path16", "path17", "path18", "path19", "path20", "path21", "g6", "g5", "svg0"], "nodes": [[0, 0, 0, 0, 0, 0, 1, 0, 0, 0, 0, 0.76375, 0.22357142857142856, 0.85125, 0.1492857142857143, 1, 1, 1], [0, 0, 0, 0, 0, 0, 1, 0, 0, 0, 0, 0.34375, 0.3464285714285714, 0.76125, 0.27214285714285713, 1, 1, 1], [0, 0, 0, 0, 0, 0, 1, 0, 0, 0, 0, 0.17625, 0.4692857142857143, 0.34625, 0.395, 1, 1, 1], [0, 0, 0, 0, 0, 0, 1, 0, 0, 0, 0, 0.17625, 0.5921428571428572, 0.85125, 0.5178571428571429, 1, 1, 1], [0, 0, 0, 0, 0, 0, 1, 0, 0, 0, 0, 0.17625, 0.715, 0.42875, 0.6407142857142857, 1, 1, 1], [0, 0, 0, 0, 0, 0, 1, 0, 0, 0, 0, 0.42625, 0.8378571428571429, 0.59875, 0.7635714285714286, 1, 1, 1], [0, 0, 0, 0, 0, 0, 1, 0, 0, 0, 0, 0.59875, 0.9607142857142857, 0.85125, 0.8864285714285715, 1, 1, 1], [0, 0, 0, 0, 0, 0, 0, 0, 0, 0, 1], [0, 0, 0, 0, 0, 0, 0, 0, 0, 0, 1], [0, 0, 0, 0, 0, 0, 0, 0, 0, 0, 1]], "edges": [[0, 7], [7, 8], [8, 9], [1, 7], [2, 7], [3, 7], [4, 7], [5, 7], [6, 7]]}