{"nodeNames": ["path9", "path10", "path11", "path12", "path13", "path14", "path15", "path16", "path17", "path18", "path19", "path20", "path21", "path22", "g9", "g0", "svg0"], "nodes": [[0, 0, 0, 0, 0, 0, 1, 0, 0, 0, 0, 0.47619047619047616, 0.12193436893581576, 0.9321175278622087, 0.06921029160716902, 1, 0, 0], [0, 0, 0, 0, 0, 0, 1, 0, 0, 0, 0, 0.2816231059931453, 0.1888857519130785, 0.47619047619047616, 0.13616167458443176, 1, 0, 0], [0, 0, 0, 0, 0, 0, 1, 0, 0, 0, 0, 0.2816231059931453, 0.25583713489034127, 0.4440465925191553, 0.20311305756169448, 1, 0, 0], [0, 0, 0, 0, 0, 0, 1, 0, 0, 0, 0, 0.4440465925191553, 0.322788517867604, 0.5614487977496517, 0.27006444053895723, 1, 0, 0], [0, 0, 0, 0, 0, 0, 1, 0, 0, 0, 0, 0.35491386807798253, 0.3897399008448667, 0.5614488595887158, 0.33701582351622, 1, 0, 0], [0, 0, 0, 0, 0, 0, 1, 0, 0, 0, 0, 0.35491386807798253, 0.4566912838221295, 0.4765329409273683, 0.4039672064934827, 1, 0, 0], [0, 0, 0, 0, 0, 0, 1, 0, 0, 0, 0, 0.4765329409273683, 0.5236425952877856, 0.6453394247285018, 0.47091851795913886, 1, 0, 0], [0, 0, 0, 0, 0, 0, 1, 0, 0, 0, 0, 0.5053697951296543, 0.590592905590949, 0.6453393628894377, 0.5378688282623023, 1, 0, 0], [0, 0, 0, 0, 0, 0, 1, 0, 0, 0, 0, 0.3713272543059777, 0.6575442170566052, 0.5053697951296543, 0.6048201397279585, 1, 0, 0], [0, 0, 0, 0, 0, 0, 1, 0, 0, 0, 0, 0.24070515579486448, 0.7244956000338679, 0.3713272543059777, 0.6717715227052211, 1, 0, 0], [0, 0, 0, 0, 0, 0, 1, 0, 0, 0, 0, 0.10335561642168503, 0.7914469830111306, 0.24070515579486448, 0.7387229056824839, 1, 0, 0], [0, 0, 0, 0, 0, 0, 1, 0, 0, 0, 0, 0.10335561642168503, 0.8583983659883934, 0.26156229716786983, 0.8056742886597467, 1, 0, 0], [0, 0, 0, 0, 0, 0, 1, 0, 0, 0, 0, 0.09150151617017319, 0.9253497489656561, 0.26156229716786983, 0.8726256716370093, 1, 0, 0], [0, 0, 0, 0, 0, 0, 1, 0, 0, 0, 0, 0.09150151617017319, 0.9923010604313123, 0.9321175124024427, 0.9395769831026655, 1, 0, 0], [0, 0, 0, 0, 0, 0, 0, 0, 0, 0, 1], [0, 0, 0, 0, 0, 0, 0, 0, 0, 0, 1], [0, 0, 0, 0, 0, 0, 0, 0, 0, 0, 1]], "edges": [[0, 14], [14, 15], [15, 16], [1, 14], [2, 14], [3, 14], [4, 14], [5, 14], [6, 14], [7, 14], [8, 14], [9, 14], [10, 14], [11, 14], [12, 14], [13, 14]]}