{"nodeNames": ["path17", "path19", "path21", "path23", "path25", "svg0"], "nodes": [[0, 0, 0, 0, 0, 0, 1, 0, 0, 0, 0, 0.3981398667746443, 0.875621656596367, 0.8380943732533028, 0.7785063644935345, 1, 0, 1], [0, 0, 0, 0, 0, 0, 1, 0, 0, 0, 0, 0.21556426257621952, 0.40976159607835594, 0.41765206189659554, 0.3126463039755234, 1, 0, 1], [0, 0, 0, 0, 0, 0, 1, 0, 0, 0, 0, 0.21695606262703251, 0.5648138036868843, 0.31590893753175814, 0.46769851158405173, 1, 0, 1], [0, 0, 0, 0, 0, 0, 1, 0, 0, 0, 0, 0.3175739567454268, 0.7202167680110837, 0.3984097116361789, 0.623103400169335, 1, 0, 1], [0, 0, 0, 0, 0, 0, 1, 0, 0, 0, 0, 0.41765206189659554, 0.2540058906442426, 0.8380943732533028, 0.15689065867456897, 1, 0, 1], [0, 0, 0, 0, 0, 0, 0, 0, 0, 0, 1]], "edges": [[0, 5], [1, 5], [2, 5], [3, 5], [4, 5]]}