State,total
WIM,1.17
AIMB,0.108464173
AIMPo,2.162423058
AIMPr,0.338648839
PL,0.001590911
PA,0.3502329
PB,0.929841915
PFY,0.078538648
PFP,0.001590911
PFS,0.001590911
AR,0.089260057
AI,0.105449026
AAA,1.177683615
AAD,2.49
SGBP,0.692299641
SSP,0.240155153
VK2P,0.09545466
VB2P,2.079854761
CM,0.267832227
LM,0.554981283
ACM,0.297470197
