value,sector
148.7601327,j
140.4070546,b
138.3465331,f
130.3408871,k
122.6908779,h
120.4349753,q
117.8338566,c
107.6653045,g
107.37109,d
91.19038033,s
88.30684559,p
84.02615196,r
81.5237768,n
75.61324169,l
68.5901939,o
65.6772982,e
64.51627075,i
60.91298031,a
58.60440919,t
50.47822655,m
