Category,Value
Completeness,91.8151969
Accuracy,41.49630278
Uniqueness,27.02451366
Timeliness,52.46104576
Consistency,80.56553539
Validity,84.53990407
