{"nodeNames": ["rect7", "rect8", "rect9", "rect10", "rect11", "rect12", "rect13", "group0"], "nodes": [[0, 0, 1, 0, 0, 0, 0, 0, 0, 0, 0, 0, 0, 0, 0.42947103274559195, 0.2068676716917923, 0.6914357682619647, 0.14656616415410384, 1, 1, 1], [0, 0, 1, 0, 0, 0, 0, 0, 0, 0, 0, 0, 0, 0, 0.6914357682619647, 0.3324958123953099, 0.8173803526448362, 0.2721943048576214, 1, 1, 1], [0, 0, 1, 0, 0, 0, 0, 0, 0, 0, 0, 0, 0, 0, 0.4622166246851385, 0.4564489112227806, 0.6914357682619647, 0.3961474036850921, 1, 1, 1], [0, 0, 1, 0, 0, 0, 0, 0, 0, 0, 0, 0, 0, 0, 0.6914357682619647, 0.5820770519262981, 0.7267002518891688, 0.5217755443886097, 1, 1, 1], [0, 0, 1, 0, 0, 0, 0, 0, 0, 0, 0, 0, 0, 0, 0.3136020151133501, 0.7060301507537688, 0.6914357682619647, 0.6457286432160804, 1, 1, 1], [0, 0, 1, 0, 0, 0, 0, 0, 0, 0, 0, 0, 0, 0, 0.3866498740554156, 0.8299832495812395, 0.6914357682619647, 0.7696817420435511, 1, 1, 1], [0, 0, 1, 0, 0, 0, 0, 0, 0, 0, 0, 0, 0, 0, 0.3211586901763224, 0.9556113902847572, 0.6914357682619647, 0.8953098827470687, 1, 1, 1], [0, 0, 0, 0, 0, 0, 0, 0, 0, 0, 0, 0, 0, 1, 0, 0, 0, 0, 0, 0, 0]], "edges": [[7, 0], [7, 1], [7, 2], [7, 3], [7, 4], [7, 5], [7, 6]], "splition": "test", "label": 1}