{"nodeNames": ["path36", "path37", "path38", "path39", "group0"], "nodes": [[0, 0, 1, 0, 0, 0, 0, 0, 0, 0, 0, 0, 0, 0, 0.33095301058916426, 0.3263965482557454, 0.9099447765241634, 0.13927677078781067, 1, 1, 1], [0, 0, 1, 0, 0, 0, 0, 0, 0, 0, 0, 0, 0, 0, 0.1730730044397187, 0.5509264076471119, 0.9099447765241634, 0.36381356696425476, 1, 1, 1], [0, 0, 1, 0, 0, 0, 0, 0, 0, 0, 0, 0, 0, 0, 0.8588131836234907, 0.7754632038235559, 0.9099447765241634, 0.5883434263556212, 1, 1, 1], [0, 0, 1, 0, 0, 0, 0, 0, 0, 0, 0, 0, 0, 0, 0.5118155492793519, 1.0, 0.9099447765241634, 0.8128802225320653, 1, 1, 1], [0, 0, 0, 0, 0, 0, 0, 0, 0, 0, 0, 0, 0, 1, 0, 0, 0, 0, 0, 0, 0]], "edges": [[4, 0], [4, 1], [4, 2], [4, 3]], "splition": "test", "label": 1}