{"nodeNames": ["path15", "path16", "path17", "path18", "path19", "path20", "group0"], "nodes": [[0, 0, 1, 0, 0, 0, 0, 0, 0, 0, 0, 0, 0, 0, 0.173, 0.20201342281879195, 0.841, 0.11073825503355705, 1, 1, 1], [0, 0, 1, 0, 0, 0, 0, 0, 0, 0, 0, 0, 0, 0, 0.465, 0.3523489932885906, 0.841, 0.26241610738255033, 1, 1, 1], [0, 0, 1, 0, 0, 0, 0, 0, 0, 0, 0, 0, 0, 0, 0.787, 0.5040268456375839, 0.841, 0.412751677852349, 1, 1, 1], [0, 0, 1, 0, 0, 0, 0, 0, 0, 0, 0, 0, 0, 0, 0.799, 0.6543624161073825, 0.841, 0.5644295302013422, 1, 1, 1], [0, 0, 1, 0, 0, 0, 0, 0, 0, 0, 0, 0, 0, 0, 0.833, 0.8060402684563759, 0.841, 0.714765100671141, 1, 1, 1], [0, 0, 1, 0, 0, 0, 0, 0, 0, 0, 0, 0, 0, 0, 0.829, 0.9563758389261745, 0.841, 0.8664429530201342, 1, 1, 1], [0, 0, 0, 0, 0, 0, 0, 0, 0, 0, 0, 0, 0, 1, 0, 0, 0, 0, 0, 0, 0]], "edges": [[6, 0], [6, 1], [6, 2], [6, 3], [6, 4], [6, 5]], "splition": "test", "label": 1}