{"nodeNames": ["path44", "path45", "path46", "path47", "path48", "path49", "path50", "path51", "group[0, 1]", "group0", "group1"], "nodes": [[0, 0, 1, 0, 0, 0, 0, 0, 0, 0, 0, 0, 0, 0, 0.2903852167816671, 0.49845878291516804, 0.4671260290121127, 0.3599996750010833, 1, 0, 0], [0, 0, 1, 0, 0, 0, 0, 0, 0, 0, 0, 0, 0, 0, 0.0378787627247268, 0.6369178908292528, 0.2146437396231812, 0.4523047839840534, 1, 0, 0], [0, 0, 1, 0, 0, 0, 0, 0, 0, 0, 0, 0, 0, 0, 0.2903863850480594, 0.4984595051349829, 0.46712572157358845, 0.3600007583308056, 0, 1, 1], [0, 0, 1, 0, 0, 0, 0, 0, 0, 0, 0, 0, 0, 0, 0.03787230651571681, 0.6369205991535584, 0.21464183350433064, 0.45230658953359043, 0, 1, 1], [0, 0, 0, 0, 0, 0, 0, 0, 0, 0, 0, 0, 1, 0, 0.2903863850480594, 0.6369182519391602, 0.46712572157358845, 0.31384784272941313, 0, 1, 1], [0, 0, 0, 0, 0, 0, 0, 0, 0, 0, 0, 0, 1, 0, 0.03787230651571681, 0.9138469399546446, 0.21464183350433064, 0.3600007583308056, 0, 1, 1], [0, 0, 0, 0, 0, 0, 0, 0, 0, 0, 0, 0, 1, 0, 0.360458019453972, 0.6436219865378227, 0.3973794186140745, 0.30714401785327383, 1, 1, 1], [0, 0, 0, 0, 0, 0, 0, 0, 0, 0, 0, 0, 1, 0, 0.10794849101178879, 0.9205485981713394, 0.14453398284025729, 0.3533006348312172, 1, 1, 1], [0, 0, 0, 0, 0, 0, 0, 0, 0, 0, 0, 0, 0, 1, 0, 0, 0, 0, 0, 0, 0], [0, 0, 0, 0, 0, 0, 0, 0, 0, 0, 0, 0, 0, 1, 0, 0, 0, 0, 0, 0, 0], [0, 0, 0, 0, 0, 0, 0, 0, 0, 0, 0, 0, 0, 1, 0, 0, 0, 0, 0, 0, 0]], "edges": [[8, 9], [8, 10], [9, 1], [9, 3], [9, 5], [9, 7], [10, 0], [10, 2], [10, 4], [10, 6]], "splition": "training", "label": 3}