{"nodeNames": ["path25", "path26", "path27", "path28", "path29", "path30", "path31", "path32", "path33", "path34", "path35", "path36", "path37", "path38", "path39", "group0"], "nodes": [[0, 0, 0, 0, 0, 1, 0, 0, 0, 0, 0, 0, 0, 0, 0.32746559143066406, 0.9772794454547865, 0.4649656295776367, 0.8857115246711184, 1, 1, 1], [0, 0, 0, 0, 0, 1, 0, 0, 0, 0, 0, 0, 0, 0, 0.33996437072753904, 0.6509646732075325, 0.48246437072753906, 0.5560670098499126, 1, 1, 1], [0, 0, 0, 0, 0, 1, 0, 0, 0, 0, 0, 0, 0, 0, 0.45249835968017577, 0.4977965148057601, 0.5924983978271484, 0.4045637227351161, 1, 1, 1], [0, 0, 0, 0, 0, 1, 0, 0, 0, 0, 0, 0, 0, 0, 0.2874650192260742, 0.7808246335916438, 0.4274650192260742, 0.6875919431366789, 1, 1, 1], [0, 0, 0, 0, 0, 1, 0, 0, 0, 0, 0, 0, 0, 0, 0.5224980163574219, 0.3046714455165689, 0.6924980163574219, 0.19146019800221542, 1, 1, 1], [0, 0, 0, 0, 0, 1, 0, 0, 0, 0, 0, 0, 0, 0, 0.5150267028808594, 0.3745960395695519, 0.6325267028808593, 0.29634708908168994, 1, 1, 1], [0, 0, 0, 0, 0, 1, 0, 0, 0, 0, 0, 0, 0, 0, 0.2949674987792969, 0.6376457029117262, 0.42496749877929685, 0.5510723959889853, 1, 1, 1], [0, 0, 0, 0, 0, 1, 0, 0, 0, 0, 0, 0, 0, 0, 0.3649979782104492, 0.27303889106402895, 0.5399980163574218, 0.1564979009757239, 1, 1, 1], [0, 0, 0, 0, 0, 1, 0, 0, 0, 0, 0, 0, 0, 0, 0.3975249862670898, 0.47115857421414753, 0.5075249481201172, 0.3979043392028921, 1, 1, 1], [0, 0, 0, 0, 0, 1, 0, 0, 0, 0, 0, 0, 0, 0, 0.5299983215332031, 0.24973069304636794, 0.6724983215332031, 0.15483302968874812, 1, 1, 1], [0, 0, 0, 0, 0, 1, 0, 0, 0, 0, 0, 0, 0, 0, 0.6824983215332031, 0.3696014257086246, 0.8274983215332031, 0.27303889106402895, 1, 1, 1], [0, 0, 0, 0, 0, 1, 0, 0, 0, 0, 0, 0, 0, 0, 0.44246376037597657, 0.5960239207373315, 0.5874636840820312, 0.4994613860927359, 1, 1, 1], [0, 0, 0, 0, 0, 1, 0, 0, 0, 0, 0, 0, 0, 0, 0.3749681091308594, 0.6343159603377746, 0.5024681091308594, 0.5494075247020095, 1, 1, 1], [0, 0, 0, 0, 0, 1, 0, 0, 0, 0, 0, 0, 0, 0, 0.32249813079833983, 0.43120166332672866, 0.4849981689453125, 0.32298502967330256, 1, 1, 1], [0, 0, 0, 0, 0, 1, 0, 0, 0, 0, 0, 0, 0, 0, 0.15499792098999024, 0.30966605937749625, 0.3349979019165039, 0.18979532671523963, 1, 1, 1], [0, 0, 0, 0, 0, 0, 0, 0, 0, 0, 0, 0, 0, 1, 0, 0, 0, 0, 0, 0, 0]], "edges": [[15, 0], [15, 1], [15, 2], [15, 3], [15, 4], [15, 5], [15, 6], [15, 7], [15, 8], [15, 9], [15, 10], [15, 11], [15, 12], [15, 13], [15, 14]], "splition": "training", "label": 4}