{"nodeNames": ["path0", "path1", "path2", "path3", "path4", "path5", "group0"], "nodes": [[0, 1, 0, 0, 0, 0, 0, 0, 0, 0, 0, 0, 0, 0, 0.2942708333333333, 1.0, 1.0, 0.02119460500963391, 1, 0, 0], [0, 1, 0, 0, 0, 0, 0, 0, 0, 0, 0, 0, 0, 0, 0.15364583333333334, 1.0, 1.0, 0.02119460500963391, 1, 0, 0], [0, 1, 0, 0, 0, 0, 0, 0, 0, 0, 0, 0, 0, 0, 0.15364583333333334, 1.0, 1.0, 0.02119460500963391, 1, 0, 0], [0, 1, 0, 0, 0, 0, 0, 0, 0, 0, 0, 0, 0, 0, 0.15364583333333334, 1.0, 1.0, 0.02119460500963391, 1, 0, 0], [0, 1, 0, 0, 0, 0, 0, 0, 0, 0, 0, 0, 0, 0, 0.15364583333333334, 1.0, 1.0, 0.02119460500963391, 1, 0, 0], [0, 1, 0, 0, 0, 0, 0, 0, 0, 0, 0, 0, 0, 0, 0.15364583333333334, 1.0, 1.0, 0.02119460500963391, 1, 0, 0], [0, 0, 0, 0, 0, 0, 0, 0, 0, 0, 0, 0, 0, 1, 0, 0, 0, 0, 0, 0, 0]], "edges": [[6, 0], [6, 1], [6, 2], [6, 3], [6, 4], [6, 5]], "splition": "test", "label": 6}