{"nodeNames": ["path1", "path2", "path3", "path4", "group0"], "nodes": [[0, 0, 0, 0, 0, 0, 0, 0, 0, 1, 0, 0, 0, 0, 0.06322188681744514, 0.6863749619071365, 0.9021276433417138, 0.14864744362256205, 1, 0, 1], [0, 1, 0, 0, 0, 0, 0, 0, 0, 0, 0, 0, 0, 0, 0.06322188681744514, 0.6863749619071365, 0.899037511297997, 0.14864744362256205, 0, 1, 1], [0, 0, 0, 0, 0, 0, 0, 0, 0, 1, 0, 0, 0, 0, 0.23038258654005983, 0.8280367803911791, 0.902127659574468, 0.13936481881648935, 1, 0, 1], [0, 1, 0, 0, 0, 0, 0, 0, 0, 0, 0, 0, 0, 0, 0.2305230972614694, 0.8280367803911791, 0.8998439058344415, 0.13936481881648935, 0, 1, 1], [0, 0, 0, 0, 0, 0, 0, 0, 0, 0, 0, 0, 0, 1, 0, 0, 0, 0, 0, 0, 0]], "edges": [[4, 0], [4, 1], [4, 2], [4, 3]], "splition": "test", "label": 12}