{"nodeNames": ["path24", "group0"], "nodes": [[0, 0, 0, 0, 0, 0, 0, 0, 0, 1, 0, 0, 0, 0, 0.20265524914507982, 0.9706203929037491, 0.9521358574076786, 0.11286283638415688, 1, 1, 0], [0, 0, 0, 0, 0, 0, 0, 0, 0, 0, 0, 0, 0, 1, 0, 0, 0, 0, 0, 0, 0]], "edges": [[1, 0]], "splition": "training", "label": 12}