{"nodeNames": ["path1", "path2", "path3", "path4", "path5", "path6", "group0"], "nodes": [[0, 0, 0, 0, 0, 0, 0, 0, 1, 0, 0, 0, 0, 0, 0.15777777777777777, 0.6620011402837219, 0.43341552734375, 0.5, 1, 0, 0], [0, 0, 0, 0, 0, 0, 0, 0, 1, 0, 0, 0, 0, 0, 0.3446333482530382, 0.6816917158214655, 0.7923533799913195, 0.5405053653289182, 1, 0, 0], [0, 0, 0, 0, 0, 0, 0, 0, 1, 0, 0, 0, 0, 0, 0.6252933078342013, 0.5945123990001476, 0.8420651584201388, 0.4648087286470632, 1, 0, 0], [0, 0, 0, 0, 0, 0, 0, 0, 1, 0, 0, 0, 0, 0, 0.6271711561414931, 0.48491847951409384, 0.8357511393229167, 0.4094202971655475, 1, 0, 0], [0, 0, 0, 0, 0, 0, 0, 0, 1, 0, 0, 0, 0, 0, 0.37802886962890625, 0.46118063177944213, 0.7967310926649306, 0.31829870014573497, 1, 0, 0], [0, 0, 0, 0, 0, 0, 0, 0, 1, 0, 0, 0, 0, 0, 0.15777777777777777, 0.5, 0.44772664388020833, 0.33012164947978156, 1, 0, 0], [0, 0, 0, 0, 0, 0, 0, 0, 0, 0, 0, 0, 0, 1, 0, 0, 0, 0, 0, 0, 0]], "edges": [[6, 0], [6, 1], [6, 2], [6, 3], [6, 4], [6, 5]], "splition": "training", "label": 14}