{"nodeNames": ["path0", "path1", "path2", "path3", "path4", "group0"], "nodes": [[0, 0, 0, 0, 0, 0, 0, 0, 1, 0, 0, 0, 0, 0, 0.12173574841649072, 0.7015414339115461, 0.5757621072480276, 0.36990213784703263, 1, 1, 1], [0, 0, 0, 0, 0, 0, 0, 0, 1, 0, 0, 0, 0, 0, 0.5704032761452661, 0.7013394685308076, 0.9991665740637848, 0.2193410481593095, 1, 1, 1], [0, 0, 0, 0, 0, 0, 0, 0, 1, 0, 0, 0, 0, 0, 0.38903139845399487, 0.27203735982191607, 0.9513494120874542, 0.038262841782519215, 1, 1, 1], [0, 0, 0, 0, 0, 0, 0, 0, 1, 0, 0, 0, 0, 0, 0.18439866256841037, 0.25887769921563275, 0.4490282991512946, 0.06462654287769332, 1, 1, 1], [0, 0, 0, 0, 0, 0, 0, 0, 1, 0, 0, 0, 0, 0, 0.12173574841649072, 0.36990213784703263, 0.31601704659892765, 0.19909529025263556, 1, 1, 1], [0, 0, 0, 0, 0, 0, 0, 0, 0, 0, 0, 0, 0, 1, 0, 0, 0, 0, 0, 0, 0]], "edges": [[5, 0], [5, 1], [5, 2], [5, 3], [5, 4]], "splition": "training", "label": 14}