{"nodeNames": ["path27", "path28", "path29", "path30", "path31", "path32", "path33", "path34", "path35", "path36", "path37", "group0"], "nodes": [[0, 0, 1, 0, 0, 0, 0, 0, 0, 0, 0, 0, 0, 0, 0.914846571830854, 0.23982765933117234, 0.9914849215990876, 0.18799754682793673, 1, 1, 0], [0, 0, 1, 0, 0, 0, 0, 0, 0, 0, 0, 0, 0, 0, 0.8296931645641589, 0.2571035959634436, 0.9063315143323925, 0.22255057828972138, 1, 1, 0], [0, 0, 1, 0, 0, 0, 0, 0, 0, 0, 0, 0, 0, 0, 0.7445396736876605, 0.4298698792974633, 0.8211780234558942, 0.3607638439500188, 1, 1, 0], [0, 0, 1, 0, 0, 0, 0, 0, 0, 0, 0, 0, 0, 0, 0.6593850122739191, 0.3434879682150232, 0.7360234299751177, 0.3262108124882342, 1, 1, 0], [0, 0, 1, 0, 0, 0, 0, 0, 0, 0, 0, 0, 0, 0, 0.5742328591542701, 0.49897586868469973, 0.6508712089225037, 0.42986983333725526, 1, 1, 0], [0, 0, 1, 0, 0, 0, 0, 0, 0, 0, 0, 0, 0, 0, 0.48907807232582406, 0.6371891711131636, 0.5657164900270227, 0.5680831357657191, 1, 1, 0], [0, 0, 1, 0, 0, 0, 0, 0, 0, 0, 0, 0, 0, 0, 0.40392466505912883, 0.6544674792921686, 0.48056301482736247, 0.49897707284214987, 1, 1, 0], [0, 0, 1, 0, 0, 0, 0, 0, 0, 0, 0, 0, 0, 0, 0.31877125779243365, 0.7581265369093562, 0.39540957620699113, 0.7062963646578502, 1, 1, 0], [0, 0, 1, 0, 0, 0, 0, 0, 0, 0, 0, 0, 0, 0, 0.23361642915908604, 0.861786725147661, 0.3102547789273197, 0.7754035306264119, 1, 1, 0], [0, 0, 1, 0, 0, 0, 0, 0, 0, 0, 0, 0, 0, 0, 0.14846302189239083, 0.9827228408261954, 0.22510137166062447, 0.8445095935499812, 1, 1, 0], [0, 0, 1, 0, 0, 0, 0, 0, 0, 0, 0, 0, 0, 0, 0.06330959372324486, 0.9827229097665074, 0.1399479434914785, 0.9136167595185429, 1, 1, 0], [0, 0, 0, 0, 0, 0, 0, 0, 0, 0, 0, 0, 0, 1, 0, 0, 0, 0, 0, 0, 0]], "edges": [[11, 0], [11, 1], [11, 2], [11, 3], [11, 4], [11, 5], [11, 6], [11, 7], [11, 8], [11, 9], [11, 10]], "splition": "training", "label": 16}