{"nodeNames": ["path4", "path5", "path6", "path7", "path8", "path9", "path10", "path11", "path12", "path13", "path14", "path15", "path16", "path17", "path18", "path19", "group[0, 1, 2, 3]", "group0", "group1", "group2", "group3"], "nodes": [[0, 0, 1, 0, 0, 0, 0, 0, 0, 0, 0, 0, 0, 0, 0.14125, 0.2733175914994097, 0.17125, 0.03600944510035419, 1, 1, 0], [0, 0, 1, 0, 0, 0, 0, 0, 0, 0, 0, 0, 0, 0, 0.17875, 0.320543093270366, 0.20875, 0.03600944510035419, 1, 1, 0], [0, 0, 1, 0, 0, 0, 0, 0, 0, 0, 0, 0, 0, 0, 0.21875, 0.1422668240850059, 0.24875, 0.03600944510035419, 1, 1, 0], [0, 0, 1, 0, 0, 0, 0, 0, 0, 0, 0, 0, 0, 0, 0.25625, 0.24144037780401417, 0.28625, 0.03600944510035419, 1, 1, 0], [0, 0, 1, 0, 0, 0, 0, 0, 0, 0, 0, 0, 0, 0, 0.34625, 0.32762691853600945, 0.37625, 0.03600944510035419, 1, 1, 0], [0, 0, 1, 0, 0, 0, 0, 0, 0, 0, 0, 0, 0, 0, 0.38375, 0.19421487603305784, 0.41375, 0.03600944510035419, 1, 1, 0], [0, 0, 1, 0, 0, 0, 0, 0, 0, 0, 0, 0, 0, 0, 0.42375, 0.3299881936245573, 0.45375, 0.03600944510035419, 1, 1, 0], [0, 0, 1, 0, 0, 0, 0, 0, 0, 0, 0, 0, 0, 0, 0.46125, 0.40082644628099173, 0.49125, 0.03600944510035419, 1, 1, 0], [0, 0, 1, 0, 0, 0, 0, 0, 0, 0, 0, 0, 0, 0, 0.55125, 0.589728453364817, 0.58125, 0.03600944510035419, 1, 1, 0], [0, 0, 1, 0, 0, 0, 0, 0, 0, 0, 0, 0, 0, 0, 0.58875, 0.5826446280991735, 0.61875, 0.03600944510035419, 1, 1, 0], [0, 0, 1, 0, 0, 0, 0, 0, 0, 0, 0, 0, 0, 0, 0.62875, 0.4834710743801653, 0.65875, 0.03600944510035419, 1, 1, 0], [0, 0, 1, 0, 0, 0, 0, 0, 0, 0, 0, 0, 0, 0, 0.66625, 0.5330578512396694, 0.69625, 0.03600944510035419, 1, 1, 0], [0, 0, 1, 0, 0, 0, 0, 0, 0, 0, 0, 0, 0, 0, 0.75625, 0.8482880755608029, 0.78625, 0.03600944510035419, 1, 1, 0], [0, 0, 1, 0, 0, 0, 0, 0, 0, 0, 0, 0, 0, 0, 0.79375, 0.5, 0.82375, 0.03600944510035419, 1, 1, 0], [0, 0, 1, 0, 0, 0, 0, 0, 0, 0, 0, 0, 0, 0, 0.83375, 0.37485242030696575, 0.86375, 0.03600944510035419, 1, 1, 0], [0, 0, 1, 0, 0, 0, 0, 0, 0, 0, 0, 0, 0, 0, 0.87125, 0.5448642266824085, 0.90125, 0.03600944510035419, 1, 1, 0], [0, 0, 0, 0, 0, 0, 0, 0, 0, 0, 0, 0, 0, 1, 0, 0, 0, 0, 0, 0, 0], [0, 0, 0, 0, 0, 0, 0, 0, 0, 0, 0, 0, 0, 1, 0, 0, 0, 0, 0, 0, 0], [0, 0, 0, 0, 0, 0, 0, 0, 0, 0, 0, 0, 0, 1, 0, 0, 0, 0, 0, 0, 0], [0, 0, 0, 0, 0, 0, 0, 0, 0, 0, 0, 0, 0, 1, 0, 0, 0, 0, 0, 0, 0], [0, 0, 0, 0, 0, 0, 0, 0, 0, 0, 0, 0, 0, 1, 0, 0, 0, 0, 0, 0, 0]], "edges": [[16, 17], [16, 18], [16, 19], [16, 20], [17, 0], [17, 1], [17, 2], [17, 3], [18, 4], [18, 5], [18, 6], [18, 7], [19, 8], [19, 9], [19, 10], [19, 11], [20, 12], [20, 13], [20, 14], [20, 15]], "splition": "training", "label": 18}