{"nodeNames": ["path13", "path15", "path17", "path19", "group0"], "nodes": [[0, 1, 0, 0, 0, 0, 0, 0, 0, 0, 0, 0, 0, 0, 0.5435491557006907, 0.8189002824966063, 0.8044527504370222, 0.10236253531207579, 0, 1, 1], [0, 1, 0, 0, 0, 0, 0, 0, 0, 0, 0, 0, 0, 0, 0.413097358332525, 0.8189002824966063, 0.8044527504370222, 0.10236253531207579, 0, 1, 1], [0, 1, 0, 0, 0, 0, 0, 0, 0, 0, 0, 0, 0, 0, 0.28264556096435917, 0.8189002824966063, 0.6740009530688565, 0.10236253531207579, 0, 1, 1], [0, 1, 0, 0, 0, 0, 0, 0, 0, 0, 0, 0, 0, 0, 0.34787145964844207, 0.8189002824966063, 0.6740009530688565, 0.10236253531207579, 0, 1, 1], [0, 0, 0, 0, 0, 0, 0, 0, 0, 0, 0, 0, 0, 1, 0, 0, 0, 0, 0, 0, 0]], "edges": [[4, 0], [4, 1], [4, 2], [4, 3]], "splition": "test", "label": 21}