{"nodeNames": ["path2", "path4", "path6", "path8", "path10", "path12", "group0"], "nodes": [[0, 1, 0, 0, 0, 0, 0, 0, 0, 0, 0, 0, 0, 0, 0.15384615384615385, 0.8912545645850096, 0.29286376953125, 0.04951414247694498, 0, 0, 1], [0, 1, 0, 0, 0, 0, 0, 0, 0, 0, 0, 0, 0, 0, 0.3113994422325721, 0.8912545645850096, 0.5152919358473558, 0.04951414247694498, 0, 0, 1], [0, 1, 0, 0, 0, 0, 0, 0, 0, 0, 0, 0, 0, 0, 0.7284523362379808, 0.8912545645850096, 0.8341056941105769, 0.04951414247694498, 0, 0, 1], [0, 1, 0, 0, 0, 0, 0, 0, 0, 0, 0, 0, 0, 0, 0.7377201021634615, 0.8912545645850096, 0.793327167217548, 0.04951414247694498, 0, 0, 1], [0, 1, 0, 0, 0, 0, 0, 0, 0, 0, 0, 0, 0, 0, 0.7469879619891827, 0.8912545645850096, 0.7747915414663461, 0.04951414247694498, 0, 0, 1], [0, 1, 0, 0, 0, 0, 0, 0, 0, 0, 0, 0, 0, 0, 0.7099166165865385, 0.8912545645850096, 0.8359592848557692, 0.04951414247694498, 0, 0, 1], [0, 0, 0, 0, 0, 0, 0, 0, 0, 0, 0, 0, 0, 1, 0, 0, 0, 0, 0, 0, 0]], "edges": [[6, 0], [6, 1], [6, 2], [6, 3], [6, 4], [6, 5]], "splition": "training", "label": 21}