{"nodeNames": ["path0", "group0"], "nodes": [[0, 1, 0, 0, 0, 0, 0, 0, 0, 0, 0, 0, 0, 0, 0.203970396752451, 0.913151364764268, 0.8352941176470589, 0.19851116625310175, 0, 0, 0], [0, 0, 0, 0, 0, 0, 0, 0, 0, 0, 0, 0, 0, 1, 0, 0, 0, 0, 0, 0, 0]], "edges": [[1, 0]], "splition": "training", "label": 21}