{"nodeNames": ["path5", "path6", "path7", "path8", "path9", "path10", "path11", "path12", "group[0, 1, 2, 3]", "group0", "group1", "group2", "group3"], "nodes": [[0, 0, 1, 0, 0, 0, 0, 0, 0, 0, 0, 0, 0, 0, 0.10375, 0.27606951871657753, 0.45125, 0.08088235294117647, 1, 1, 1], [0, 0, 1, 0, 0, 0, 0, 0, 0, 0, 0, 0, 0, 0, 0.10375, 0.5127005347593583, 0.45125, 0.27740641711229946, 1, 1, 1], [0, 0, 1, 0, 0, 0, 0, 0, 0, 0, 0, 0, 0, 0, 0.10375, 0.7707219251336899, 0.44875, 0.5140374331550802, 1, 1, 1], [0, 0, 1, 0, 0, 0, 0, 0, 0, 0, 0, 0, 0, 0, 0.10375, 0.9725935828877005, 0.44375, 0.7720588235294118, 1, 1, 1], [0, 0, 1, 0, 0, 0, 0, 0, 0, 0, 0, 0, 0, 0, 0.45375, 0.27606951871657753, 0.89375, 0.08088235294117647, 1, 1, 1], [0, 0, 1, 0, 0, 0, 0, 0, 0, 0, 0, 0, 0, 0, 0.45375, 0.5127005347593583, 0.89375, 0.27740641711229946, 1, 1, 1], [0, 0, 1, 0, 0, 0, 0, 0, 0, 0, 0, 0, 0, 0, 0.45125, 0.7707219251336899, 0.89375, 0.5140374331550802, 1, 1, 1], [0, 0, 1, 0, 0, 0, 0, 0, 0, 0, 0, 0, 0, 0, 0.44625, 0.9725935828877005, 0.89375, 0.7720588235294118, 1, 1, 1], [0, 0, 0, 0, 0, 0, 0, 0, 0, 0, 0, 0, 0, 1, 0, 0, 0, 0, 0, 0, 0], [0, 0, 0, 0, 0, 0, 0, 0, 0, 0, 0, 0, 0, 1, 0, 0, 0, 0, 0, 0, 0], [0, 0, 0, 0, 0, 0, 0, 0, 0, 0, 0, 0, 0, 1, 0, 0, 0, 0, 0, 0, 0], [0, 0, 0, 0, 0, 0, 0, 0, 0, 0, 0, 0, 0, 1, 0, 0, 0, 0, 0, 0, 0], [0, 0, 0, 0, 0, 0, 0, 0, 0, 0, 0, 0, 0, 1, 0, 0, 0, 0, 0, 0, 0]], "edges": [[8, 9], [8, 10], [8, 11], [8, 12], [9, 0], [9, 4], [10, 1], [10, 5], [11, 2], [11, 6], [12, 3], [12, 7]], "splition": "training", "label": 22}