{"nodeNames": ["path34", "path35", "path36", "path37", "path38", "path39", "path40", "path41", "group[0, 1]", "group0", "group1"], "nodes": [[0, 0, 1, 0, 0, 0, 0, 0, 0, 0, 0, 0, 0, 0, 0.23002980625931446, 0.6113541410666011, 0.49336810730253355, 0.1522873292841344, 1, 1, 1], [0, 0, 1, 0, 0, 0, 0, 0, 0, 0, 0, 0, 0, 0, 0.5087555886736215, 0.6113541410666011, 0.7985842026825634, 0.1522873292841344, 1, 1, 1], [0, 0, 1, 0, 0, 0, 0, 0, 0, 0, 0, 0, 0, 0, 0.8139716840536513, 0.6113541410666011, 0.829769001490313, 0.1522873292841344, 1, 1, 1], [0, 0, 1, 0, 0, 0, 0, 0, 0, 0, 0, 0, 0, 0, 0.8451564828614009, 0.6113541410666011, 1.0, 0.1522873292841344, 1, 1, 1], [0, 0, 1, 0, 0, 0, 0, 0, 0, 0, 0, 0, 0, 0, 0.23002980625931446, 1.0, 0.43544461003477397, 0.62831864621002, 1, 1, 1], [0, 0, 1, 0, 0, 0, 0, 0, 0, 0, 0, 0, 0, 0, 0.4508320914058619, 1.0, 0.7682190760059613, 0.62831864621002, 1, 1, 1], [0, 0, 1, 0, 0, 0, 0, 0, 0, 0, 0, 0, 0, 0, 0.7836065573770492, 1.0, 0.8109786388474913, 0.62831864621002, 1, 1, 1], [0, 0, 1, 0, 0, 0, 0, 0, 0, 0, 0, 0, 0, 0, 0.8263785394932935, 1.0, 1.0, 0.62831864621002, 1, 1, 1], [0, 0, 0, 0, 0, 0, 0, 0, 0, 0, 0, 0, 0, 1, 0, 0, 0, 0, 0, 0, 0], [0, 0, 0, 0, 0, 0, 0, 0, 0, 0, 0, 0, 0, 1, 0, 0, 0, 0, 0, 0, 0], [0, 0, 0, 0, 0, 0, 0, 0, 0, 0, 0, 0, 0, 1, 0, 0, 0, 0, 0, 0, 0]], "edges": [[8, 9], [8, 10], [9, 0], [9, 1], [9, 2], [9, 3], [10, 4], [10, 5], [10, 6], [10, 7]], "splition": "training", "label": 22}