{"nodeNames": ["path33", "path34", "path35", "path36", "path37", "path38", "path39", "path40", "path41", "path42", "group0"], "nodes": [[0, 1, 0, 0, 0, 0, 0, 0, 0, 0, 0, 0, 0, 0, 0.46241430971409364, 0.9397725616293072, 0.6911539918549467, 0.21900303093187692, 0, 1, 1], [0, 1, 0, 0, 0, 0, 0, 0, 0, 0, 0, 0, 0, 0, 0.32246204959324165, 0.9397725616293072, 0.8476966918949993, 0.21900303093187692, 0, 1, 1], [0, 1, 0, 0, 0, 0, 0, 0, 0, 0, 0, 0, 0, 0, 0.5384177863964734, 0.9397725616293072, 0.8916347183074648, 0.21900303093187692, 0, 1, 1], [0, 1, 0, 0, 0, 0, 0, 0, 0, 0, 0, 0, 0, 0, 0.2510092096636241, 0.9397725616293072, 0.5705852969949533, 0.21900303093187692, 0, 1, 1], [0, 1, 0, 0, 0, 0, 0, 0, 0, 0, 0, 0, 0, 0, 0.41447754395466474, 0.9397725616293072, 0.8471723441467045, 0.21900303093187692, 0, 1, 1], [0, 1, 0, 0, 0, 0, 0, 0, 0, 0, 0, 0, 0, 0, 0.06413150337697311, 0.9397725616293072, 0.33789154573954494, 0.21900303093187692, 0, 1, 1], [0, 1, 0, 0, 0, 0, 0, 0, 0, 0, 0, 0, 0, 0, 0.20863054209286247, 0.9397725616293072, 0.4058223096523631, 0.21900303093187692, 0, 1, 1], [0, 1, 0, 0, 0, 0, 0, 0, 0, 0, 0, 0, 0, 0, 0.23588031825943073, 0.9397725616293072, 0.8551977040585649, 0.21900303093187692, 0, 1, 1], [0, 1, 0, 0, 0, 0, 0, 0, 0, 0, 0, 0, 0, 0, 0.3411288414892778, 0.9397725616293072, 0.817317196267136, 0.21900303093187692, 0, 1, 1], [0, 1, 0, 0, 0, 0, 0, 0, 0, 0, 0, 0, 0, 0, 0.21791537950889028, 0.9397725616293072, 0.5307093078296247, 0.21900303093187692, 0, 1, 1], [0, 0, 0, 0, 0, 0, 0, 0, 0, 0, 0, 0, 0, 1, 0, 0, 0, 0, 0, 0, 0]], "edges": [[10, 0], [10, 1], [10, 2], [10, 3], [10, 4], [10, 5], [10, 6], [10, 7], [10, 8], [10, 9]], "splition": "training", "label": 24}