{"nodeNames": ["path0", "path1", "group0"], "nodes": [[0, 0, 0, 0, 0, 0, 0, 1, 0, 0, 0, 0, 0, 0, 0.11356722513834636, 0.5716750383377075, 0.9464098188612197, 0.10320074558258056, 1, 1, 1], [0, 0, 0, 0, 0, 0, 0, 1, 0, 0, 0, 0, 0, 0, 0.11356750064425998, 0.3374375104904175, 0.5299889670477973, 0.12549376487731934, 1, 1, 1], [0, 0, 0, 0, 0, 0, 0, 0, 0, 0, 0, 0, 0, 1, 0, 0, 0, 0, 0, 0, 0]], "edges": [[2, 0], [2, 1]], "splition": "test", "label": 25}