{"nodeNames": ["path0", "path1", "path2", "path4", "group0"], "nodes": [[0, 0, 0, 0, 0, 0, 0, 1, 0, 0, 0, 0, 0, 0, 0.5869613503635204, 0.9639691029841145, 1.0, 0.43641677496765724, 1, 1, 0], [0, 0, 0, 0, 0, 0, 0, 1, 0, 0, 0, 0, 0, 0, 0.5218072003854622, 0.9639691029841145, 0.5869613503635204, 0.6990402752594543, 1, 1, 0], [0, 0, 0, 0, 0, 0, 0, 1, 0, 0, 0, 0, 0, 0, 0.5003722290585109, 0.960652386330484, 0.5869613503635204, 0.6990402752594543, 1, 1, 0], [0, 0, 0, 0, 0, 0, 0, 1, 0, 0, 0, 0, 0, 0, 0.17391451841052177, 0.9580830060852429, 0.6413241305713725, 0.43411212837573704, 1, 1, 0], [0, 0, 0, 0, 0, 0, 0, 0, 0, 0, 0, 0, 0, 1, 0, 0, 0, 0, 0, 0, 0]], "edges": [[4, 0], [4, 1], [4, 2], [4, 3]], "splition": "training", "label": 25}