{"nodeNames": ["path0", "path1", "path2", "path3", "path4", "group0"], "nodes": [[0, 0, 0, 0, 0, 0, 0, 1, 0, 0, 0, 0, 0, 0, 0.12686107274977954, 0.9311562186523534, 1.0, 0.16584467615019205, 1, 1, 0], [0, 0, 0, 0, 0, 0, 0, 1, 0, 0, 0, 0, 0, 0, 0.326948601949598, 0.5246533224379274, 0.7685907124374771, 0.11895937500202168, 1, 1, 0], [0, 0, 0, 0, 0, 0, 0, 1, 0, 0, 0, 0, 0, 0, 0.21104772627041302, 0.524653264286193, 0.5634282569686445, 0.18291802539708676, 1, 1, 0], [0, 0, 0, 0, 0, 0, 0, 1, 0, 0, 0, 0, 0, 0, 0.14453743103547118, 0.5246495571131191, 0.5634241977520433, 0.284668790217785, 1, 1, 0], [0, 0, 0, 0, 0, 0, 0, 1, 0, 0, 0, 0, 0, 0, 0.12685701353317835, 0.5246496007269199, 0.5634241977520433, 0.41024234350094363, 1, 1, 0], [0, 0, 0, 0, 0, 0, 0, 0, 0, 0, 0, 0, 0, 1, 0, 0, 0, 0, 0, 0, 0]], "edges": [[5, 0], [5, 1], [5, 2], [5, 3], [5, 4]], "splition": "training", "label": 25}