{"nodeNames": ["path0", "path1", "path2", "path3", "path4", "path5", "path6", "path7", "path8", "path9", "path10", "path11", "path12", "path13", "path14", "path15", "path16", "path17", "path18", "path19", "group0"], "nodes": [[0, 0, 0, 0, 0, 0, 0, 1, 0, 0, 0, 0, 0, 0, -1.2642778450091188, 0.32785290978541737, 0.0, 0.0, 1, 0, 0], [0, 0, 0, 0, 0, 0, 0, 1, 0, 0, 0, 0, 0, 0, -1.1574342195990808, 0.6002925181107408, 0.0, 0.0, 1, 0, 0], [0, 0, 0, 0, 0, 0, 0, 1, 0, 0, 0, 0, 0, 0, -0.9832825353635993, 0.8251493017846517, 0.0, 0.0, 1, 0, 0], [0, 0, 0, 0, 0, 0, 0, 1, 0, 0, 0, 0, 0, 0, -0.7068585781423593, 0.9597859114872652, 0.0, 0.0, 1, 0, 0], [0, 0, 0, 0, 0, 0, 0, 1, 0, 0, 0, 0, 0, 0, -0.3682376461765166, 1.0, 0.0, 0.0, 1, 0, 0], [0, 0, 0, 0, 0, 0, 0, 1, 0, 0, 0, 0, 0, 0, 0.0, 0.9866967714821888, 0.363338921884757, 0.0, 1, 0, 0], [0, 0, 0, 0, 0, 0, 0, 1, 0, 0, 0, 0, 0, 0, 0.0, 0.8953294625655878, 0.659387991638866, 0.0, 1, 0, 0], [0, 0, 0, 0, 0, 0, 0, 1, 0, 0, 0, 0, 0, 0, 0.0, 0.7332896948740674, 0.8738187728842659, 0.0, 1, 0, 0], [0, 0, 0, 0, 0, 0, 0, 1, 0, 0, 0, 0, 0, 0, 0.0, 0.4970118838083112, 0.9582970619817871, 0.0, 1, 0, 0], [0, 0, 0, 0, 0, 0, 0, 1, 0, 0, 0, 0, 0, 0, 0.0, 0.25932037390721807, 1.0, 0.0, 1, 0, 0], [0, 0, 0, 0, 0, 0, 0, 1, 0, 0, 0, 0, 0, 0, 0.0, 0.0, 0.9766458464718525, -0.25326417235683046, 1, 0, 0], [0, 0, 0, 0, 0, 0, 0, 1, 0, 0, 0, 0, 0, 0, 0.0, 0.0, 0.9135175799196427, -0.47378740736579744, 1, 0, 0], [0, 0, 0, 0, 0, 0, 0, 1, 0, 0, 0, 0, 0, 0, 0.0, 0.0, 0.7390960492247047, -0.6202333175215435, 1, 0, 0], [0, 0, 0, 0, 0, 0, 0, 1, 0, 0, 0, 0, 0, 0, 0.0, 0.0, 0.5236561522358596, -0.7110302447290566, 1, 0, 0], [0, 0, 0, 0, 0, 0, 0, 1, 0, 0, 0, 0, 0, 0, 0.0, 0.0, 0.2578686235893685, -0.7002777075609482, 1, 0, 0], [0, 0, 0, 0, 0, 0, 0, 1, 0, 0, 0, 0, 0, 0, -0.24775341007519752, 0.0, 0.0, -0.6728084937397796, 1, 0, 0], [0, 0, 0, 0, 0, 0, 0, 1, 0, 0, 0, 0, 0, 0, -0.43926893534996364, 0.0, 0.0, -0.5964476915827186, 1, 0, 0], [0, 0, 0, 0, 0, 0, 0, 1, 0, 0, 0, 0, 0, 0, -0.5793083237909592, 0.0, 0.0, -0.4861429687467492, 1, 0, 0], [0, 0, 0, 0, 0, 0, 0, 1, 0, 0, 0, 0, 0, 0, -0.6103015803411083, 0.0, 0.0, -0.3165271952381547, 1, 0, 0], [0, 0, 0, 0, 0, 0, 0, 1, 0, 0, 0, 0, 0, 0, -0.6205651590490372, 0.0, 0.0, -0.16092514053768409, 1, 0, 0], [0, 0, 0, 0, 0, 0, 0, 0, 0, 0, 0, 0, 0, 1, 0, 0, 0, 0, 0, 0, 0]], "edges": [[20, 0], [20, 1], [20, 2], [20, 3], [20, 4], [20, 5], [20, 6], [20, 7], [20, 8], [20, 9], [20, 10], [20, 11], [20, 12], [20, 13], [20, 14], [20, 15], [20, 16], [20, 17], [20, 18], [20, 19]], "splition": "training", "label": 26}