{"nodeNames": ["path0", "path1", "path2", "path3", "path4", "path5", "path6", "path7", "path8", "path9", "path10", "path11", "group0"], "nodes": [[0, 0, 0, 0, 0, 0, 0, 1, 0, 0, 0, 0, 0, 0, 0.28133476035105026, 0.7632958129266162, 0.6028602007522506, 0.6026019575736444, 1, 1, 0], [0, 0, 0, 0, 0, 0, 0, 1, 0, 0, 0, 0, 0, 0, 0.5044131495937636, 0.7010068376294714, 0.6028602007522506, 0.6026019575736444, 1, 1, 0], [0, 0, 0, 0, 0, 0, 0, 1, 0, 0, 0, 0, 0, 0, 0.4891848950354551, 0.8298592261409985, 0.6028602007522506, 0.6026019575736444, 1, 1, 0], [0, 0, 0, 0, 0, 0, 0, 1, 0, 0, 0, 0, 0, 0, 0.6028602007522506, 0.8809316791203424, 0.7420847001901355, 0.6026019575736444, 1, 1, 0], [0, 0, 0, 0, 0, 0, 0, 1, 0, 0, 0, 0, 0, 0, 0.6028602007522506, 0.7010068376294714, 0.7013072519107376, 0.6026019575736444, 1, 1, 0], [0, 0, 0, 0, 0, 0, 0, 1, 0, 0, 0, 0, 0, 0, 0.6028602007522506, 0.6829488852501303, 0.7636229209528508, 0.6026019575736444, 1, 1, 0], [0, 0, 0, 0, 0, 0, 0, 1, 0, 0, 0, 0, 0, 0, 0.6028602007522506, 0.6026019575736444, 0.8302148597091622, 0.48897534618472244, 1, 1, 0], [0, 0, 0, 0, 0, 0, 0, 1, 0, 0, 0, 0, 0, 0, 0.6028602007522506, 0.6026019575736444, 0.8440042810531508, 0.3615611745441866, 1, 1, 0], [0, 0, 0, 0, 0, 0, 0, 1, 0, 0, 0, 0, 0, 0, 0.6028602007522506, 0.6026019575736444, 0.7420847001901355, 0.32427223602694644, 1, 1, 0], [0, 0, 0, 0, 0, 0, 0, 1, 0, 0, 0, 0, 0, 0, 0.4891848950354551, 0.6026019575736444, 0.6028602007522506, 0.37534468900629037, 1, 1, 0], [0, 0, 0, 0, 0, 0, 0, 1, 0, 0, 0, 0, 0, 0, 0.5044131495937636, 0.6026019575736444, 0.6028602007522506, 0.5041970775178174, 1, 1, 0], [0, 0, 0, 0, 0, 0, 0, 1, 0, 0, 0, 0, 0, 0, 0.32441114055036996, 0.6026019575736444, 0.6028602007522506, 0.46343709680029543, 1, 1, 0], [0, 0, 0, 0, 0, 0, 0, 0, 0, 0, 0, 0, 0, 1, 0, 0, 0, 0, 0, 0, 0]], "edges": [[12, 0], [12, 1], [12, 2], [12, 3], [12, 4], [12, 5], [12, 6], [12, 7], [12, 8], [12, 9], [12, 10], [12, 11]], "splition": "training", "label": 26}