{"nodeNames": ["path5", "path6", "path7", "group0"], "nodes": [[0, 0, 0, 1, 0, 0, 0, 0, 0, 0, 0, 0, 0, 0, 0.27267737755408655, 1.0, 0.9529914269080528, 0.4129563817287747, 1, 1, 1], [0, 0, 0, 1, 0, 0, 0, 0, 0, 0, 0, 0, 0, 0, 0.24786324134239784, 0.9654680224546338, 0.9059828538161058, 0.44748835927414093, 1, 1, 1], [0, 0, 0, 1, 0, 0, 0, 0, 0, 0, 0, 0, 0, 0, 0.27267737755408655, 0.8964040673639014, 0.8431380638709435, 0.3784244041834085, 1, 1, 1], [0, 0, 0, 0, 0, 0, 0, 0, 0, 0, 0, 0, 0, 1, 0, 0, 0, 0, 0, 0, 0]], "edges": [[3, 0], [3, 1], [3, 2]], "splition": "test", "label": 27}