{"nodeNames": ["polygon1", "polygon3", "polygon5", "polygon7", "polygon9", "polygon11", "group0"], "nodes": [[0, 0, 0, 1, 0, 0, 0, 0, 0, 0, 0, 0, 0, 0, 0.5011396275017777, 0.7146163455982291, 0.6468900763677294, 0.4692099844552417, 1, 0, 0], [0, 0, 0, 1, 0, 0, 0, 0, 0, 0, 0, 0, 0, 0, 0.4053737415318798, 0.6108450122486184, 0.674886891302081, 0.47259453003556573, 1, 0, 0], [0, 0, 0, 1, 0, 0, 0, 0, 0, 0, 0, 0, 0, 0, 0.5821626174219778, 0.5851342057930675, 0.7925349085718829, 0.4154035533201488, 1, 0, 0], [0, 0, 0, 1, 0, 0, 0, 0, 0, 0, 0, 0, 0, 0, 0.31243815655449675, 0.5657025457593736, 0.633065959724626, 0.4594709085138072, 1, 0, 0], [0, 0, 0, 1, 0, 0, 0, 0, 0, 0, 0, 0, 0, 0, 0.37749308159340156, 0.536968853513034, 0.6687615915598755, 0.3825256264700377, 1, 0, 0], [0, 0, 0, 1, 0, 0, 0, 0, 0, 0, 0, 0, 0, 0, 0.4442377176737137, 0.5896011874242091, 0.7756374870630769, 0.4922300624231918, 1, 0, 0], [0, 0, 0, 0, 0, 0, 0, 0, 0, 0, 0, 0, 0, 1, 0, 0, 0, 0, 0, 0, 0]], "edges": [[6, 0], [6, 1], [6, 2], [6, 3], [6, 4], [6, 5]], "splition": "training", "label": 27}