{"nodeNames": ["path1", "path7", "path12", "group0"], "nodes": [[0, 0, 0, 0, 0, 0, 0, 0, 1, 0, 0, 0, 0, 0, 0.13426666259765624, 0.6043000411987305, 0.8657333882649739, 0.055699920654296874, 0, 1, 1], [0, 0, 0, 0, 0, 0, 0, 0, 1, 0, 0, 0, 0, 0, 0.23873331705729167, 0.5259499549865723, 0.5, 0.33, 0, 1, 1], [0, 0, 0, 0, 0, 0, 0, 0, 1, 0, 0, 0, 0, 0, 0.3432666524251302, 0.447550048828125, 0.656733373006185, 0.33, 0, 1, 1], [0, 0, 0, 0, 0, 0, 0, 0, 0, 0, 0, 0, 0, 1, 0, 0, 0, 0, 0, 0, 0]], "edges": [[3, 0], [3, 1], [3, 2]], "splition": "test", "label": 28}