{"nodeNames": ["path4", "path5", "path6", "path7", "path8", "group0"], "nodes": [[0, 0, 1, 0, 0, 0, 0, 0, 0, 0, 0, 0, 0, 0, 0.13125, 0.46148036253776437, 0.21375, 0.18353474320241692, 1, 1, 1], [0, 0, 1, 0, 0, 0, 0, 0, 0, 0, 0, 0, 0, 0, 0.27875, 0.47205438066465255, 0.36125, 0.17900302114803626, 1, 1, 1], [0, 0, 1, 0, 0, 0, 0, 0, 0, 0, 0, 0, 0, 0, 0.42875, 0.5853474320241692, 0.51125, 0.24546827794561935, 1, 1, 1], [0, 0, 1, 0, 0, 0, 0, 0, 0, 0, 0, 0, 0, 0, 0.57625, 0.7031722054380665, 0.65875, 0.3074018126888218, 1, 1, 1], [0, 0, 1, 0, 0, 0, 0, 0, 0, 0, 0, 0, 0, 0, 0.72375, 0.8874622356495468, 0.80625, 0.44033232628398794, 1, 1, 1], [0, 0, 0, 0, 0, 0, 0, 0, 0, 0, 0, 0, 0, 1, 0, 0, 0, 0, 0, 0, 0]], "edges": [[5, 0], [5, 1], [5, 2], [5, 3], [5, 4]], "splition": "training", "label": 29}