{"nodeNames": ["path13", "path14", "path15", "path16", "path17", "path18", "path19", "path20", "path21", "group0"], "nodes": [[0, 0, 0, 0, 0, 1, 0, 0, 0, 0, 0, 0, 0, 0, 0.4801059188129746, 0.3886699843077638, 0.5959937764105395, 0.31707645146137253, 1, 0, 0], [0, 0, 0, 0, 0, 1, 0, 0, 0, 0, 0, 0, 0, 0, 0.7062990705543589, 0.15706096449635956, 0.822186928151924, 0.08546743164996834, 1, 0, 0], [0, 0, 0, 0, 0, 1, 0, 0, 0, 0, 0, 0, 0, 0, 0.7840530110296802, 0.15706096449635956, 0.8999408686272452, 0.08546743164996834, 1, 0, 0], [0, 0, 0, 0, 0, 1, 0, 0, 0, 0, 0, 0, 0, 0, 0.5013115285712982, 0.3886699843077638, 0.6171993861688632, 0.31707645146137253, 1, 0, 0], [0, 0, 0, 0, 0, 1, 0, 0, 0, 0, 0, 0, 0, 0, 0.2892554309880622, 0.6202791450779485, 0.4051432885856272, 0.5486856122315572, 1, 0, 0], [0, 0, 0, 0, 0, 1, 0, 0, 0, 0, 0, 0, 0, 0, 0.670956406637887, 0.3886699843077638, 0.786844264235452, 0.31707645146137253, 1, 0, 0], [0, 0, 0, 0, 0, 1, 0, 0, 0, 0, 0, 0, 0, 0, 0.19029593779661946, 0.7746851817786813, 0.30618379539418444, 0.7030916489322901, 1, 0, 0], [0, 0, 0, 0, 0, 1, 0, 0, 0, 0, 0, 0, 0, 0, 0.4659688076126241, 0.8518882353687429, 0.5818566652101891, 0.7802947025223517, 1, 0, 0], [0, 0, 0, 0, 0, 1, 0, 0, 0, 0, 0, 0, 0, 0, 0.6921620163962106, 0.2342639872516879, 0.8080498739937756, 0.16267041476063965, 1, 0, 0], [0, 0, 0, 0, 0, 0, 0, 0, 0, 0, 0, 0, 0, 1, 0, 0, 0, 0, 0, 0, 0]], "edges": [[9, 0], [9, 1], [9, 2], [9, 3], [9, 4], [9, 5], [9, 6], [9, 7], [9, 8]], "splition": "training", "label": 30}