{"nodeNames": ["path2", "path3", "path4", "path5", "path6", "path7", "path8", "path9", "group0"], "nodes": [[0, 0, 0, 0, 0, 0, 0, 0, 0, 1, 0, 0, 0, 0, 0.7361193390338866, 0.8089715889883445, 0.8902301955451232, 0.09406646383585401, 1, 0, 0], [0, 0, 0, 0, 0, 0, 0, 0, 0, 1, 0, 0, 0, 0, 0.5338457932028043, 0.8089715889883445, 0.8895811211088135, 0.09406646383585401, 1, 0, 0], [0, 0, 0, 0, 0, 0, 0, 0, 0, 1, 0, 0, 0, 0, 0.5322414258834927, 0.8089715889883445, 0.8895811211088135, 0.09406646383585401, 1, 0, 0], [0, 0, 0, 0, 0, 0, 0, 0, 0, 1, 0, 0, 0, 0, 0.5278046349596677, 0.8089715889883445, 0.8889098468053925, 0.09406646383585401, 1, 0, 0], [0, 0, 0, 0, 0, 0, 0, 0, 0, 1, 0, 0, 0, 0, 0.5255400932704907, 0.8089715889883445, 0.8888656023149959, 0.09406646383585401, 1, 0, 0], [0, 0, 0, 0, 0, 0, 0, 0, 0, 1, 0, 0, 0, 0, 0.5130965244012246, 0.8089715889883445, 0.8884524984941349, 0.09406646383585401, 1, 0, 0], [0, 0, 0, 0, 0, 0, 0, 0, 0, 1, 0, 0, 0, 0, 0.34981339692120444, 0.8089715889883445, 0.8861364158547415, 0.09406646383585401, 1, 0, 0], [0, 0, 0, 0, 0, 0, 0, 0, 0, 1, 0, 0, 0, 0, 0.14635588405149128, 0.8089715889883445, 0.8860073306134615, 0.09406646383585401, 1, 0, 0], [0, 0, 0, 0, 0, 0, 0, 0, 0, 0, 0, 0, 0, 1, 0, 0, 0, 0, 0, 0, 0]], "edges": [[8, 0], [8, 1], [8, 2], [8, 3], [8, 4], [8, 5], [8, 6], [8, 7]], "splition": "test", "label": 32}