{"nodeNames": ["path21", "path22", "path23", "group0"], "nodes": [[0, 0, 0, 0, 0, 0, 0, 0, 0, 1, 0, 0, 0, 0, 0.1116861161031055, 0.8632668290206739, 0.8420327078788039, 0.11455676377142346, 1, 1, 1], [0, 0, 0, 0, 0, 0, 0, 0, 0, 1, 0, 0, 0, 0, 0.11081963666385936, 0.9880520875285274, 0.8420326249859083, 0.11455676377142346, 1, 1, 1], [0, 0, 0, 0, 0, 0, 0, 0, 0, 1, 0, 0, 0, 0, 0.1086493763138524, 0.9880520875285274, 0.4118354476547942, 0.11455676377142346, 1, 1, 1], [0, 0, 0, 0, 0, 0, 0, 0, 0, 0, 0, 0, 0, 1, 0, 0, 0, 0, 0, 0, 0]], "edges": [[3, 0], [3, 1], [3, 2]], "splition": "training", "label": 32}