{"nodeNames": ["path2", "path11", "path12", "path13", "path14", "path15", "path16", "path17", "group0"], "nodes": [[0, 0, 0, 0, 0, 0, 0, 0, 0, 1, 0, 0, 0, 0, 0.04904497308323288, 0.9388159919336339, 0.051731002889606845, 0.8658544681205497, 1, 0, 0], [0, 0, 0, 0, 0, 0, 0, 0, 0, 1, 0, 0, 0, 0, 0.273179494408212, 0.790190674556187, 0.5285515616108875, 0.07892900325098413, 1, 0, 0], [0, 0, 0, 0, 0, 0, 0, 0, 0, 1, 0, 0, 0, 0, 0.13171508590082617, 0.790190674556187, 0.5285515616108875, 0.07892900325098413, 1, 0, 0], [0, 0, 0, 0, 0, 0, 0, 0, 0, 1, 0, 0, 0, 0, 0.11251493735683689, 0.790190674556187, 0.5285515616108875, 0.07892900325098413, 1, 0, 0], [0, 0, 0, 0, 0, 0, 0, 0, 0, 1, 0, 0, 0, 0, 0.11181854632790048, 0.790190674556187, 0.527855170581951, 0.07892900325098413, 1, 0, 0], [0, 0, 0, 0, 0, 0, 0, 0, 0, 1, 0, 0, 0, 0, 0.11132113283857734, 0.790190674556187, 0.527855170581951, 0.07892900325098413, 1, 0, 0], [0, 0, 0, 0, 0, 0, 0, 0, 0, 1, 0, 0, 0, 0, 0.10385993049873019, 0.790190674556187, 0.527855170581951, 0.07892900325098413, 1, 0, 0], [0, 0, 0, 0, 0, 0, 0, 0, 0, 1, 0, 0, 0, 0, 0.10385993049873019, 0.790190674556187, 0.527855170581951, 0.07892900325098413, 1, 0, 0], [0, 0, 0, 0, 0, 0, 0, 0, 0, 0, 0, 0, 0, 1, 0, 0, 0, 0, 0, 0, 0]], "edges": [[8, 0], [8, 1], [8, 2], [8, 3], [8, 4], [8, 5], [8, 6], [8, 7]], "splition": "training", "label": 32}