{"nodeNames": ["path6", "path9", "path12", "path15", "path18", "path21", "path24", "path27", "path30", "path33", "path36", "path39", "path42", "path45", "group0"], "nodes": [[0, 0, 0, 0, 0, 0, 0, 0, 0, 1, 0, 0, 0, 0, 0.38950445248748145, 0.652452025586354, 0.4768278761504312, 0.01279317697228145, 1, 0, 0], [0, 0, 0, 0, 0, 0, 0, 0, 0, 1, 0, 0, 0, 0, 0.5377240280015533, 0.652452025586354, 0.6817418672918212, 0.01279317697228145, 1, 0, 0], [0, 0, 0, 0, 0, 0, 0, 0, 0, 1, 0, 0, 0, 0, 0.17101185965608773, 0.652452025586354, 0.42283087031423866, 0.01279317697228145, 1, 0, 0], [0, 0, 0, 0, 0, 0, 0, 0, 0, 1, 0, 0, 0, 0, 0.4967744640497496, 0.652452025586354, 0.6773471549285979, 0.01279317697228145, 1, 0, 0], [0, 0, 0, 0, 0, 0, 0, 0, 0, 1, 0, 0, 0, 0, 0.5749435651196216, 0.652452025586354, 0.9050445103857567, 0.01279317697228145, 1, 0, 0], [0, 0, 0, 0, 0, 0, 0, 0, 0, 1, 0, 0, 0, 0, 0.5643174711957529, 0.652452025586354, 0.7860059426870827, 0.01279317697228145, 1, 0, 0], [0, 0, 0, 0, 0, 0, 0, 0, 0, 1, 0, 0, 0, 0, 0.43710087173416634, 0.652452025586354, 0.48756381524422754, 0.01279317697228145, 1, 0, 0], [0, 0, 0, 0, 0, 0, 0, 0, 0, 1, 0, 0, 0, 0, 0.35801185132487945, 0.652452025586354, 0.4531810092643036, 0.01279317697228145, 1, 0, 0], [0, 0, 0, 0, 0, 0, 0, 0, 0, 1, 0, 0, 0, 0, 0.08121365963174611, 0.652452025586354, 0.39056084064064817, 0.01279317697228145, 1, 0, 0], [0, 0, 0, 0, 0, 0, 0, 0, 0, 1, 0, 0, 0, 0, 0.2886320391465365, 0.652452025586354, 0.4391305623493138, 0.01279317697228145, 1, 0, 0], [0, 0, 0, 0, 0, 0, 0, 0, 0, 1, 0, 0, 0, 0, 0.4539584377752921, 0.652452025586354, 0.5764183700969028, 0.01279317697228145, 1, 0, 0], [0, 0, 0, 0, 0, 0, 0, 0, 0, 1, 0, 0, 0, 0, 0.5388338445555916, 0.652452025586354, 0.715290737435089, 0.01279317697228145, 1, 0, 0], [0, 0, 0, 0, 0, 0, 0, 0, 0, 1, 0, 0, 0, 0, 0.06351928258154442, 0.652452025586354, 0.3591810277378524, 0.01279317697228145, 1, 0, 0], [0, 0, 0, 0, 0, 0, 0, 0, 0, 1, 0, 0, 0, 0, 0.5521899033724731, 0.652452025586354, 0.7531245653282641, 0.01279317697228145, 1, 0, 0], [0, 0, 0, 0, 0, 0, 0, 0, 0, 0, 0, 0, 0, 1, 0, 0, 0, 0, 0, 0, 0]], "edges": [[14, 0], [14, 1], [14, 2], [14, 3], [14, 4], [14, 5], [14, 6], [14, 7], [14, 8], [14, 9], [14, 10], [14, 11], [14, 12], [14, 13]], "splition": "test", "label": 34}