{"nodeNames": ["path0", "path2", "path4", "path6", "path8", "path10", "path12", "path14", "path16", "group0"], "nodes": [[0, 0, 0, 0, 0, 0, 0, 0, 0, 1, 0, 0, 0, 0, 0.14377731365287746, 0.9135958561902237, 0.5198676659002756, 0.0489426351530477, 1, 0, 0], [0, 0, 0, 0, 0, 0, 0, 0, 0, 1, 0, 0, 0, 0, 0.3819643013847693, 0.9135958561902237, 0.5438462303502583, 0.0489426351530477, 1, 0, 0], [0, 0, 0, 0, 0, 0, 0, 0, 0, 1, 0, 0, 0, 0, 0.5013242770474636, 0.9135958561902237, 0.6078955835980601, 0.0489426351530477, 1, 0, 0], [0, 0, 0, 0, 0, 0, 0, 0, 0, 1, 0, 0, 0, 0, 0.5194414120317555, 0.9135958561902237, 0.6792984303607889, 0.0489426351530477, 1, 0, 0], [0, 0, 0, 0, 0, 0, 0, 0, 0, 1, 0, 0, 0, 0, 0.5596720899076235, 0.9135958561902237, 0.7411098045410136, 0.0489426351530477, 1, 0, 0], [0, 0, 0, 0, 0, 0, 0, 0, 0, 1, 0, 0, 0, 0, 0.5745920868654604, 0.9135958561902237, 0.7975926543459056, 0.0489426351530477, 1, 0, 0], [0, 0, 0, 0, 0, 0, 0, 0, 0, 1, 0, 0, 0, 0, 0.5912705126630043, 0.9135958561902237, 0.8540755041507977, 0.0489426351530477, 1, 0, 0], [0, 0, 0, 0, 0, 0, 0, 0, 0, 1, 0, 0, 0, 0, 0.5914836395972644, 0.9135958561902237, 0.9100254488653317, 0.0489426351530477, 1, 0, 0], [0, 0, 0, 0, 0, 0, 0, 0, 0, 1, 0, 0, 0, 0, 0.5957464707981583, 0.9135958561902237, 0.9585154243525165, 0.0489426351530477, 1, 0, 0], [0, 0, 0, 0, 0, 0, 0, 0, 0, 0, 0, 0, 0, 1, 0, 0, 0, 0, 0, 0, 0]], "edges": [[9, 0], [9, 1], [9, 2], [9, 3], [9, 4], [9, 5], [9, 6], [9, 7], [9, 8]], "splition": "test", "label": 34}