{"nodeNames": ["path0", "path1", "path2", "path3", "path4", "path5", "path6", "group0"], "nodes": [[0, 0, 1, 0, 0, 0, 0, 0, 0, 0, 0, 0, 0, 0, 0.4078706991792929, 0.6753698868581375, 1.0, 0.33246301131418626, 1, 1, 0], [0, 0, 1, 0, 0, 0, 0, 0, 0, 0, 0, 0, 0, 0, 0.08665857796717172, 0.33246301131418626, 1.0, 0.008703220191470844, 1, 1, 0], [0, 0, 1, 0, 0, 0, 0, 0, 0, 0, 0, 0, 0, 0, 0.08665857796717172, 0.9956483899042646, 0.4078706991792929, 0.33246301131418626, 1, 1, 0], [0, 0, 1, 0, 0, 0, 0, 0, 0, 0, 0, 0, 0, 0, 0.9109010022095959, 0.9956483899042646, 1.0, 0.8738033072236727, 1, 1, 0], [0, 0, 1, 0, 0, 0, 0, 0, 0, 0, 0, 0, 0, 0, 0.4078706991792929, 0.9956483899042646, 0.9109010022095959, 0.6753698868581375, 1, 1, 0], [0, 0, 1, 0, 0, 0, 0, 0, 0, 0, 0, 0, 0, 0, 0.9109010022095959, 0.8738033072236727, 1.0, 0.6753698868581375, 1, 1, 0], [0, 0, 1, 0, 0, 0, 0, 0, 0, 0, 0, 0, 0, 0, 0.04221413352272727, 0.9956483899042646, 0.08665857796717172, 0.008703220191470844, 1, 1, 0], [0, 0, 0, 0, 0, 0, 0, 0, 0, 0, 0, 0, 0, 1, 0, 0, 0, 0, 0, 0, 0]], "edges": [[7, 0], [7, 1], [7, 2], [7, 3], [7, 4], [7, 5], [7, 6]], "splition": "training", "label": 35}