{"nodeNames": ["path112", "path113", "path114", "path115", "path116", "path117", "group0"], "nodes": [[0, 0, 0, 0, 0, 0, 0, 0, 0, 1, 0, 0, 0, 0, 0.05868869357638889, 0.2568630642361111, 0.8520372178819444, 0.15040418836805555, 1, 1, 1], [0, 0, 0, 0, 0, 0, 0, 0, 0, 1, 0, 0, 0, 0, 0.05868869357638889, 0.3614637586805556, 0.8520372178819444, 0.3234320746527778, 1, 1, 1], [0, 0, 0, 0, 0, 0, 0, 0, 0, 1, 0, 0, 0, 0, 0.05868869357638889, 0.5437282986111112, 0.8520372178819444, 0.4187961154513889, 1, 1, 1], [0, 0, 0, 0, 0, 0, 0, 0, 0, 1, 0, 0, 0, 0, 0.05868869357638889, 0.6417236328125, 0.8520372178819444, 0.5984157986111112, 1, 1, 1], [0, 0, 0, 0, 0, 0, 0, 0, 0, 1, 0, 0, 0, 0, 0.05868869357638889, 0.7671169704861112, 0.8520372178819444, 0.7506374782986112, 1, 1, 1], [0, 0, 0, 0, 0, 0, 0, 0, 0, 1, 0, 0, 0, 0, 0.05868869357638889, 0.9387613932291666, 0.8520372178819444, 0.8566080729166666, 1, 1, 1], [0, 0, 0, 0, 0, 0, 0, 0, 0, 0, 0, 0, 0, 1, 0, 0, 0, 0, 0, 0, 0]], "edges": [[6, 0], [6, 1], [6, 2], [6, 3], [6, 4], [6, 5]], "splition": "training", "label": 36}