{"nodeNames": ["path19", "path20", "path21", "path22", "path23", "path24", "group0"], "nodes": [[0, 0, 1, 0, 0, 0, 0, 0, 0, 0, 0, 0, 0, 0, 0.5553754958694962, 0.2501718317929822, 0.5860998526840282, 0.1587628761107979, 1, 1, 0], [0, 0, 1, 0, 0, 0, 0, 0, 0, 0, 0, 0, 0, 0, 0.5820704288394993, 0.3644329477421607, 0.5899277930395048, 0.27302404449567763, 1, 1, 0], [0, 0, 1, 0, 0, 0, 0, 0, 0, 0, 0, 0, 0, 0, 0.585898369194976, 0.4786941161270404, 0.623734656635736, 0.38728521288055734, 1, 1, 0], [0, 0, 1, 0, 0, 0, 0, 0, 0, 0, 0, 0, 0, 0, 0.6197052327912073, 0.5929552845119201, 0.633506021755544, 0.5015464337011383, 1, 1, 0], [0, 0, 1, 0, 0, 0, 0, 0, 0, 0, 0, 0, 0, 0, 0.6287513311313817, 0.7072164528967998, 0.633506021755544, 0.615807602086018, 1, 1, 0], [0, 0, 1, 0, 0, 0, 0, 0, 0, 0, 0, 0, 0, 0, 0.6216192337110098, 0.8214776212816796, 0.6327807549759105, 0.7300687704708978, 1, 1, 0], [0, 0, 0, 0, 0, 0, 0, 0, 0, 0, 0, 0, 0, 1, 0, 0, 0, 0, 0, 0, 0]], "edges": [[6, 0], [6, 1], [6, 2], [6, 3], [6, 4], [6, 5]], "splition": "training", "label": 38}