{"nodeNames": ["path0", "path1", "path2", "path3", "path4", "path5", "path6", "path7", "path8", "path9", "path10", "path11", "path12", "path13", "clipPath2446", "defs0", "svg0", "clipPath2450", "clipPath2454", "clipPath2458", "clipPath2462", "clipPath2466"], "nodes": [[0, 0, 0, 0, 0, 0, 1, 0, 0, 0, 0, 0.5446700858824494, 0.9991163259851887, 0.9999995366846528, 0.33022602997367806, 1, 0, 0], [0, 0, 0, 0, 0, 0, 1, 0, 0, 0, 0, 0.5446700858824494, 0.9991163259851887, 0.9999995366846528, 0.33022602997367806, 1, 0, 0], [0, 0, 0, 0, 0, 0, 1, 0, 0, 0, 0, 0.5446700858824494, 0.9991163259851887, 0.9999995366846528, 0.33022602997367806, 1, 0, 0], [0, 0, 0, 0, 0, 0, 1, 0, 0, 0, 0, 0.5446705491977964, 1.0, 1.0, 0.3311097039884893, 1, 0, 0], [0, 0, 0, 0, 0, 0, 1, 0, 0, 0, 0, 0.5446700858824494, 0.9991163259851887, 0.9999995366846528, 0.33022602997367806, 1, 0, 0], [0, 0, 0, 0, 0, 0, 1, 0, 0, 0, 0, 0.5446700858824494, 0.9991163259851887, 0.9999995366846528, 0.33022602997367806, 1, 0, 0], [0, 0, 0, 0, 0, 0, 1, 0, 0, 0, 0, -0.15701757115732234, 0.3347885784396245, 0.4801033471213407, -0.2306627396299323, 1, 0, 0], [0, 0, 0, 0, 0, 0, 1, 0, 0, 0, 0, -0.15701710784197517, 0.5493656150756829, 0.22770698362172526, 0.33450725474813137, 1, 0, 0], [0, 0, 0, 0, 0, 0, 1, 0, 0, 0, 0, -0.12998694300132438, 0.8987935751113838, 0.34772117960396265, 0.3336235807333201, 1, 0, 0], [0, 0, 0, 0, 0, 0, 1, 0, 0, 0, 0, 0.22770698362172526, 0.8738524148689554, 0.5929465798176901, 0.33450725474813137, 1, 0, 0], [0, 0, 0, 0, 0, 0, 1, 0, 0, 0, 0, 0.22770698362172526, 0.5244263832617848, 0.6124315384007729, 0.1131635892728554, 1, 0, 0], [0, 0, 0, 0, 0, 0, 1, 0, 0, 0, 0, 0.22770698362172526, 0.33450725474813137, 0.5843194163956337, -0.10185738295459754, 1, 0, 0], [0, 0, 0, 0, 0, 0, 1, 0, 0, 0, 0, -0.20656331748614667, -0.19256141591121426, -0.2060087097107731, -0.19256141591121426, 0, 1, 1], [0, 0, 0, 0, 0, 0, 1, 0, 0, 0, 0, 0.0937828640193394, 0.5312927231997212, 0.3617932635956221, 0.13757885571134737, 1, 0, 0], [0, 0, 0, 0, 0, 0, 0, 0, 0, 0, 1], [0, 0, 0, 0, 0, 0, 0, 0, 0, 0, 1], [0, 0, 0, 0, 0, 0, 0, 0, 0, 0, 1], [0, 0, 0, 0, 0, 0, 0, 0, 0, 0, 1], [0, 0, 0, 0, 0, 0, 0, 0, 0, 0, 1], [0, 0, 0, 0, 0, 0, 0, 0, 0, 0, 1], [0, 0, 0, 0, 0, 0, 0, 0, 0, 0, 1], [0, 0, 0, 0, 0, 0, 0, 0, 0, 0, 1]], "edges": [[0, 14], [14, 15], [15, 16], [1, 17], [17, 15], [2, 18], [18, 15], [3, 19], [19, 15], [4, 20], [20, 15], [5, 21], [21, 15], [6, 16], [7, 16], [8, 16], [9, 16], [10, 16], [11, 16], [12, 16], [13, 16]], "splition": "test", "label": 14}