{"nodeNames": ["path0", "path1", "path2", "path3", "text0", "tspan0", "tspan1", "text1", "tspan2", "tspan3", "text2", "tspan4", "tspan5", "text3", "tspan6", "tspan7", "g0", "svg0", "g1"], "nodes": [[0, 0, 0, 0, 0, 0, 1, 0, 0, 0, 0, 0.08108108108108109, 0.9355104139571452, 0.9999592219172297, 0.6354436703077465, 0, 1, 0], [0, 0, 0, 0, 0, 0, 1, 0, 0, 0, 0, 0.5060193860853041, 0.6394429456427101, 1.0, 0.3353730482179773, 0, 1, 0], [0, 0, 0, 0, 0, 0, 1, 0, 0, 0, 0, 0.08130308408994932, 0.6299572285595938, 0.5202339790962838, 0.33622122003323046, 0, 1, 0], [0, 0, 0, 0, 0, 0, 1, 0, 0, 0, 0, 0.08108108108108109, 0.6354436703077465, 0.27040085251266893, 0.6261167107171305, 0, 1, 0], [0, 0, 0, 0, 0, 0, 0, 0, 1, 0, 0, 0.5133346310177365, 1.0, 0.5747400892103041, 0.9416186127904758, 0, 0, 0], [0, 0, 0, 0, 0, 0, 0, 0, 1, 0, 0, 0.5133346310177365, 1.0, 0.5436049012880068, 0.9416186127904758, 0, 0, 0], [0, 0, 0, 0, 0, 0, 0, 0, 1, 0, 0, 0.5444698189400338, 0.9986099669712019, 0.5747400892103041, 0.943008645819274, 0, 0, 0], [0, 0, 0, 0, 0, 0, 0, 0, 1, 0, 0, 0.8684596706081081, 0.41887759314677864, 0.929865062816723, 0.3632762719948508, 0, 0, 0], [0, 0, 0, 0, 0, 0, 0, 0, 1, 0, 0, 0.8684596706081081, 0.409445226165648, 0.8987299408783784, 0.37270863897598144, 0, 0, 0], [0, 0, 0, 0, 0, 0, 0, 0, 1, 0, 0, 0.8995947925464527, 0.41887759314677864, 0.929865062816723, 0.3632762719948508, 0, 0, 0], [0, 0, 0, 0, 0, 0, 0, 0, 1, 0, 0, 0.1457271431587838, 0.43138814896865374, 0.20713253536739865, 0.37578682781672595, 0, 0, 0], [0, 0, 0, 0, 0, 0, 0, 0, 1, 0, 0, 0.1457271431587838, 0.4167707381499426, 0.17599741342905406, 0.3904042386354371, 0, 0, 0], [0, 0, 0, 0, 0, 0, 0, 0, 1, 0, 0, 0.17686226509712838, 0.43138814896865374, 0.20713253536739865, 0.37578682781672595, 0, 0, 0], [0, 0, 0, 0, 0, 0, 0, 0, 1, 0, 0, 0.003305268158783784, 0.6556596528951006, 0.06471066036739864, 0.6048020952541507, 0, 0, 0], [0, 0, 0, 0, 0, 0, 0, 0, 1, 0, 0, 0.003305268158783784, 0.6556596528951006, 0.03357553842905405, 0.6048020952541507, 0, 0, 0], [0, 0, 0, 0, 0, 0, 0, 0, 1, 0, 0, 0.034440390097128376, 0.6533208671641068, 0.06471066036739864, 0.6071408809851445, 0, 0, 0], [0, 0, 0, 0, 0, 0, 0, 0, 0, 0, 1], [0, 0, 0, 0, 0, 0, 0, 0, 0, 0, 1], [0, 0, 0, 0, 0, 0, 0, 0, 0, 0, 1]], "edges": [[0, 16], [16, 17], [1, 16], [2, 16], [3, 16], [4, 18], [18, 17], [5, 4], [6, 4], [7, 18], [8, 7], [9, 7], [10, 18], [11, 10], [12, 10], [13, 18], [14, 13], [15, 13]], "splition": "test", "label": 14}