{"nodeNames": ["path0", "text0", "tspan0", "tspan1", "tspan2", "tspan3", "tspan4", "tspan5", "tspan6", "tspan7", "tspan8", "tspan9", "tspan10", "tspan11", "tspan12", "tspan13", "path1", "path2", "path3", "svg0", "g0", "g1"], "nodes": [[0, 0, 0, 0, 0, 0, 1, 0, 0, 0, 0, 0.051580698835274545, 0.9396418215930411, 1.0, 0.02445164591506055, 0, 1, 0], [0, 0, 0, 0, 0, 0, 0, 0, 1, 0, 0, 0.03632945030580543, 1.0, 0.9780931774272696, 0.9545461367900392, 0, 0, 0], [0, 0, 0, 0, 0, 0, 0, 0, 1, 0, 0, 0.03632945030580543, 1.0, 0.06960732052211159, 0.9545461367900392, 1, 0, 0], [0, 0, 0, 0, 0, 0, 0, 0, 1, 0, 0, 0.10621297776004836, 1.0, 0.13949084797635453, 0.9545461367900392, 1, 0, 0], [0, 0, 0, 0, 0, 0, 0, 0, 1, 0, 0, 0.1760965052142913, 1.0, 0.20937435004159735, 0.9545461367900392, 1, 0, 0], [0, 0, 0, 0, 0, 0, 0, 0, 1, 0, 0, 0.24598000727953412, 1.0, 0.27925787749584025, 0.9545461367900392, 1, 0, 0], [0, 0, 0, 0, 0, 0, 0, 0, 1, 0, 0, 0.31586353473377704, 1.0, 0.34914140495008317, 0.9545461367900392, 1, 0, 0], [0, 0, 0, 0, 0, 0, 0, 0, 1, 0, 0, 0.38574706218801996, 1.0, 0.41902493240432614, 0.9545461367900392, 1, 0, 0], [0, 0, 0, 0, 0, 0, 0, 0, 1, 0, 0, 0.4556305896422629, 1.0, 0.48890845985856907, 0.9545461367900392, 1, 0, 0], [0, 0, 0, 0, 0, 0, 0, 0, 1, 0, 0, 0.5255141170965059, 1.0, 0.558791987312812, 0.9545461367900392, 1, 0, 0], [0, 0, 0, 0, 0, 0, 0, 0, 1, 0, 0, 0.5953976445507487, 1.0, 0.6286755147670549, 0.9545461367900392, 1, 0, 0], [0, 0, 0, 0, 0, 0, 0, 0, 1, 0, 0, 0.6652811720049917, 1.0, 0.6985590422212978, 0.9545461367900392, 1, 0, 0], [0, 0, 0, 0, 0, 0, 0, 0, 1, 0, 0, 0.7351646994592346, 1.0, 0.7684425696755408, 0.9545461367900392, 1, 0, 0], [0, 0, 0, 0, 0, 0, 0, 0, 1, 0, 0, 0.8050482269134775, 1.0, 0.8383260971297837, 0.9545461367900392, 1, 0, 0], [0, 0, 0, 0, 0, 0, 0, 0, 1, 0, 0, 0.8749317543677204, 1.0, 0.9082096245840267, 0.9545461367900392, 1, 0, 0], [0, 0, 0, 0, 0, 0, 0, 0, 1, 0, 0, 0.9448152818219634, 1.0, 0.9780931520382695, 0.9545461367900392, 1, 0, 0], [0, 0, 0, 0, 0, 0, 1, 0, 0, 0, 0, 0.051580698835274545, 0.9491598157939621, 0.9604858804661501, 0.9390298482005799, 0, 1, 0], [0, 0, 0, 0, 0, 0, 1, 0, 0, 0, 0, 0.18580033338803817, 0.896323298652567, 0.9467553822649101, 0.02846870202967764, 0, 0, 0], [0, 0, 0, 0, 0, 0, 1, 0, 0, 0, 0, 0.11037271153708662, 0.9242680368412076, 0.8957304486419119, 0.03796153846153846, 0, 0, 0], [0, 0, 0, 0, 0, 0, 0, 0, 0, 0, 1], [0, 0, 0, 0, 0, 0, 0, 0, 0, 0, 1], [0, 0, 0, 0, 0, 0, 0, 0, 0, 0, 1]], "edges": [[0, 19], [1, 19], [2, 1], [3, 1], [4, 1], [5, 1], [6, 1], [7, 1], [8, 1], [9, 1], [10, 1], [11, 1], [12, 1], [13, 1], [14, 1], [15, 1], [16, 19], [17, 20], [20, 19], [18, 21], [21, 19]], "splition": "training", "label": 20}