{"nodeNames": ["path0", "polygon0", "text0", "text1", "polygon1", "line0", "path1", "path2", "path3", "path4", "text2", "tspan0", "tspan1", "text3", "text4", "text5", "g2", "g1", "g0", "svg0", "g3", "g4"], "nodes": [[0, 0, 0, 0, 0, 0, 1, 0, 0, 0, 0, 0.09266053645982655, 1.0, 1.0, 0.016898578270649816, 0, 0, 0], [0, 0, 0, 0, 0, 1, 0, 0, 0, 0, 0, 0.09770640102001506, 0.3951292022057293, 0.13807337437200984, 0.3374751238885523, 0, 0, 0], [0, 0, 0, 0, 0, 0, 0, 0, 1, 0, 0, 0.021920615379963447, 0.6790229490825881, 0.08063621258516925, 0.5601827657131971, 0, 0, 0], [0, 0, 0, 0, 0, 0, 0, 0, 1, 0, 0, 0.021920615379963447, 0.4634174982213879, 0.08063621258516925, 0.3204005993397616, 0, 0, 0], [0, 0, 0, 0, 0, 1, 0, 0, 0, 0, 0, 0.022935779816513763, 0.5427434275533237, 0.07889908169387677, 0.4801191702343187, 0, 0, 0], [1, 0, 0, 0, 0, 0, 0, 0, 0, 0, 0, 0.06972475664331279, 0.5114313889525304, 0.11238530797695895, 0.5114313889525304, 0, 0, 0], [0, 0, 0, 0, 0, 0, 1, 0, 0, 0, 0, 0.15871558933083071, 0.49652081402759, 0.5279816443767023, 0.16003967285216425, 0, 0, 0], [0, 0, 0, 0, 0, 0, 1, 0, 0, 0, 0, 0.13761467889908258, 0.5054671134792065, 0.5174312066594395, 0.37872754893259386, 0, 0, 0], [0, 0, 0, 0, 0, 0, 1, 0, 0, 0, 0, 0.30229354998387326, 0.5024849757425445, 0.8481651096169008, 0.06510922358168529, 0, 0, 0], [0, 0, 0, 0, 0, 0, 1, 0, 0, 0, 0, 0.13761467889908258, 0.9493051752550065, 0.955045857560744, 0.2181908278446816, 0, 0, 0], [0, 0, 0, 0, 0, 0, 0, 0, 1, 0, 0, 0.5314184066352494, 0.8243604902621698, 0.6405926625662988, 0.6759382771355612, 0, 0, 0], [0, 0, 0, 0, 0, 0, 0, 0, 1, 0, 0, 0.5314184066352494, 0.8243604902621698, 0.5864642781948824, 0.6759382771355612, 0, 0, 0], [0, 0, 0, 0, 0, 0, 0, 0, 1, 0, 0, 0.5855467910066657, 0.8155838045394594, 0.640592605695812, 0.6759382771355612, 0, 0, 0], [0, 0, 0, 0, 0, 0, 0, 0, 1, 0, 0, 0.5314184066352494, 0.37051009935428475, 0.5864642781948824, 0.13631468234530017, 0, 0, 0], [0, 0, 0, 0, 0, 0, 0, 0, 1, 0, 0, 0.28334034910989464, 0.3749531694712276, 0.33838622066952767, 0.30360683044686637, 0, 0, 0], [0, 0, 0, 0, 0, 0, 0, 0, 1, 0, 0, 0.1947417302962837, 0.49548001026555527, 0.24978760185591672, 0.42413367124119405, 0, 0, 0], [0, 0, 0, 0, 0, 0, 0, 0, 0, 0, 1], [0, 0, 0, 0, 0, 0, 0, 0, 0, 0, 1], [0, 0, 0, 0, 0, 0, 0, 0, 0, 0, 1], [0, 0, 0, 0, 0, 0, 0, 0, 0, 0, 1], [0, 0, 0, 0, 0, 0, 0, 0, 0, 0, 1], [0, 0, 0, 0, 0, 0, 0, 0, 0, 0, 1]], "edges": [[0, 16], [16, 17], [17, 18], [18, 19], [1, 20], [20, 16], [2, 18], [3, 18], [4, 18], [5, 18], [6, 21], [21, 18], [7, 21], [8, 21], [9, 21], [10, 18], [11, 10], [12, 10], [13, 18], [14, 18], [15, 18]], "splition": "training", "label": 25}