{"nodeNames": ["path0", "path1", "path2", "path3", "text0", "tspan0", "tspan1", "text1", "tspan2", "tspan3", "text2", "tspan4", "tspan5", "text3", "tspan6", "tspan7", "g0", "svg0", "g1"], "nodes": [[0, 0, 0, 0, 0, 0, 1, 0, 0, 0, 0, -1.0000017089872957, 1.0, 0.8090173738089884, 0.0, 1, 0, 0], [0, 0, 0, 0, 0, 0, 1, 0, 0, 0, 0, 0.0, 0.5877853095344471, 1.0, -0.5877854316050576, 1, 0, 0], [0, 0, 0, 0, 0, 0, 1, 0, 0, 0, 0, -0.30901651931534063, 0.0, 0.8090173738089884, -1.0000012817414106, 1, 0, 0], [0, 0, 0, 0, 0, 0, 1, 0, 0, 0, 0, -1.0000017089872957, 0.0, 0.0, -0.9510583521932426, 1, 0, 0], [0, 0, 0, 0, 0, 0, 0, 0, 1, 0, 0, -0.26141066403189656, 0.8930735914882605, -0.07154365559218485, 0.24819701708256123, 0, 0, 0], [0, 0, 0, 0, 0, 0, 0, 0, 1, 0, 0, -0.26141066403189656, 0.8930735914882605, -0.165410484710301, 0.24819701708256123, 1, 0, 0], [0, 0, 0, 0, 0, 0, 0, 0, 1, 0, 0, -0.16754381965496523, 0.6560417627972724, -0.07154365559218485, 0.48522884577354924, 1, 0, 0], [0, 0, 0, 0, 0, 0, 0, 0, 1, 0, 0, 0.5240008955093429, 0.3793446761344632, 0.7138679192078697, -0.3793446761344632, 0, 0, 0], [0, 0, 0, 0, 0, 0, 0, 0, 1, 0, 0, 0.5240008955093429, 0.3793446761344632, 0.6200010595721233, -0.3793446761344632, 1, 0, 0], [0, 0, 0, 0, 0, 0, 0, 0, 1, 0, 0, 0.6178677551450894, 0.0854064585118616, 0.7138679192078697, -0.0854064585118616, 1, 0, 0], [0, 0, 0, 0, 0, 0, 0, 0, 1, 0, 0, 0.1094104042658276, -0.33588473116389445, 0.29927736692909385, -0.8053858774069272, 0, 0, 0], [0, 0, 0, 0, 0, 0, 0, 0, 1, 0, 0, 0.1094104042658276, -0.33588473116389445, 0.205410568328608, -0.8053858774069272, 1, 0, 0], [0, 0, 0, 0, 0, 0, 0, 0, 1, 0, 0, 0.20327720286631348, -0.48522884577354924, 0.29927736692909385, -0.6560417627972724, 1, 0, 0], [0, 0, 0, 0, 0, 0, 0, 0, 1, 0, 0, -0.5614111156928246, -0.06104629161692289, -0.3715441530295584, -0.6442977155705947, 0, 0, 0], [0, 0, 0, 0, 0, 0, 0, 0, 1, 0, 0, -0.5614111156928246, -0.06104629161692289, -0.46541098214767457, -0.6442977155705947, 1, 0, 0], [0, 0, 0, 0, 0, 0, 0, 0, 1, 0, 0, -0.4675443170923388, -0.26726554508189715, -0.3715441530295584, -0.43807846210562035, 1, 0, 0], [0, 0, 0, 0, 0, 0, 0, 0, 0, 0, 1], [0, 0, 0, 0, 0, 0, 0, 0, 0, 0, 1], [0, 0, 0, 0, 0, 0, 0, 0, 0, 0, 1]], "edges": [[0, 16], [16, 17], [1, 16], [2, 16], [3, 16], [4, 18], [18, 17], [5, 4], [6, 4], [7, 18], [8, 7], [9, 7], [10, 18], [11, 10], [12, 10], [13, 18], [14, 13], [15, 13]], "splition": "training", "label": 25}