{"nodeNames": ["path0", "path1", "path2", "path3", "path4", "path5", "path6", "text0", "text1", "text2", "text3", "text4", "text5", "g0", "svg0", "g1", "g2"], "nodes": [[0, 0, 0, 0, 0, 0, 1, 0, 0, 0, 0, 0.0, 1.0, 1.0, 0.05660377358490566, 0, 0, 0], [0, 0, 0, 0, 0, 0, 1, 0, 0, 0, 0, 0.20784500122070312, 0.6541556592257518, 0.4110350036621094, 0.5283018867924528, 0, 0, 0], [0, 0, 0, 0, 0, 0, 1, 0, 0, 0, 0, 0.17436500549316405, 0.8675424827719634, 0.48134002685546873, 0.5713820547427771, 0, 0, 0], [0, 0, 0, 0, 0, 0, 1, 0, 0, 0, 0, 0.4103749847412109, 0.9813969450176887, 0.9802813720703125, 0.4836132121535967, 0, 0, 0], [0, 0, 0, 0, 0, 0, 1, 0, 0, 0, 0, 0.5944100952148438, 0.5189953210218897, 0.7347250366210938, 0.45495749419590215, 0, 0, 0], [0, 0, 0, 0, 0, 0, 1, 0, 0, 0, 0, 0.1344350051879883, 0.4972074976507223, 0.9720599746704102, 0.056602190125663324, 0, 0, 0], [0, 0, 0, 0, 0, 0, 1, 0, 0, 0, 0, 0.15820999145507814, 0.5283018867924528, 0.4268849945068359, 0.30832081920695753, 0, 0, 0], [0, 0, 0, 0, 0, 0, 0, 0, 1, 0, 0, 0.14214000701904297, 0.6307787625294812, 0.20464000701904297, 0.5730325950766509, 0, 0, 0], [0, 0, 0, 0, 0, 0, 0, 0, 1, 0, 0, 0.2218250274658203, 0.8639202477797022, 0.28432502746582033, 0.8061740803268721, 0, 0, 0], [0, 0, 0, 0, 0, 0, 0, 0, 1, 0, 0, 0.8161799621582031, 0.9193259185215212, 0.8786799621582031, 0.861579751068691, 0, 0, 0], [0, 0, 0, 0, 0, 0, 0, 0, 1, 0, 0, 0.7343849945068359, 0.4866249516325177, 0.7968849945068359, 0.45773344219855544, 0, 0, 0], [0, 0, 0, 0, 0, 0, 0, 0, 1, 0, 0, 0.5762300109863281, 0.05866558146926592, 0.6387300109863281, 0.0009194140164357312, 0, 0, 0], [0, 0, 0, 0, 0, 0, 0, 0, 1, 0, 0, 0.10979999542236328, 0.4251136060030955, 0.1722999954223633, 0.3673674385502653, 0, 0, 0], [0, 0, 0, 0, 0, 0, 0, 0, 0, 0, 1], [0, 0, 0, 0, 0, 0, 0, 0, 0, 0, 1], [0, 0, 0, 0, 0, 0, 0, 0, 0, 0, 1], [0, 0, 0, 0, 0, 0, 0, 0, 0, 0, 1]], "edges": [[0, 13], [13, 14], [1, 15], [15, 13], [2, 15], [3, 15], [4, 15], [5, 15], [6, 15], [7, 16], [16, 13], [8, 16], [9, 16], [10, 16], [11, 16], [12, 16]], "splition": "training", "label": 26}