{"nodeNames": ["rect0", "rect1", "path0", "path1", "path2", "path3", "path4", "path5", "path6", "path7", "circle0", "line0", "line1", "gridRectMaskfc3noor2", "defs0", "g0", "svg0", "gridRectMarkerMaskfc3noor2", "g4", "g3", "g2", "g1", "g5", "g6", "g7", "g9", "g8", "g10", "g11", "g12"], "nodes": [[0, 0, 1, 0, 0, 0, 0, 0, 0, 0, 0, -0.002564102564102564, 1.0, 0.9974358974358974, 0.24848484848484848, 1, 0, 0], [0, 0, 1, 0, 0, 0, 0, 0, 0, 0, 0, -0.005128205128205128, 0.997979797979798, 1.0, 0.2505050505050505, 1, 0, 0], [0, 0, 0, 0, 0, 0, 1, 0, 0, 0, 0, 0.11332332904522235, 0.9046543313999369, 0.8251381702912159, 0.34383051708491164, 0, 1, 1], [0, 0, 0, 0, 0, 0, 1, 0, 0, 0, 0, 0.17525955591446313, 0.8558561691130051, 0.7632019825470753, 0.3926287410235164, 0, 1, 1], [0, 0, 0, 0, 0, 0, 1, 0, 0, 0, 0, 0.23719576322115385, 0.8070578835227272, 0.7012657752403846, 0.4414269649621212, 0, 1, 1], [0, 0, 0, 0, 0, 0, 1, 0, 0, 0, 0, 0.29913197052784457, 0.7582595979324495, 0.6393295679336939, 0.49022512724905304, 0, 1, 1], [0, 0, 0, 0, 0, 0, 1, 0, 0, 0, 0, 0.11332332904522235, 0.9046543313999369, 0.8251383267916166, 0.5057352085306187, 0, 1, 1], [0, 0, 0, 0, 0, 0, 1, 0, 0, 0, 0, 0.17525955591446313, 0.855856415719697, 0.7632020607972756, 0.6202001706518309, 0, 1, 1], [0, 0, 0, 0, 0, 0, 1, 0, 0, 0, 0, 0.23719576322115385, 0.8070578835227272, 0.693359375, 0.6242424242424243, 0, 1, 1], [0, 0, 0, 0, 0, 0, 1, 0, 0, 0, 0, 0.29913197052784457, 0.7582597212357954, 0.6393296461838942, 0.5048321348248106, 0, 1, 1], [0, 0, 0, 1, 0, 0, 0, 0, 0, 0, 0, 0.3357735658303285, 0.7293904622395834, 0.6026878943810097, 0.5190942629419192, 0, 0, 0], [1, 0, 0, 0, 0, 0, 0, 0, 0, 0, 0, 0.0, 0.9939393939393939, 0.0, 0.2545454545454545, 0, 1, 1], [1, 0, 0, 0, 0, 0, 0, 0, 0, 0, 0, 0.0, 0.9939393939393939, 0.0, 0.2545454545454545, 0, 0, 0], [0, 0, 0, 0, 0, 0, 0, 0, 0, 0, 1], [0, 0, 0, 0, 0, 0, 0, 0, 0, 0, 1], [0, 0, 0, 0, 0, 0, 0, 0, 0, 0, 1], [0, 0, 0, 0, 0, 0, 0, 0, 0, 0, 1], [0, 0, 0, 0, 0, 0, 0, 0, 0, 0, 1], [0, 0, 0, 0, 0, 0, 0, 0, 0, 0, 1], [0, 0, 0, 0, 0, 0, 0, 0, 0, 0, 1], [0, 0, 0, 0, 0, 0, 0, 0, 0, 0, 1], [0, 0, 0, 0, 0, 0, 0, 0, 0, 0, 1], [0, 0, 0, 0, 0, 0, 0, 0, 0, 0, 1], [0, 0, 0, 0, 0, 0, 0, 0, 0, 0, 1], [0, 0, 0, 0, 0, 0, 0, 0, 0, 0, 1], [0, 0, 0, 0, 0, 0, 0, 0, 0, 0, 1], [0, 0, 0, 0, 0, 0, 0, 0, 0, 0, 1], [0, 0, 0, 0, 0, 0, 0, 0, 0, 0, 1], [0, 0, 0, 0, 0, 0, 0, 0, 0, 0, 1], [0, 0, 0, 0, 0, 0, 0, 0, 0, 0, 1]], "edges": [[0, 13], [13, 14], [14, 15], [15, 16], [1, 17], [17, 14], [2, 18], [18, 19], [19, 20], [20, 21], [21, 15], [3, 22], [22, 19], [4, 23], [23, 19], [5, 24], [24, 19], [6, 25], [25, 26], [26, 20], [7, 27], [27, 26], [8, 28], [28, 26], [9, 29], [29, 26], [10, 26], [11, 15], [12, 15]], "splition": "test", "label": 28}