{"nodeNames": ["rect0", "path0", "path1", "path2", "path3", "path4", "path5", "path6", "path7", "path8", "path9", "path10", "path11", "g0", "svg0", "g2", "g1"], "nodes": [[0, 0, 1, 0, 0, 0, 0, 0, 0, 0, 0, 0.0, 1.0, 1.0, 0.0, 0, 0, 0], [0, 0, 0, 0, 0, 0, 1, 0, 0, 0, 0, 0.2148780636671113, 0.7839023497046493, 0.785609696551067, 0.4894266268102134, 0, 0, 0], [0, 0, 0, 0, 0, 0, 1, 0, 0, 0, 0, 0.13658536585365855, 0.8621951219512195, 0.8648780636671113, 0.3267645859136814, 0, 0, 0], [0, 0, 0, 0, 0, 0, 1, 0, 0, 0, 0, 0.056829275735994667, 0.9417075552591463, 0.9451219884360709, 0.3941446443883384, 0, 0, 0], [0, 0, 0, 0, 0, 0, 1, 0, 0, 0, 0, 0.059268300126238564, 0.39536586854516004, 0.11951219512195121, 0.35585371808307925, 0, 0, 0], [0, 0, 0, 0, 0, 0, 1, 0, 0, 0, 0, 0.05878048408322218, 0.4429268441549162, 0.11951219512195121, 0.40195118973894817, 0, 0, 0], [0, 0, 0, 0, 0, 0, 1, 0, 0, 0, 0, 0.05463415006311929, 0.48585368830983233, 0.08804877676614901, 0.4478048185022866, 0, 0, 0], [0, 0, 0, 0, 0, 0, 1, 0, 0, 0, 0, 0.13902439024390245, 0.39536586854516004, 0.1992683224561738, 0.35585371808307925, 0, 0, 0], [0, 0, 0, 0, 0, 0, 1, 0, 0, 0, 0, 0.13902439024390245, 0.44365852169874237, 0.198292690370141, 0.401219512195122, 0, 0, 0], [0, 0, 0, 0, 0, 0, 1, 0, 0, 0, 0, 0.13439024018078316, 0.48585368830983233, 0.16780484827553355, 0.4478048185022866, 0, 0, 0], [0, 0, 0, 0, 0, 0, 1, 0, 0, 0, 0, 0.21756100538300305, 0.39780489293540394, 0.27682926829268295, 0.3531707763671875, 0, 0, 0], [0, 0, 0, 0, 0, 0, 1, 0, 0, 0, 0, 0.2163414559713224, 0.4434146043730945, 0.27756094583650914, 0.40146335508765246, 0, 0, 0], [0, 0, 0, 0, 0, 0, 1, 0, 0, 0, 0, 0.21292683671160442, 0.48585368830983233, 0.24658538074028202, 0.4478048185022866, 0, 0, 0], [0, 0, 0, 0, 0, 0, 0, 0, 0, 0, 1], [0, 0, 0, 0, 0, 0, 0, 0, 0, 0, 1], [0, 0, 0, 0, 0, 0, 0, 0, 0, 0, 1], [0, 0, 0, 0, 0, 0, 0, 0, 0, 0, 1]], "edges": [[0, 13], [13, 14], [1, 15], [15, 16], [16, 14], [2, 15], [3, 15], [4, 16], [5, 16], [6, 16], [7, 16], [8, 16], [9, 16], [10, 16], [11, 16], [12, 16]], "splition": "training", "label": 28}