{"nodeNames": ["path4", "svg0"], "nodes": [[0, 0, 0, 0, 0, 0, 0, 0, 0, 1, 0, 0, 0, 0, 0.16834741747261187, 0.9845218162066915, 0.899958349414026, 0.2189746682234397, 1, 1, 1], [0, 0, 0, 0, 0, 0, 0, 0, 0, 0, 0, 0, 0, 1, 0, 0, 0, 0, 0, 0, 0]], "edges": [[0, 1]], "splition": "test", "label": 12}