{"nodeNames": ["path9", "path10", "path11", "path12", "path13", "path14", "g3", "svg0"], "nodes": [[0, 0, 0, 0, 0, 0, 0, 0, 1, 0, 0, 0, 0, 0, 0.16778862185594512, 0.4424234434615734, 0.532520325203252, 0.32502906267033066, 1, 1, 0], [0, 0, 0, 0, 0, 0, 0, 0, 1, 0, 0, 0, 0, 0, 0.15447266121220782, 0.5373730326807776, 0.3773252078834265, 0.424643405648165, 1, 1, 0], [0, 0, 0, 0, 0, 0, 0, 0, 1, 0, 0, 0, 0, 0, 0.2221328197779048, 0.5888129537419755, 0.4743279351128472, 0.49878781340843026, 1, 1, 0], [0, 0, 0, 0, 0, 0, 0, 0, 1, 0, 0, 0, 0, 0, 0.41613550367071056, 0.595377899879633, 0.5861138237847222, 0.5245078035103258, 1, 1, 0], [0, 0, 0, 0, 0, 0, 0, 0, 1, 0, 0, 0, 0, 0, 0.5593170744939872, 0.5940125931140988, 0.7296910893303269, 0.5178701119829517, 1, 1, 0], [0, 0, 0, 0, 0, 0, 0, 0, 1, 0, 0, 0, 0, 0, 0.532520325203252, 0.575536801833515, 0.9105672862148544, 0.32502906267033066, 1, 1, 0], [0, 0, 0, 0, 0, 0, 0, 0, 0, 0, 0, 0, 0, 1, 0, 0, 0, 0, 0, 0, 0], [0, 0, 0, 0, 0, 0, 0, 0, 0, 0, 0, 0, 0, 1, 0, 0, 0, 0, 0, 0, 0]], "edges": [[0, 6], [6, 7], [1, 6], [2, 6], [3, 6], [4, 6], [5, 6]], "splition": "training", "label": 14}