{"nodeNames": ["rect0", "rect1", "rect2", "rect3", "rect4", "rect5", "rect6", "rect7", "rect8", "rect9", "rect10", "rect11", "rect12", "rect13", "rect14", "rect15", "rect16", "rect17", "svg0"], "nodes": [[0, 0, 1, 0, 0, 0, 0, 0, 0, 0, 0, 0, 0, 0, 0.7129730652573283, 0.520833740234375, 0.7229215266330119, 0.2, 1, 0, 0], [0, 0, 1, 0, 0, 0, 0, 0, 0, 0, 0, 0, 0, 0, 0.6963922962978556, 0.383333740234375, 0.7063407576735392, 0.2, 1, 0, 0], [0, 0, 1, 0, 0, 0, 0, 0, 0, 0, 0, 0, 0, 0, 0.8008511407425338, 0.3069450378417969, 0.8107996021182176, 0.2, 1, 0, 0], [0, 0, 1, 0, 0, 0, 0, 0, 0, 0, 0, 0, 0, 0, 0.7826122948871138, 0.4444450378417969, 0.7925607562627975, 0.2, 1, 0, 0], [0, 0, 1, 0, 0, 0, 0, 0, 0, 0, 0, 0, 0, 0, 0.8870711393317922, 0.39861129760742187, 0.8970196007074758, 0.2, 1, 0, 0], [0, 0, 1, 0, 0, 0, 0, 0, 0, 0, 0, 0, 0, 0, 0.8704903703723195, 0.35277748107910156, 0.8804388317480031, 0.2, 1, 0, 0], [0, 0, 1, 0, 0, 0, 0, 0, 0, 0, 0, 0, 0, 0, 0.62675306666807, 0.5819450378417969, 0.6367015280437537, 0.2, 1, 0, 0], [0, 0, 1, 0, 0, 0, 0, 0, 0, 0, 0, 0, 0, 0, 0.6101722977085973, 0.658333740234375, 0.6201207590842809, 0.2, 1, 0, 0], [0, 0, 1, 0, 0, 0, 0, 0, 0, 0, 0, 0, 0, 0, 0.5405330680788116, 0.7652774810791015, 0.5504815294544954, 0.2, 1, 0, 0], [0, 0, 1, 0, 0, 0, 0, 0, 0, 0, 0, 0, 0, 0, 0.5239522991193389, 0.8875, 0.5339007604950226, 0.2, 1, 0, 0], [0, 0, 1, 0, 0, 0, 0, 0, 0, 0, 0, 0, 0, 0, 0.45431306948955336, 0.704166259765625, 0.464261530865237, 0.2, 1, 0, 0], [0, 0, 1, 0, 0, 0, 0, 0, 0, 0, 0, 0, 0, 0, 0.4377323005300806, 0.7194450378417969, 0.4476807619057643, 0.2, 1, 0, 0], [0, 0, 1, 0, 0, 0, 0, 0, 0, 0, 0, 0, 0, 0, 0.3680930709002951, 0.4444450378417969, 0.3780415322759787, 0.2, 1, 0, 0], [0, 0, 1, 0, 0, 0, 0, 0, 0, 0, 0, 0, 0, 0, 0.34985422504487507, 0.5819450378417969, 0.3598026864205587, 0.2, 1, 0, 0], [0, 0, 1, 0, 0, 0, 0, 0, 0, 0, 0, 0, 0, 0, 0.2802149954150895, 0.658333740234375, 0.29016345679077316, 0.2, 1, 0, 0], [0, 0, 1, 0, 0, 0, 0, 0, 0, 0, 0, 0, 0, 0, 0.26363422645561674, 0.383333740234375, 0.2735826878313004, 0.2, 1, 0, 0], [0, 0, 1, 0, 0, 0, 0, 0, 0, 0, 0, 0, 0, 0, 0.19399499682583118, 0.3069450378417969, 0.20394345820151483, 0.2, 1, 0, 0], [0, 0, 1, 0, 0, 0, 0, 0, 0, 0, 0, 0, 0, 0, 0.17741422786635844, 0.27638874053955076, 0.18736268924204208, 0.2, 1, 0, 0], [0, 0, 0, 0, 0, 0, 0, 0, 0, 0, 0, 0, 0, 1, 0, 0, 0, 0, 0, 0, 0]], "edges": [[0, 18], [1, 18], [2, 18], [3, 18], [4, 18], [5, 18], [6, 18], [7, 18], [8, 18], [9, 18], [10, 18], [11, 18], [12, 18], [13, 18], [14, 18], [15, 18], [16, 18], [17, 18]], "splition": "training", "label": 18}