{"nodeNames": ["rect0", "rect1", "rect2", "rect3", "rect4", "rect5", "rect6", "rect7", "svg0"], "nodes": [[0, 0, 1, 0, 0, 0, 0, 0, 0, 0, 0, 0, 0, 0, 0.6096949573501151, 0.6086340807554578, 0.9003667790238902, 0.5359232201746067, 1, 0, 0], [0, 0, 1, 0, 0, 0, 0, 0, 0, 0, 0, 0, 0, 0, 0.7550309028594506, 0.20891437013477734, 0.9003667790238902, 0.13620360687662741, 1, 0, 0], [0, 0, 1, 0, 0, 0, 0, 0, 0, 0, 0, 0, 0, 0, 0.4640864170546282, 0.6813464984995272, 0.9003667790238902, 0.6086324262695382, 1, 0, 0], [0, 0, 1, 0, 0, 0, 0, 0, 0, 0, 0, 0, 0, 0, 0.6096949573501151, 0.2816267878788469, 0.9003667790238902, 0.20891602462069694, 1, 0, 0], [0, 0, 1, 0, 0, 0, 0, 0, 0, 0, 0, 0, 0, 0, 0.31875050621774076, 0.7538643681639926, 0.9003644906423224, 0.6813464984995272, 1, 0, 0], [0, 0, 1, 0, 0, 0, 0, 0, 0, 0, 0, 0, 0, 0, 0.4640864170546282, 0.35433759979834734, 0.9003667790238902, 0.2816267878788469, 1, 0, 0], [0, 0, 1, 0, 0, 0, 0, 0, 0, 0, 0, 0, 0, 0, 0.17341463005330127, 0.826576688585361, 0.9003645253147704, 0.753862713678073, 1, 0, 0], [0, 0, 1, 0, 0, 0, 0, 0, 0, 0, 0, 0, 0, 0, 0.31875050621774076, 0.42685707528738176, 0.9003644906423224, 0.35433759979834734, 1, 0, 0], [0, 0, 0, 0, 0, 0, 0, 0, 0, 0, 0, 0, 0, 1, 0, 0, 0, 0, 0, 0, 0]], "edges": [[0, 8], [1, 8], [2, 8], [3, 8], [4, 8], [5, 8], [6, 8], [7, 8]], "splition": "training", "label": 18}