{"nodeNames": ["path4", "path5", "path6", "path7", "path8", "path9", "path10", "path11", "path12", "path13", "path14", "path15", "path16", "path17", "path18", "path19", "g0", "svg0"], "nodes": [[0, 0, 1, 0, 0, 0, 0, 0, 0, 0, 0, 0, 0, 0, 0.14125, 0.2733175914994097, 0.17125, 0.03600944510035419, 1, 1, 0], [0, 0, 1, 0, 0, 0, 0, 0, 0, 0, 0, 0, 0, 0, 0.17875, 0.320543093270366, 0.20875, 0.03600944510035419, 1, 1, 0], [0, 0, 1, 0, 0, 0, 0, 0, 0, 0, 0, 0, 0, 0, 0.21875, 0.1422668240850059, 0.24875, 0.03600944510035419, 1, 1, 0], [0, 0, 1, 0, 0, 0, 0, 0, 0, 0, 0, 0, 0, 0, 0.25625, 0.24144037780401417, 0.28625, 0.03600944510035419, 1, 1, 0], [0, 0, 1, 0, 0, 0, 0, 0, 0, 0, 0, 0, 0, 0, 0.34625, 0.32762691853600945, 0.37625, 0.03600944510035419, 1, 1, 0], [0, 0, 1, 0, 0, 0, 0, 0, 0, 0, 0, 0, 0, 0, 0.38375, 0.19421487603305784, 0.41375, 0.03600944510035419, 1, 1, 0], [0, 0, 1, 0, 0, 0, 0, 0, 0, 0, 0, 0, 0, 0, 0.42375, 0.3299881936245573, 0.45375, 0.03600944510035419, 1, 1, 0], [0, 0, 1, 0, 0, 0, 0, 0, 0, 0, 0, 0, 0, 0, 0.46125, 0.40082644628099173, 0.49125, 0.03600944510035419, 1, 1, 0], [0, 0, 1, 0, 0, 0, 0, 0, 0, 0, 0, 0, 0, 0, 0.55125, 0.589728453364817, 0.58125, 0.03600944510035419, 1, 1, 0], [0, 0, 1, 0, 0, 0, 0, 0, 0, 0, 0, 0, 0, 0, 0.58875, 0.5826446280991735, 0.61875, 0.03600944510035419, 1, 1, 0], [0, 0, 1, 0, 0, 0, 0, 0, 0, 0, 0, 0, 0, 0, 0.62875, 0.4834710743801653, 0.65875, 0.03600944510035419, 1, 1, 0], [0, 0, 1, 0, 0, 0, 0, 0, 0, 0, 0, 0, 0, 0, 0.66625, 0.5330578512396694, 0.69625, 0.03600944510035419, 1, 1, 0], [0, 0, 1, 0, 0, 0, 0, 0, 0, 0, 0, 0, 0, 0, 0.75625, 0.8482880755608029, 0.78625, 0.03600944510035419, 1, 1, 0], [0, 0, 1, 0, 0, 0, 0, 0, 0, 0, 0, 0, 0, 0, 0.79375, 0.5, 0.82375, 0.03600944510035419, 1, 1, 0], [0, 0, 1, 0, 0, 0, 0, 0, 0, 0, 0, 0, 0, 0, 0.83375, 0.37485242030696575, 0.86375, 0.03600944510035419, 1, 1, 0], [0, 0, 1, 0, 0, 0, 0, 0, 0, 0, 0, 0, 0, 0, 0.87125, 0.5448642266824085, 0.90125, 0.03600944510035419, 1, 1, 0], [0, 0, 0, 0, 0, 0, 0, 0, 0, 0, 0, 0, 0, 1, 0, 0, 0, 0, 0, 0, 0], [0, 0, 0, 0, 0, 0, 0, 0, 0, 0, 0, 0, 0, 1, 0, 0, 0, 0, 0, 0, 0]], "edges": [[0, 16], [16, 17], [1, 16], [2, 16], [3, 16], [4, 16], [5, 16], [6, 16], [7, 16], [8, 16], [9, 16], [10, 16], [11, 16], [12, 16], [13, 16], [14, 16], [15, 16]], "splition": "training", "label": 18}