{"nodeNames": ["path2", "path3", "path5", "path6", "path8", "path9", "path11", "path13", "path14", "path15", "path17", "path19", "svg0"], "nodes": [[0, 0, 0, 0, 0, 0, 0, 1, 0, 0, 0, 0, 0, 0, 0.17907870460161726, 0.5002181432271336, 0.4904250395536014, 0.22946759313677748, 1, 0, 0], [0, 0, 0, 0, 0, 0, 0, 1, 0, 0, 0, 0, 0, 0, 0.12837596623608977, 0.6551169317918489, 0.488982612966679, 0.5002181432271336, 1, 0, 0], [0, 0, 0, 0, 0, 0, 0, 1, 0, 0, 0, 0, 0, 0, 0.3124498124202754, 0.8128542537623982, 0.4914333031331136, 0.5002181432271336, 1, 0, 0], [0, 0, 0, 0, 0, 0, 0, 1, 0, 0, 0, 0, 0, 0, 0.3460496624727069, 0.5002181432271336, 0.488982612966679, 0.2501090716135668, 1, 0, 0], [0, 0, 0, 0, 0, 0, 0, 1, 0, 0, 0, 0, 0, 0, 0.4904250395536014, 0.5002181432271336, 0.7397528418242435, 0.28383376264856713, 1, 0, 0], [0, 0, 0, 0, 0, 0, 0, 1, 0, 0, 0, 0, 0, 0, 0.488982612966679, 0.5002181432271336, 0.7053436957268728, 0.4064272413720461, 1, 0, 0], [0, 0, 0, 0, 0, 0, 0, 1, 0, 0, 0, 0, 0, 0, 0.488982612966679, 0.5622727165869149, 0.633224743426522, 0.49915017260640093, 1, 0, 0], [0, 0, 0, 0, 0, 0, 0, 1, 0, 0, 0, 0, 0, 0, 0.488982612966679, 0.625272679033917, 0.5616261000329529, 0.5002181432271336, 1, 0, 0], [0, 0, 0, 0, 0, 0, 0, 1, 0, 0, 0, 0, 0, 0, 0.3637626591993388, 0.609283192652069, 0.488982612966679, 0.5002181432271336, 1, 0, 0], [0, 0, 0, 0, 0, 0, 0, 1, 0, 0, 0, 0, 0, 0, 0.488982612966679, 0.5002181432271336, 0.5961823148323165, 0.3126363395169585, 1, 0, 0], [0, 0, 0, 0, 0, 0, 0, 1, 0, 0, 0, 0, 0, 0, 0.27406105151524784, 0.497717052510998, 0.4904250395536014, 0.40477780990306134, 1, 0, 0], [0, 0, 0, 0, 0, 0, 0, 1, 0, 0, 0, 0, 0, 0, 0.488982612966679, 0.7154369688197154, 0.7396374230464448, 0.5002181432271336, 1, 0, 0], [0, 0, 0, 0, 0, 0, 0, 0, 0, 0, 0, 0, 0, 1, 0, 0, 0, 0, 0, 0, 0]], "edges": [[0, 12], [1, 12], [2, 12], [3, 12], [4, 12], [5, 12], [6, 12], [7, 12], [8, 12], [9, 12], [10, 12], [11, 12]], "splition": "test", "label": 26}