{"nodeNames": ["circle0", "circle1", "circle2", "circle3", "circle4", "path0", "path1", "path2", "path3", "path4", "svg0"], "nodes": [[0, 0, 0, 0, 0, 1, 0, 0, 0, 0, 0, 0, 0, 0, 0.3289542367616351, 0.4144904920488952, 0.8059762544579184, 0.12715917748524944, 0, 1, 1], [0, 0, 0, 0, 0, 1, 0, 0, 0, 0, 0, 0, 0, 0, 0.3900002920748581, 0.37772546690873876, 0.7449491552346217, 0.1639242026254059, 0, 1, 1], [0, 0, 0, 0, 0, 1, 0, 0, 0, 0, 0, 0, 0, 0, 0.26231286166744816, 0.4546386507123716, 0.8726411897777253, 0.08701101882177308, 0, 1, 1], [0, 0, 0, 0, 0, 1, 0, 0, 0, 0, 0, 0, 0, 0, 0.19399781130899463, 0.4957891743713834, 0.940960988151113, 0.04586045183036476, 0, 1, 1], [0, 0, 0, 0, 0, 1, 0, 0, 0, 0, 0, 0, 0, 0, 0.1349682235503555, 0.5313481722525158, 1.0, 0.01030149728162877, 0, 1, 1], [0, 0, 0, 0, 0, 0, 0, 0, 1, 0, 0, 0, 0, 0, 0.31422334057957146, 0.39320319228031625, 0.4293523793957446, 0.27350988338298793, 1, 0, 0], [0, 0, 0, 0, 0, 0, 0, 0, 1, 0, 0, 0, 0, 0, 0.37904014705609407, 0.3476863230216963, 0.4408584382224986, 0.2728226749071018, 1, 0, 0], [0, 0, 0, 0, 0, 0, 0, 0, 1, 0, 0, 0, 0, 0, 0.24756545534254554, 0.44422778246200983, 0.43502172504590825, 0.2723342321339013, 1, 0, 0], [0, 0, 0, 0, 0, 0, 0, 0, 1, 0, 0, 0, 0, 0, 0.17922993816214125, 0.4964906392057137, 0.4748839362137286, 0.2715759585277766, 1, 0, 0], [0, 0, 0, 0, 0, 0, 0, 0, 1, 0, 0, 0, 0, 0, 0.1178750640442469, 0.5416481962326641, 0.8521278049078073, 0.27120108996576825, 1, 0, 0], [0, 0, 0, 0, 0, 0, 0, 0, 0, 0, 0, 0, 0, 1, 0, 0, 0, 0, 0, 0, 0]], "edges": [[0, 10], [1, 10], [2, 10], [3, 10], [4, 10], [5, 10], [6, 10], [7, 10], [8, 10], [9, 10]], "splition": "training", "label": 28}