{"nodeNames": ["path26", "path27", "path28", "path29", "path30", "path31", "path32", "path33", "path34", "path35", "path36", "path37", "svg0"], "nodes": [[0, 0, 0, 0, 0, 0, 0, 0, 1, 0, 0, 0, 0, 0, 0.31333248138427733, 0.5875374794006347, 0.38223748207092284, 0.5, 1, 0, 0], [0, 0, 0, 0, 0, 0, 0, 0, 1, 0, 0, 0, 0, 0, 0.33513248443603516, 0.686666259765625, 0.6191399574279786, 0.5625274658203125, 1, 0, 0], [0, 0, 0, 0, 0, 0, 0, 0, 1, 0, 0, 0, 0, 0, 0.5082775497436524, 0.6437023544311523, 0.6866675758361817, 0.3136924743652344, 1, 0, 0], [0, 0, 0, 0, 0, 0, 0, 0, 1, 0, 0, 0, 0, 0, 0.24666748046875, 0.7533332633972168, 0.6546649932861328, 0.5, 1, 0, 0], [0, 0, 0, 0, 0, 0, 0, 0, 1, 0, 0, 0, 0, 0, 0.6221050643920898, 0.7006399393081665, 0.6921250247955322, 0.6303624725341797, 1, 0, 0], [0, 0, 0, 0, 0, 0, 0, 0, 1, 0, 0, 0, 0, 0, 0.6516775894165039, 0.6651249885559082, 0.7533332920074463, 0.45527244567871095, 1, 0, 0], [0, 0, 0, 0, 0, 0, 0, 0, 1, 0, 0, 0, 0, 0, 0.18, 0.542472414970398, 0.23569250583648682, 0.5, 1, 0, 0], [0, 0, 0, 0, 0, 0, 0, 0, 1, 0, 0, 0, 0, 0, 0.18283000946044922, 0.6424875068664551, 0.261227502822876, 0.5353925323486328, 1, 0, 0], [0, 0, 0, 0, 0, 0, 0, 0, 1, 0, 0, 0, 0, 0, 0.21347251892089844, 0.8200015449523925, 0.8163649749755859, 0.5400800323486328, 1, 0, 0], [0, 0, 0, 0, 0, 0, 0, 0, 1, 0, 0, 0, 0, 0, 0.11333251953125, 0.8866671371459961, 0.5102924728393554, 0.5, 1, 0, 0], [0, 0, 0, 0, 0, 0, 0, 0, 1, 0, 0, 0, 0, 0, 0.5088725662231446, 0.8865300369262695, 0.8805925369262695, 0.5588525390625, 1, 0, 0], [0, 0, 0, 0, 0, 0, 0, 0, 1, 0, 0, 0, 0, 0, 0.5000000381469727, 0.568270034790039, 0.8866670227050781, 0.11333251953125, 1, 0, 0], [0, 0, 0, 0, 0, 0, 0, 0, 0, 0, 0, 0, 0, 1, 0, 0, 0, 0, 0, 0, 0]], "edges": [[0, 12], [1, 12], [2, 12], [3, 12], [4, 12], [5, 12], [6, 12], [7, 12], [8, 12], [9, 12], [10, 12], [11, 12]], "splition": "training", "label": 28}