{"nodeNames": ["path18", "path19", "circle0", "circle1", "circle2", "circle3", "circle4", "circle5", "circle6", "circle7", "circle8", "circle9", "circle10", "circle11", "circle12", "svg0"], "nodes": [[0, 0, 0, 0, 0, 0, 0, 0, 0, 1, 0, 0, 0, 0, 0.2241602745963364, 0.9699436545008742, 0.6241832050541137, 0.1385633792144106, 1, 1, 0], [0, 1, 0, 0, 0, 0, 0, 0, 0, 0, 0, 0, 0, 0, 0.25129404535961963, 0.9699436545008742, 0.5693835154635565, 0.1385633792144106, 0, 1, 1], [0, 0, 0, 0, 0, 1, 0, 0, 0, 0, 0, 0, 0, 0, 0.3079917228709152, 0.1427202805908429, 0.3214413393466954, 0.13440647783797827, 1, 1, 0], [0, 0, 0, 0, 0, 1, 0, 0, 0, 0, 0, 0, 0, 0, 0.38831283410607337, 0.2120019701980482, 0.4017624505818535, 0.20368816744518356, 1, 1, 0], [0, 0, 0, 0, 0, 1, 0, 0, 0, 0, 0, 0, 0, 0, 0.4686317220719064, 0.2812836598052535, 0.4820813385476866, 0.27296985705238885, 1, 1, 0], [0, 0, 0, 0, 0, 1, 0, 0, 0, 0, 0, 0, 0, 0, 0.5347769260490001, 0.3505653494124588, 0.5482265425247802, 0.3422515466595942, 1, 1, 0], [0, 0, 0, 0, 0, 1, 0, 0, 0, 0, 0, 0, 0, 0, 0.5623374619102658, 0.4198470390196641, 0.575787078386046, 0.41153323626679944, 1, 1, 0], [0, 0, 0, 0, 0, 1, 0, 0, 0, 0, 0, 0, 0, 0, 0.5450142945956359, 0.4891287286268694, 0.558463911071416, 0.48081492587400476, 1, 1, 0], [0, 0, 0, 0, 0, 1, 0, 0, 0, 0, 0, 0, 0, 0, 0.4875306742758572, 0.5584104182340747, 0.5009802907516374, 0.55009661548121, 1, 1, 0], [0, 0, 0, 0, 0, 1, 0, 0, 0, 0, 0, 0, 0, 0, 0.415084314581801, 0.6276921078412799, 0.4285339310575812, 0.6193783050884153, 1, 1, 0], [0, 0, 0, 0, 0, 1, 0, 0, 0, 0, 0, 0, 0, 0, 0.33870170785392806, 0.6969737974484853, 0.35215132432970825, 0.6886599946956207, 1, 1, 0], [0, 0, 0, 0, 0, 1, 0, 0, 0, 0, 0, 0, 0, 0, 0.2764949741799762, 0.7662554870556906, 0.28994459065575634, 0.7579416843028259, 1, 1, 0], [0, 0, 0, 0, 0, 1, 0, 0, 0, 0, 0, 0, 0, 0, 0.24578276592763826, 0.8355371766628958, 0.25923238240341845, 0.8272233739100312, 1, 1, 0], [0, 0, 0, 0, 0, 1, 0, 0, 0, 0, 0, 0, 0, 0, 0.258382819888095, 0.9048188662701011, 0.27183243636387516, 0.8965050635172366, 1, 1, 0], [0, 0, 0, 0, 0, 1, 0, 0, 0, 0, 0, 0, 0, 0, 0.3111411719926623, 0.9741005558773065, 0.3245907884684424, 0.9657867531244418, 1, 1, 0], [0, 0, 0, 0, 0, 0, 0, 0, 0, 0, 0, 0, 0, 1, 0, 0, 0, 0, 0, 0, 0]], "edges": [[0, 15], [1, 15], [2, 15], [3, 15], [4, 15], [5, 15], [6, 15], [7, 15], [8, 15], [9, 15], [10, 15], [11, 15], [12, 15], [13, 15], [14, 15]], "splition": "training", "label": 29}