{"nodeNames": ["path0", "path1", "path2", "path3", "path4", "path5", "svg0"], "nodes": [[0, 0, 0, 0, 0, 0, 0, 0, 0, 1, 0, 0, 0, 0, 0.6363636363636364, 1.0, 1.0, 0.18181818181818182, 1, 0, 0], [0, 0, 0, 0, 0, 0, 0, 0, 0, 1, 0, 0, 0, 0, 0.45454545454545453, 1.0, 0.966438876065341, 0.18181818181818182, 1, 0, 0], [0, 0, 0, 0, 0, 0, 0, 0, 0, 1, 0, 0, 0, 0, 0.36727272727272725, 1.0, 0.9063847212357955, 0.18181818181818182, 1, 0, 0], [0, 0, 0, 0, 0, 0, 0, 0, 0, 1, 0, 0, 0, 0, 0.33090909090909093, 1.0, 0.8482017933238636, 0.18181818181818182, 1, 0, 0], [0, 0, 0, 0, 0, 0, 0, 0, 0, 1, 0, 0, 0, 0, 0.10363636363636364, 1.0, 0.8118381569602273, 0.18181818181818182, 1, 0, 0], [0, 0, 0, 0, 0, 0, 0, 0, 0, 1, 0, 0, 0, 0, 0.08545454545454545, 1.0, 0.7124123313210228, 0.18181818181818182, 1, 0, 0], [0, 0, 0, 0, 0, 0, 0, 0, 0, 0, 0, 0, 0, 1, 0, 0, 0, 0, 0, 0, 0]], "edges": [[0, 6], [1, 6], [2, 6], [3, 6], [4, 6], [5, 6]], "splition": "training", "label": 32}