{"nodeNames": ["path6", "path7", "path8", "path9", "path10", "path11", "path12", "path13", "path14", "path15", "path16", "path17", "path18", "path19", "g3", "g1", "g0", "svg0"], "nodes": [[0, 0, 1, 0, 0, 0, 0, 0, 0, 0, 0, 0, 0, 0, 0.54375, 0.14144144144144144, 0.60125, 0.10720720720720721, 1, 1, 0], [0, 0, 1, 0, 0, 0, 0, 0, 0, 0, 0, 0, 0, 0, 0.49125, 0.2045045045045045, 0.54375, 0.17027027027027028, 1, 1, 0], [0, 0, 1, 0, 0, 0, 0, 0, 0, 0, 0, 0, 0, 0, 0.49125, 0.26576576576576577, 0.60375, 0.23153153153153153, 1, 1, 0], [0, 0, 1, 0, 0, 0, 0, 0, 0, 0, 0, 0, 0, 0, 0.60375, 0.32882882882882886, 0.82375, 0.2945945945945946, 1, 1, 0], [0, 0, 1, 0, 0, 0, 0, 0, 0, 0, 0, 0, 0, 0, 0.73375, 0.3900900900900901, 0.82375, 0.35585585585585583, 1, 1, 0], [0, 0, 1, 0, 0, 0, 0, 0, 0, 0, 0, 0, 0, 0, 0.73375, 0.45315315315315313, 0.78625, 0.4189189189189189, 1, 1, 0], [0, 0, 1, 0, 0, 0, 0, 0, 0, 0, 0, 0, 0, 0, 0.65625, 0.5144144144144144, 0.78625, 0.48018018018018016, 1, 1, 0], [0, 0, 1, 0, 0, 0, 0, 0, 0, 0, 0, 0, 0, 0, 0.58125, 0.5774774774774775, 0.65625, 0.5432432432432432, 1, 1, 0], [0, 0, 1, 0, 0, 0, 0, 0, 0, 0, 0, 0, 0, 0, 0.58125, 0.6387387387387388, 0.61875, 0.6045045045045045, 1, 1, 0], [0, 0, 1, 0, 0, 0, 0, 0, 0, 0, 0, 0, 0, 0, 0.51625, 0.7018018018018019, 0.61875, 0.6675675675675675, 1, 1, 0], [0, 0, 1, 0, 0, 0, 0, 0, 0, 0, 0, 0, 0, 0, 0.38625, 0.763063063063063, 0.51625, 0.7288288288288288, 1, 1, 0], [0, 0, 1, 0, 0, 0, 0, 0, 0, 0, 0, 0, 0, 0, 0.38625, 0.8261261261261261, 0.42375, 0.7918918918918919, 1, 1, 0], [0, 0, 1, 0, 0, 0, 0, 0, 0, 0, 0, 0, 0, 0, 0.29875, 0.8873873873873874, 0.42375, 0.8531531531531531, 1, 1, 0], [0, 0, 1, 0, 0, 0, 0, 0, 0, 0, 0, 0, 0, 0, 0.29875, 0.9504504504504504, 0.60125, 0.9162162162162162, 1, 1, 0], [0, 0, 0, 0, 0, 0, 0, 0, 0, 0, 0, 0, 0, 1, 0, 0, 0, 0, 0, 0, 0], [0, 0, 0, 0, 0, 0, 0, 0, 0, 0, 0, 0, 0, 1, 0, 0, 0, 0, 0, 0, 0], [0, 0, 0, 0, 0, 0, 0, 0, 0, 0, 0, 0, 0, 1, 0, 0, 0, 0, 0, 0, 0], [0, 0, 0, 0, 0, 0, 0, 0, 0, 0, 0, 0, 0, 1, 0, 0, 0, 0, 0, 0, 0]], "edges": [[0, 14], [14, 15], [15, 16], [16, 17], [1, 14], [2, 14], [3, 14], [4, 14], [5, 14], [6, 14], [7, 14], [8, 14], [9, 14], [10, 14], [11, 14], [12, 14], [13, 14]], "splition": "test", "label": 38}