{"nodeNames": ["path0", "path1", "g6", "g5", "g1", "svg0"], "nodes": [[0, 0, 0, 0, 0, 0, 1, 0, 0, 0, 0.04155679996504531, 0.992272146564392, 0.27826321583184593, -0.03510136600468411, 0, 1, 1], [0, 0, 0, 0, 0, 0, 1, 0, 0, 0, 0.04155679996504531, 0.992272146564392, 1.0, -0.03510136600468411, 1, 0, 0], [0, 0, 0, 0, 0, 0, 0, 0, 0, 1], [0, 0, 0, 0, 0, 0, 0, 0, 0, 1], [0, 0, 0, 0, 0, 0, 0, 0, 0, 1], [0, 0, 0, 0, 0, 0, 0, 0, 0, 1]], "edges": [[0, 2], [2, 3], [3, 4], [4, 5], [1, 2]]}