{"nodeNames": ["path9", "group0"], "nodes": [[0, 0, 0, 0, 0, 0, 0, 0, 0, 1, 0, 0, 0, 0, 0.1527777777777778, 0.9358038372463651, 0.8686868686868687, 0.08090019226074219, 1, 0, 0], [0, 0, 0, 0, 0, 0, 0, 0, 0, 0, 0, 0, 0, 1, 0, 0, 0, 0, 0, 0, 0]], "edges": [["group0", "path9"]], "splition": "training", "label": 0}