{"nodeNames": ["path0", "group0"], "nodes": [[0, 0, 0, 0, 0, 0, 0, 0, 0, 1, 0, 0, 0, 0, 0.24930855829535273, 1.0, 0.8725799540337346, 0.16666666666666666, 1, 0, 0], [0, 0, 0, 0, 0, 0, 0, 0, 0, 0, 0, 0, 0, 1, 0, 0, 0, 0, 0, 0, 0]], "edges": [["group0", "path0"]], "splition": "test", "label": 0}