{"nodeNames": ["path24", "path25", "path26", "path27", "path28", "path29", "path30", "ellipse0", "ellipse1", "group0"], "nodes": [[1, 0, 0, 0, 0, 0, 0, 0, 0, 0, 0, 0, 0, 0, 0.5263157894736842, 0.3333333333333333, 0.5263157894736842, 0.09090909090909091, 1, 1, 1], [1, 0, 0, 0, 0, 0, 0, 0, 0, 0, 0, 0, 0, 0, 0.3157894736842105, 0.696969696969697, 0.3157894736842105, 0.3333333333333333, 1, 1, 1], [1, 0, 0, 0, 0, 0, 0, 0, 0, 0, 0, 0, 0, 0, 0.7368421052631579, 0.696969696969697, 0.7368421052631579, 0.3333333333333333, 1, 1, 1], [1, 0, 0, 0, 0, 0, 0, 0, 0, 0, 0, 0, 0, 0, 0.5263157894736842, 0.8787878787878788, 0.5263157894736842, 0.696969696969697, 1, 1, 1], [1, 0, 0, 0, 0, 0, 0, 0, 0, 0, 0, 0, 0, 0, 0.3157894736842105, 0.3333333333333333, 0.7368421052631579, 0.3333333333333333, 1, 1, 1], [1, 0, 0, 0, 0, 0, 0, 0, 0, 0, 0, 0, 0, 0, 0.3157894736842105, 0.5151515151515151, 0.7368421052631579, 0.5151515151515151, 1, 1, 1], [1, 0, 0, 0, 0, 0, 0, 0, 0, 0, 0, 0, 0, 0, 0.3157894736842105, 0.696969696969697, 0.7368421052631579, 0.696969696969697, 1, 1, 1], [0, 0, 0, 0, 0, 1, 0, 0, 0, 0, 0, 0, 0, 0, 0.4842105263157895, 0.10606060606060606, 0.5684210526315789, 0.07575757575757576, 1, 1, 1], [0, 0, 0, 0, 0, 1, 0, 0, 0, 0, 0, 0, 0, 0, 0.4842105263157895, 0.8939393939393939, 0.5684210526315789, 0.8636363636363636, 1, 1, 1], [0, 0, 0, 0, 0, 0, 0, 0, 0, 0, 0, 0, 0, 1, 0, 0, 0, 0, 0, 0, 0]], "edges": [["group0", "ellipse0"], ["group0", "ellipse1"], ["group0", "path24"], ["group0", "path25"], ["group0", "path26"], ["group0", "path27"], ["group0", "path28"], ["group0", "path29"], ["group0", "path30"]], "splition": "training", "label": 3}