{"nodeNames": ["path11", "group0"], "nodes": [[0, 0, 0, 0, 0, 0, 0, 0, 0, 1, 0, 0, 0, 0, 0.12941513336952842, 0.9183335784877548, 0.7581227436823105, 0.13313253711601075, 1, 0, 0], [0, 0, 0, 0, 0, 0, 0, 0, 0, 0, 0, 0, 0, 1, 0, 0, 0, 0, 0, 0, 0]], "edges": [["group0", "path11"]], "splition": "training", "label": 12}