{"nodeNames": ["polyline0", "group0"], "nodes": [[0, 1, 0, 0, 0, 0, 0, 0, 0, 0, 0, 0, 0, 0, 0.16862745098039217, 0.913151364764268, 0.8274509803921568, 0.19851116625310175, 0, 0, 0], [0, 0, 0, 0, 0, 0, 0, 0, 0, 0, 0, 0, 0, 1, 0, 0, 0, 0, 0, 0, 0]], "edges": [["group0", "polyline0"]], "splition": "training", "label": 21}