{"nodeNames": ["path1", "group0"], "nodes": [[0, 1, 0, 0, 0, 0, 0, 0, 0, 0, 0, 0, 0, 0, 0.04093328080095718, 1.0, 0.9619320988224936, 0.05319148936170213, 0, 1, 1], [0, 0, 0, 0, 0, 0, 0, 0, 0, 0, 0, 0, 0, 1, 0, 0, 0, 0, 0, 0, 0]], "edges": [["group0", "path1"]], "splition": "training", "label": 21}