{"nodeNames": ["path0", "circle0", "circle1", "circle2", "circle3", "circle4", "circle5", "circle6", "circle7", "circle8", "group[0, 1]", "group0", "group1"], "nodes": [[0, 1, 0, 0, 0, 0, 0, 0, 0, 0, 0, 0, 0, 0, 0.24784431193859188, 0.94835205078125, 0.8588644323694702, 0.12198486328125, 0, 1, 1], [0, 0, 0, 0, 0, 1, 0, 0, 0, 0, 0, 0, 0, 0, 0.8477947707436019, 0.12823486328125, 0.8699340939953386, 0.11573486328125, 1, 1, 1], [0, 0, 0, 0, 0, 1, 0, 0, 0, 0, 0, 0, 0, 0, 0.7777820662056504, 0.23153076171875, 0.7999213894573871, 0.21903076171875, 1, 1, 1], [0, 0, 0, 0, 0, 1, 0, 0, 0, 0, 0, 0, 0, 0, 0.8159708448462842, 0.33482666015625, 0.838110168098021, 0.32232666015625, 1, 1, 1], [0, 0, 0, 0, 0, 1, 0, 0, 0, 0, 0, 0, 0, 0, 0.7141341299561992, 0.43812255859375, 0.7362734532079359, 0.42562255859375, 1, 1, 1], [0, 0, 0, 0, 0, 1, 0, 0, 0, 0, 0, 0, 0, 0, 0.7268637509880158, 0.54141845703125, 0.7490030742397525, 0.52891845703125, 1, 1, 1], [0, 0, 0, 0, 0, 1, 0, 0, 0, 0, 0, 0, 0, 0, 0.6441214254182477, 0.64471435546875, 0.6662607486699844, 0.63221435546875, 1, 1, 1], [0, 0, 0, 0, 0, 1, 0, 0, 0, 0, 0, 0, 0, 0, 0.5995678784891135, 0.74801025390625, 0.6217072017408503, 0.73551025390625, 1, 1, 1], [0, 0, 0, 0, 0, 1, 0, 0, 0, 0, 0, 0, 0, 0, 0.4595424271858025, 0.85130615234375, 0.4816817504375393, 0.83880615234375, 1, 1, 1], [0, 0, 0, 0, 0, 1, 0, 0, 0, 0, 0, 0, 0, 0, 0.23677465031272352, 0.95460205078125, 0.2589139735644603, 0.94210205078125, 1, 1, 1], [0, 0, 0, 0, 0, 0, 0, 0, 0, 0, 0, 0, 0, 1, 0, 0, 0, 0, 0, 0, 0], [0, 0, 0, 0, 0, 0, 0, 0, 0, 0, 0, 0, 0, 1, 0, 0, 0, 0, 0, 0, 0], [0, 0, 0, 0, 0, 0, 0, 0, 0, 0, 0, 0, 0, 1, 0, 0, 0, 0, 0, 0, 0]], "edges": [["group[0, 1]", "group0"], ["group[0, 1]", "group1"], ["group0", "path0"], ["group1", "circle0"], ["group1", "circle1"], ["group1", "circle2"], ["group1", "circle3"], ["group1", "circle4"], ["group1", "circle5"], ["group1", "circle6"], ["group1", "circle7"], ["group1", "circle8"]], "splition": "training", "label": 21}