{"nodeNames": ["path4", "path6", "path8", "path10", "path12", "path14", "path16", "path18", "group0"], "nodes": [[0, 1, 0, 0, 0, 0, 0, 0, 0, 0, 0, 0, 0, 0, 0.07022401188196761, 0.6675405444660671, 0.8946628999174311, 0.4551244733411427, 0, 1, 1], [0, 1, 0, 0, 0, 0, 0, 0, 0, 0, 0, 0, 0, 0, 0.07022401188196761, 0.7147436730086155, 0.8946628999174311, 0.5731329589253326, 0, 1, 1], [0, 1, 0, 0, 0, 0, 0, 0, 0, 0, 0, 0, 0, 0, 0.07022405474373464, 0.6675405444660671, 0.8946629427791981, 0.5613325089036049, 0, 1, 1], [0, 1, 0, 0, 0, 0, 0, 0, 0, 0, 0, 0, 0, 0, 0.0702247191011236, 0.7914487015379383, 0.8946629213483146, 0.5259298303827842, 0, 1, 1], [0, 1, 0, 0, 0, 0, 0, 0, 0, 0, 0, 0, 0, 0, 0.0702248691173082, 0.6557388397917926, 0.8946628999174311, 0.2781136638452237, 0, 1, 1], [0, 1, 0, 0, 0, 0, 0, 0, 0, 0, 0, 0, 0, 0, 0.0702247191011236, 0.6380386444792926, 0.8946629213483146, 0.4728271041556454, 0, 1, 1], [0, 1, 0, 0, 0, 0, 0, 0, 0, 0, 0, 0, 0, 0, 0.07022409760550166, 0.9153567110036276, 0.8946628999174311, 0.5731329589253326, 0, 1, 1], [0, 1, 0, 0, 0, 0, 0, 0, 0, 0, 0, 0, 0, 0, 0.07022474053200711, 0.7796481777131197, 0.8946629427791981, 0.6734400683475665, 0, 1, 1], [0, 0, 0, 0, 0, 0, 0, 0, 0, 0, 0, 0, 0, 1, 0, 0, 0, 0, 0, 0, 0]], "edges": [["group0", "path4"], ["group0", "path6"], ["group0", "path8"], ["group0", "path10"], ["group0", "path12"], ["group0", "path14"], ["group0", "path16"], ["group0", "path18"]], "splition": "test", "label": 21}