{"nodeNames": ["path0", "path1", "path2", "path3", "path4", "group0"], "nodes": [[0, 0, 0, 0, 0, 0, 0, 1, 0, 0, 0, 0, 0, 0, 0.0332546163748991, 0.9558199714211857, 0.45571955719557194, 0.5349264705882353, 1, 1, 1], [0, 0, 0, 0, 0, 0, 0, 1, 0, 0, 0, 0, 0, 0, 0.4480885861104705, 0.9705442540785846, 0.8929432098276061, 0.38593752243939566, 1, 1, 1], [0, 0, 0, 0, 0, 0, 0, 1, 0, 0, 0, 0, 0, 0, 0.45571955719557194, 0.5349264705882353, 0.8491771740227168, 0.2231287114760455, 1, 1, 1], [0, 0, 0, 0, 0, 0, 0, 1, 0, 0, 0, 0, 0, 0, 0.15566785749034248, 0.5349264705882353, 0.7395165925536209, 0.1140137840719784, 1, 1, 1], [0, 0, 0, 0, 0, 0, 0, 1, 0, 0, 0, 0, 0, 0, 0.0332546163748991, 0.5349264705882353, 0.45571955719557194, 0.23862131904153264, 1, 1, 1], [0, 0, 0, 0, 0, 0, 0, 0, 0, 0, 0, 0, 0, 1, 0, 0, 0, 0, 0, 0, 0]], "edges": [["group0", "path0"], ["group0", "path1"], ["group0", "path2"], ["group0", "path3"], ["group0", "path4"]], "splition": "training", "label": 25}