{"nodeNames": ["rect4", "rect6", "rect7", "rect8", "rect9", "rect10", "rect11", "rect12", "rect13", "rect14", "group[0, 1, 2, 3, 4]", "group0", "group1", "group2", "group3", "group4"], "nodes": [[0, 0, 1, 0, 0, 0, 0, 0, 0, 0, 0, 0, 0, 0, 0.5150000381469727, 0.9833332824707032, 0.8400000381469727, 0.6699999491373698, 1, 1, 1], [0, 0, 1, 0, 0, 0, 0, 0, 0, 0, 0, 0, 0, 0, 0.8400000381469727, 0.9833332824707032, 0.9625000381469726, 0.6699999491373698, 1, 1, 1], [0, 0, 1, 0, 0, 0, 0, 0, 0, 0, 0, 0, 0, 0, 0.6900000381469726, 0.355, 0.9625000381469726, 0.016666666666666666, 1, 1, 1], [0, 0, 1, 0, 0, 0, 0, 0, 0, 0, 0, 0, 0, 0, 0.4475, 0.9833333333333333, 0.515, 0.355, 1, 1, 1], [0, 0, 1, 0, 0, 0, 0, 0, 0, 0, 0, 0, 0, 0, 0.355, 0.9833333333333333, 0.4475, 0.355, 1, 1, 1], [0, 0, 1, 0, 0, 0, 0, 0, 0, 0, 0, 0, 0, 0, 0.5150000381469727, 0.67, 0.7775000381469727, 0.355, 1, 1, 1], [0, 0, 1, 0, 0, 0, 0, 0, 0, 0, 0, 0, 0, 0, 0.7775000381469727, 0.67, 0.8925000381469727, 0.355, 1, 1, 1], [0, 0, 1, 0, 0, 0, 0, 0, 0, 0, 0, 0, 0, 0, 0.8925000381469727, 0.67, 0.9625000381469726, 0.355, 1, 1, 1], [0, 0, 1, 0, 0, 0, 0, 0, 0, 0, 0, 0, 0, 0, 0.1525, 0.355, 0.69, 0.016666666666666666, 1, 1, 1], [0, 0, 1, 0, 0, 0, 0, 0, 0, 0, 0, 0, 0, 0, 0.1525, 0.9833333333333333, 0.355, 0.355, 1, 1, 1], [0, 0, 0, 0, 0, 0, 0, 0, 0, 0, 0, 0, 0, 1, 0, 0, 0, 0, 0, 0, 0], [0, 0, 0, 0, 0, 0, 0, 0, 0, 0, 0, 0, 0, 1, 0, 0, 0, 0, 0, 0, 0], [0, 0, 0, 0, 0, 0, 0, 0, 0, 0, 0, 0, 0, 1, 0, 0, 0, 0, 0, 0, 0], [0, 0, 0, 0, 0, 0, 0, 0, 0, 0, 0, 0, 0, 1, 0, 0, 0, 0, 0, 0, 0], [0, 0, 0, 0, 0, 0, 0, 0, 0, 0, 0, 0, 0, 1, 0, 0, 0, 0, 0, 0, 0], [0, 0, 0, 0, 0, 0, 0, 0, 0, 0, 0, 0, 0, 1, 0, 0, 0, 0, 0, 0, 0]], "edges": [["group[0, 1, 2, 3, 4]", "group0"], ["group[0, 1, 2, 3, 4]", "group1"], ["group[0, 1, 2, 3, 4]", "group2"], ["group[0, 1, 2, 3, 4]", "group3"], ["group[0, 1, 2, 3, 4]", "group4"], ["group0", "rect7"], ["group0", "rect13"], ["group1", "rect14"], ["group1", "rect9"], ["group1", "rect8"], ["group2", "rect12"], ["group2", "rect11"], ["group2", "rect10"], ["group3", "rect4"], ["group4", "rect6"]], "splition": "training", "label": 35}