{"nodeNames": ["path2", "group0"], "nodes": [[0, 0, 0, 0, 0, 0, 0, 0, 0, 1, 0, 0, 0, 0, 0.18193224592220827, 0.9873128175120356, 0.9284818067754078, 0.11234938957895577, 1, 0, 0], [0, 0, 0, 0, 0, 0, 0, 0, 0, 0, 0, 0, 0, 1, 0, 0, 0, 0, 0, 0, 0]], "edges": [[1, 0]], "splition": "test", "label": 0}