{"nodeNames": ["path2", "rect2", "rect3", "rect4", "rect5", "group0"], "nodes": [[1, 0, 0, 0, 0, 0, 0, 0, 0, 0, 0, 0, 0, 0, 0.1444000244140625, 0.8975850423177083, 0.2775999450683594, 0.8975850423177083, 0, 1, 1], [0, 0, 1, 0, 0, 0, 0, 0, 0, 0, 0, 0, 0, 0, 0.1, 0.635853271484375, 0.3219999694824219, 0.34504165649414065, 1, 0, 0], [0, 0, 1, 0, 0, 0, 0, 0, 0, 0, 0, 0, 0, 0, 0.1, 0.781261698404948, 0.3219999694824219, 0.6358550008138021, 1, 0, 0], [0, 0, 1, 0, 0, 0, 0, 0, 0, 0, 0, 0, 0, 0, 0.1, 0.9266666666666666, 0.3219999694824219, 0.7812599690755209, 1, 0, 0], [0, 0, 1, 0, 0, 0, 0, 0, 0, 0, 0, 0, 0, 0, 0.17, 0.8683333333333333, 0.26, 0.345, 1, 0, 0], [0, 0, 0, 0, 0, 0, 0, 0, 0, 0, 0, 0, 0, 1, 0, 0, 0, 0, 0, 0, 0]], "edges": [[5, 0], [5, 1], [5, 2], [5, 3], [5, 4]], "splition": "test", "label": 5}