{"nodeNames": ["path89", "path91", "path93", "path95", "path97", "path99", "path101", "path103", "path105", "path107", "path109", "path111", "group0"], "nodes": [[0, 0, 0, 0, 0, 0, 0, 0, 0, 1, 0, 0, 0, 0, 0.3614226435271787, 0.8690253363715278, 0.8668453592649648, 0.1059774292839898, 1, 0, 0], [0, 0, 0, 0, 0, 0, 0, 0, 0, 1, 0, 0, 0, 0, 0.4364985506299516, 0.8690251244439019, 0.8668451013699384, 0.1059774292839898, 1, 0, 0], [0, 0, 0, 0, 0, 0, 0, 0, 0, 1, 0, 0, 0, 0, 0.4671550482091769, 0.869025018480089, 0.8668451013699384, 0.1059774292839898, 1, 0, 0], [0, 0, 0, 0, 0, 0, 0, 0, 0, 1, 0, 0, 0, 0, 0.38618056606239, 0.869025018480089, 0.8668454452299736, 0.1059774292839898, 1, 0, 0], [0, 0, 0, 0, 0, 0, 0, 0, 0, 1, 0, 0, 0, 0, 0.4243634291098151, 0.869024912516276, 0.8668454452299736, 0.1059774292839898, 1, 0, 0], [0, 0, 0, 0, 0, 0, 0, 0, 0, 1, 0, 0, 0, 0, 0.21398590517715668, 0.8690254423353407, 0.8668451013699384, 0.1059774292839898, 1, 0, 0], [0, 0, 0, 0, 0, 0, 0, 0, 0, 1, 0, 0, 0, 0, 0.12574993724554356, 0.8690252304077148, 0.8668456816337478, 0.1059774292839898, 1, 0, 0], [0, 0, 0, 0, 0, 0, 0, 0, 0, 1, 0, 0, 0, 0, 0.2158564178036972, 0.8690253363715278, 0.8668451873349472, 0.1059774292839898, 1, 0, 0], [0, 0, 0, 0, 0, 0, 0, 0, 0, 1, 0, 0, 0, 0, 0.3226002867792694, 0.869024912516276, 0.866845273299956, 0.1059774292839898, 1, 0, 0], [0, 0, 0, 0, 0, 0, 0, 0, 0, 1, 0, 0, 0, 0, 0.3890959833709287, 0.8690232170952691, 0.8668451873349472, 0.1059774292839898, 1, 0, 0], [0, 0, 0, 0, 0, 0, 0, 0, 0, 1, 0, 0, 0, 0, 0.49398034324108714, 0.8690251244439019, 0.866845273299956, 0.1059774292839898, 1, 0, 0], [0, 0, 0, 0, 0, 0, 0, 0, 0, 1, 0, 0, 0, 0, 0.5085042174433319, 0.8690253363715278, 0.866844413649868, 0.1059774292839898, 1, 0, 0], [0, 0, 0, 0, 0, 0, 0, 0, 0, 0, 0, 0, 0, 1, 0, 0, 0, 0, 0, 0, 0]], "edges": [[12, 0], [12, 1], [12, 2], [12, 3], [12, 4], [12, 5], [12, 6], [12, 7], [12, 8], [12, 9], [12, 10], [12, 11]], "splition": "test", "label": 12}