{"nodeNames": ["path2", "path5", "path8", "path11", "path14", "path17", "path20", "path23", "path26", "path29", "path32", "path35", "group0"], "nodes": [[0, 0, 0, 0, 0, 0, 0, 0, 0, 1, 0, 0, 0, 0, 0.22683054606119793, 0.7757936507936508, 0.29930555555555555, 0.08878968253968254, 1, 0, 0], [0, 0, 0, 0, 0, 0, 0, 0, 0, 1, 0, 0, 0, 0, 0.2768305460611979, 0.7767857142857143, 0.34930555555555554, 0.08978174603174603, 1, 0, 0], [0, 0, 0, 0, 0, 0, 0, 0, 0, 1, 0, 0, 0, 0, 0.32683054606119794, 0.7757936507936508, 0.3993055555555556, 0.08878968253968254, 1, 0, 0], [0, 0, 0, 0, 0, 0, 0, 0, 0, 1, 0, 0, 0, 0, 0.341981930202908, 0.7757936507936508, 0.45069444444444445, 0.08878968253968254, 1, 0, 0], [0, 0, 0, 0, 0, 0, 0, 0, 0, 1, 0, 0, 0, 0, 0.4449500189887153, 0.7767855931842138, 0.49930555555555556, 0.08978174603174603, 1, 0, 0], [0, 0, 0, 0, 0, 0, 0, 0, 0, 1, 0, 0, 0, 0, 0.35, 0.7757936507936508, 0.5493055555555556, 0.08878968253968254, 1, 0, 0], [0, 0, 0, 0, 0, 0, 0, 0, 0, 1, 0, 0, 0, 0, 0.4543554941813151, 0.7757934085906498, 0.5993055555555555, 0.08878968253968254, 1, 0, 0], [0, 0, 0, 0, 0, 0, 0, 0, 0, 1, 0, 0, 0, 0, 0.5405930413140191, 0.7757934085906498, 0.6493055555555556, 0.08878968253968254, 1, 0, 0], [0, 0, 0, 0, 0, 0, 0, 0, 0, 1, 0, 0, 0, 0, 0.5905930413140191, 0.7757934085906498, 0.6993055555555555, 0.08878968253968254, 1, 0, 0], [0, 0, 0, 0, 0, 0, 0, 0, 0, 1, 0, 0, 0, 0, 0.6587125142415364, 0.7757936507936508, 0.7493055555555556, 0.08878968253968254, 1, 0, 0], [0, 0, 0, 0, 0, 0, 0, 0, 0, 1, 0, 0, 0, 0, 0.6905930413140191, 0.7757936507936508, 0.7993055555555556, 0.08878968253968254, 1, 0, 0], [0, 0, 0, 0, 0, 0, 0, 0, 0, 1, 0, 0, 0, 0, 0.723231930202908, 0.7757936507936508, 0.8513888888888889, 0.08878968253968254, 1, 0, 0], [0, 0, 0, 0, 0, 0, 0, 0, 0, 0, 0, 0, 0, 1, 0, 0, 0, 0, 0, 0, 0]], "edges": [[12, 0], [12, 1], [12, 2], [12, 3], [12, 4], [12, 5], [12, 6], [12, 7], [12, 8], [12, 9], [12, 10], [12, 11]], "splition": "test", "label": 12}