{"nodeNames": ["path24", "path25", "path26", "path27", "path28", "path29", "path30", "group0"], "nodes": [[0, 0, 1, 0, 0, 0, 0, 0, 0, 0, 0, 0, 0, 0, 0.9104234527687296, 0.22171552999278318, 0.9104234527687296, 0.08797653958944282, 0, 1, 1], [0, 0, 1, 0, 0, 0, 0, 0, 0, 0, 0, 0, 0, 0, 0.7752442996742671, 0.2885923861058926, 0.7752442996742671, 0.22171552999278318, 0, 1, 1], [0, 0, 1, 0, 0, 0, 0, 0, 0, 0, 0, 0, 0, 0, 0.6400651465798045, 0.3554545203961235, 0.6400651465798045, 0.08797653958944282, 0, 1, 1], [0, 0, 1, 0, 0, 0, 0, 0, 0, 0, 0, 0, 0, 0, 0.504885993485342, 0.5159530863384347, 0.504885993485342, 0.3554545203961235, 0, 1, 1], [0, 0, 1, 0, 0, 0, 0, 0, 0, 0, 0, 0, 0, 0, 0.3697068403908795, 0.5962023245624084, 0.3697068403908795, 0.5159530863384347, 0, 1, 1], [0, 0, 1, 0, 0, 0, 0, 0, 0, 0, 0, 0, 0, 0, 0.23452768729641693, 0.7566862134290231, 0.23452768729641693, 0.3554545203961235, 0, 1, 1], [0, 0, 1, 0, 0, 0, 0, 0, 0, 0, 0, 0, 0, 0, 0.0993485342019544, 0.9706744868035191, 0.0993485342019544, 0.7566862134290231, 0, 1, 1], [0, 0, 0, 0, 0, 0, 0, 0, 0, 0, 0, 0, 0, 1, 0, 0, 0, 0, 0, 0, 0]], "edges": [[7, 0], [7, 1], [7, 2], [7, 3], [7, 4], [7, 5], [7, 6]], "splition": "training", "label": 16}