{"nodeNames": ["path25", "path26", "path27", "path28", "path29", "path30", "path31", "path32", "path33", "path34", "group[0, 1]", "group0", "group1"], "nodes": [[0, 1, 0, 0, 0, 0, 0, 0, 0, 0, 0, 0, 0, 0, 0.3002560819462228, 0.9195617081282975, 0.6520614721710948, 0.17784088927429992, 0, 1, 1], [0, 0, 0, 0, 0, 1, 0, 0, 0, 0, 0, 0, 0, 0, 0.644379013784411, 0.18271101914442978, 0.6597439305577785, 0.17297075940417006, 1, 0, 0], [0, 0, 0, 0, 0, 1, 0, 0, 0, 0, 0, 0, 0, 0, 0.39308578745198464, 0.42995125906808035, 0.4084507042253521, 0.42021099932782063, 1, 0, 0], [0, 0, 0, 0, 0, 1, 0, 0, 0, 0, 0, 0, 0, 0, 0.49359795134443024, 0.6771915980747768, 0.5089628681177977, 0.6674513383345171, 1, 0, 0], [0, 0, 0, 0, 0, 1, 0, 0, 0, 0, 0, 0, 0, 0, 0.29257362355953903, 0.9244318379984273, 0.3079385403329065, 0.9146915782581676, 1, 0, 0], [0, 1, 0, 0, 0, 0, 0, 0, 0, 0, 0, 0, 0, 0, 0.350524980493758, 0.9195617081282975, 0.9033290653008963, 0.17784088927429992, 0, 1, 1], [0, 0, 0, 0, 0, 1, 0, 0, 0, 0, 0, 0, 0, 0, 0.3428425221070743, 0.18271101914442978, 0.35820743888044176, 0.17297075940417006, 1, 0, 0], [0, 0, 0, 0, 0, 1, 0, 0, 0, 0, 0, 0, 0, 0, 0.8956466069142125, 0.42995125906808035, 0.91101152368758, 0.42021099932782063, 1, 0, 0], [0, 0, 0, 0, 0, 1, 0, 0, 0, 0, 0, 0, 0, 0, 0.5941101152368758, 0.6771915980747768, 0.6094750320102432, 0.6674513383345171, 1, 0, 0], [0, 0, 0, 0, 0, 1, 0, 0, 0, 0, 0, 0, 0, 0, 0.6946222791293214, 0.9244318379984273, 0.7099871959026889, 0.9146915782581676, 1, 0, 0], [0, 0, 0, 0, 0, 0, 0, 0, 0, 0, 0, 0, 0, 1, 0, 0, 0, 0, 0, 0, 0], [0, 0, 0, 0, 0, 0, 0, 0, 0, 0, 0, 0, 0, 1, 0, 0, 0, 0, 0, 0, 0], [0, 0, 0, 0, 0, 0, 0, 0, 0, 0, 0, 0, 0, 1, 0, 0, 0, 0, 0, 0, 0]], "edges": [[10, 11], [10, 12], [11, 0], [11, 5], [12, 1], [12, 2], [12, 3], [12, 4], [12, 6], [12, 7], [12, 8], [12, 9]], "splition": "test", "label": 21}