{"nodeNames": ["path0", "path1", "path2", "path3", "path4", "path5", "path6", "path7", "path8", "path9", "path10", "path11", "group0"], "nodes": [[0, 0, 0, 0, 0, 0, 0, 1, 0, 0, 0, 0, 0, 0, 0.24999997615814437, 0.49390806191084646, 0.6249999403953609, 0.46288483328913427, 1, 0, 0], [0, 0, 0, 0, 0, 0, 0, 1, 0, 0, 0, 0, 0, 0, 0.2553013558100361, 0.5837717768328552, 0.6249999403953609, 0.46288483328913427, 1, 0, 0], [0, 0, 0, 0, 0, 0, 0, 1, 0, 0, 0, 0, 0, 0, 0.34095837202469137, 0.5996255258685118, 0.6249999403953609, 0.46288483328913427, 1, 0, 0], [0, 0, 0, 0, 0, 0, 0, 1, 0, 0, 0, 0, 0, 0, 0.3721649768672011, 0.6343507407362762, 0.6249999403953609, 0.46288483328913427, 1, 0, 0], [0, 0, 0, 0, 0, 0, 0, 1, 0, 0, 0, 0, 0, 0, 0.48349509396599827, 0.648038766604788, 1.0, 0.31674800802815883, 1, 0, 0], [0, 0, 0, 0, 0, 0, 0, 1, 0, 0, 0, 0, 0, 0, 0.6249999403953609, 0.46288483328913427, 0.8552662033780858, 0.28707471890896596, 1, 0, 0], [0, 0, 0, 0, 0, 0, 0, 1, 0, 0, 0, 0, 0, 0, 0.6249999403953609, 0.46288483328913427, 0.7426230676056798, 0.2777392814737578, 1, 0, 0], [0, 0, 0, 0, 0, 0, 0, 1, 0, 0, 0, 0, 0, 0, 0.5919502647447333, 0.46288483328913427, 0.6285637256084704, 0.27773089997348055, 1, 0, 0], [0, 0, 0, 0, 0, 0, 0, 1, 0, 0, 0, 0, 0, 0, 0.5757582115403928, 0.46288483328913427, 0.6249999403953609, 0.2784513793877625, 1, 0, 0], [0, 0, 0, 0, 0, 0, 0, 1, 0, 0, 0, 0, 0, 0, 0.48917136295591707, 0.46288483328913427, 0.6249999403953609, 0.2793341208804455, 1, 0, 0], [0, 0, 0, 0, 0, 0, 0, 1, 0, 0, 0, 0, 0, 0, 0.2790833207050971, 0.46288483328913427, 0.6249999403953609, 0.2903034329118349, 1, 0, 0], [0, 0, 0, 0, 0, 0, 0, 1, 0, 0, 0, 0, 0, 0, 0.24999997615814437, 0.46288483328913427, 0.6249999403953609, 0.39139129514332555, 1, 0, 0], [0, 0, 0, 0, 0, 0, 0, 0, 0, 0, 0, 0, 0, 1, 0, 0, 0, 0, 0, 0, 0]], "edges": [[12, 0], [12, 1], [12, 2], [12, 3], [12, 4], [12, 5], [12, 6], [12, 7], [12, 8], [12, 9], [12, 10], [12, 11]], "splition": "test", "label": 25}