{"nodeNames": ["path11", "path12", "path13", "path14", "path15", "path16", "path17", "group0"], "nodes": [[0, 0, 0, 0, 0, 0, 0, 1, 0, 0, 0, 0, 0, 0, 0.32813473350123357, 0.7175299719182028, 0.5736842105263158, 0.5898617511520737, 1, 1, 1], [0, 0, 0, 0, 0, 0, 0, 1, 0, 0, 0, 0, 0, 0, 0.531991545024671, 0.6844368789602534, 0.5736842105263158, 0.5898617511520737, 1, 1, 1], [0, 0, 0, 0, 0, 0, 0, 1, 0, 0, 0, 0, 0, 0, 0.5736842105263158, 0.5898617511520737, 0.6778337016858552, 0.4457714168706797, 1, 1, 1], [0, 0, 0, 0, 0, 0, 0, 1, 0, 0, 0, 0, 0, 0, 0.251808439555921, 0.5898617511520737, 0.5736842105263158, 0.4467741935483871, 1, 1, 1], [0, 0, 0, 0, 0, 0, 0, 1, 0, 0, 0, 0, 0, 0, 0.5736842105263158, 0.8090838313652073, 0.8414168508429276, 0.5898617511520737, 1, 1, 1], [0, 0, 0, 0, 0, 0, 0, 1, 0, 0, 0, 0, 0, 0, 0.49849056846217105, 0.5898617511520737, 0.6488779168379935, 0.33548342093894007, 1, 1, 1], [0, 0, 0, 0, 0, 0, 0, 1, 0, 0, 0, 0, 0, 0, 0.5736842105263158, 0.6147649949596774, 0.7915801038240131, 0.5649585073444701, 1, 1, 1], [0, 0, 0, 0, 0, 0, 0, 0, 0, 0, 0, 0, 0, 1, 0, 0, 0, 0, 0, 0, 0]], "edges": [[7, 0], [7, 1], [7, 2], [7, 3], [7, 4], [7, 5], [7, 6]], "splition": "test", "label": 26}