{"nodeNames": ["path64", "path65", "path66", "path67", "path68", "path69", "path70", "path71", "path72", "path73", "path74", "path75", "path76", "path77", "group0"], "nodes": [[0, 0, 0, 1, 0, 0, 0, 0, 0, 0, 0, 0, 0, 0, 0.23321946844997177, 0.735124212215381, 0.7051069880106363, 0.302038710356645, 1, 0, 0], [0, 0, 0, 1, 0, 0, 0, 0, 0, 0, 0, 0, 0, 0, 0.23321946844997177, 0.735124212215381, 0.7051069880106363, 0.302038710356645, 0, 1, 1], [0, 0, 0, 0, 0, 1, 0, 0, 0, 0, 0, 0, 0, 0, 0.22209231824759978, 0.5129082548574001, 0.24618870378976845, 0.49060353559189124, 1, 1, 1], [0, 0, 0, 0, 0, 1, 0, 0, 0, 0, 0, 0, 0, 0, 0.28562391043666857, 0.6379798407005112, 0.3097202959788372, 0.6156748945385107, 1, 1, 1], [0, 0, 0, 0, 0, 1, 0, 0, 0, 0, 0, 0, 0, 0, 0.3913682684840926, 0.7185850462505808, 0.4154646540262613, 0.6962802135368262, 1, 1, 1], [0, 0, 0, 0, 0, 1, 0, 0, 0, 0, 0, 0, 0, 0, 0.5196536267138868, 0.7461874582510455, 0.5437500122560555, 0.7238826255372909, 1, 1, 1], [0, 0, 0, 0, 0, 1, 0, 0, 0, 0, 0, 0, 0, 0, 0.6502162213306351, 0.7222360376974907, 0.6743126681530811, 0.6999312049837361, 1, 1, 1], [0, 0, 0, 0, 0, 1, 0, 0, 0, 0, 0, 0, 0, 0, 0.693203723095507, 0.6056579816740242, 0.7173001699179531, 0.5833531489602695, 1, 1, 1], [0, 0, 0, 0, 0, 1, 0, 0, 0, 0, 0, 0, 0, 0, 0.6638797622129141, 0.512907687616171, 0.6879761477550829, 0.49060285490241634, 1, 1, 1], [0, 0, 0, 0, 0, 1, 0, 0, 0, 0, 0, 0, 0, 0, 0.6064286442645582, 0.4665336750697026, 0.6305250910870043, 0.44422895580419375, 1, 1, 1], [0, 0, 0, 0, 0, 1, 0, 0, 0, 0, 0, 0, 0, 0, 0.6160573691249372, 0.35834681854815287, 0.6401538159473833, 0.33604198583439826, 1, 1, 1], [0, 0, 0, 0, 0, 1, 0, 0, 0, 0, 0, 0, 0, 0, 0.5196536267138868, 0.31335664770417054, 0.5437500122560555, 0.2910518149904159, 1, 1, 1], [0, 0, 0, 0, 0, 1, 0, 0, 0, 0, 0, 0, 0, 0, 0.3997181965165349, 0.32061915060844565, 0.42381458205870354, 0.298314317894691, 1, 1, 1], [0, 0, 0, 0, 0, 1, 0, 0, 0, 0, 0, 0, 0, 0, 0.2606432198520645, 0.37448698703241173, 0.2847396053942332, 0.35218209759453417, 1, 1, 1], [0, 0, 0, 0, 0, 0, 0, 0, 0, 0, 0, 0, 0, 1, 0, 0, 0, 0, 0, 0, 0]], "edges": [[14, 0], [14, 1], [14, 2], [14, 3], [14, 4], [14, 5], [14, 6], [14, 7], [14, 8], [14, 9], [14, 10], [14, 11], [14, 12], [14, 13]], "splition": "test", "label": 27}