{"nodeNames": ["path0", "path1", "path2", "path3", "path4", "circle0", "circle1", "circle2", "group[0, 1]", "group0", "group1"], "nodes": [[0, 0, 0, 0, 0, 0, 0, 0, 1, 0, 0, 0, 0, 0, 0.2667851217005893, 0.2359822103307109, 0.4627050041795811, 0.12306599140902665, 0, 1, 1], [0, 0, 0, 0, 0, 0, 0, 0, 1, 0, 0, 0, 0, 0, 0.04237988777020187, 0.23915083933163836, 0.9983589955045916, 0.01934300914208977, 0, 1, 1], [0, 0, 0, 0, 0, 0, 0, 0, 1, 0, 0, 0, 0, 0, 0.15842022224354688, 0.2380140697689996, 0.7937475010608499, 0.07065690722636203, 0, 1, 1], [0, 0, 0, 0, 0, 0, 0, 0, 1, 0, 0, 0, 0, 0, 0.3797794695873513, 0.237504691691136, 0.4119227866655568, 0.1962788297499409, 0, 1, 1], [0, 0, 0, 0, 0, 1, 0, 0, 0, 0, 0, 0, 0, 0, 0.22426741991426102, 0.25793045835431544, 0.3093023146351658, 0.21974320933123645, 1, 1, 1], [0, 0, 0, 0, 0, 1, 0, 0, 0, 0, 0, 0, 0, 0, 0.11727584772899675, 0.25793030348107804, 0.20092068667678123, 0.21974332548616451, 1, 1, 1], [0, 0, 0, 0, 0, 1, 0, 0, 0, 0, 0, 0, 0, 0, 0.33959654925576827, 0.25793030348107804, 0.4218519260908096, 0.2203776862666234, 1, 1, 1], [0, 0, 0, 0, 0, 1, 0, 0, 0, 0, 0, 0, 0, 0, 0.0005574682963096333, 0.25793030348107804, 0.08281280272703831, 0.2203776862666234, 1, 1, 1], [0, 0, 0, 0, 0, 0, 0, 0, 0, 0, 0, 0, 0, 1, 0, 0, 0, 0, 0, 0, 0], [0, 0, 0, 0, 0, 0, 0, 0, 0, 0, 0, 0, 0, 1, 0, 0, 0, 0, 0, 0, 0], [0, 0, 0, 0, 0, 0, 0, 0, 0, 0, 0, 0, 0, 1, 0, 0, 0, 0, 0, 0, 0]], "edges": [[8, 9], [8, 10], [9, 5], [9, 6], [9, 7], [9, 4], [10, 0], [10, 1], [10, 2], [10, 3]], "splition": "training", "label": 28}