{"nodeNames": ["path0", "group0"], "nodes": [[0, 0, 0, 0, 0, 0, 0, 0, 0, 1, 0, 0, 0, 0, 0.20747780569472934, 0.9832991001564946, 0.8025550810341301, 0.08071694053208138, 1, 0, 0], [0, 0, 0, 0, 0, 0, 0, 0, 0, 0, 0, 0, 0, 1, 0, 0, 0, 0, 0, 0, 0]], "edges": [[1, 0]], "splition": "training", "label": 29}