{"nodeNames": ["path8", "path9", "path10", "path11", "path12", "path13", "path14", "path15", "path16", "path17", "group[0, 1]", "group0", "group1"], "nodes": [[0, 0, 0, 0, 0, 0, 0, 0, 0, 1, 0, 0, 0, 0, 0.2532360290630969, 0.9094617041471963, 0.7504244741235807, 0.16530282564252335, 1, 0, 0], [0, 1, 0, 0, 0, 0, 0, 0, 0, 0, 0, 0, 0, 0, 0.2532360290630969, 0.9094617041471963, 0.5943022179077355, 0.16530465099299066, 0, 1, 1], [0, 0, 0, 0, 0, 0, 0, 0, 0, 1, 0, 0, 0, 0, 0.5130169646646859, 0.9094617041471963, 0.8285229202037352, 0.16530282564252335, 1, 0, 0], [0, 1, 0, 0, 0, 0, 0, 0, 0, 0, 0, 0, 0, 0, 0.5130169646646859, 0.9094617041471963, 0.7501171481224799, 0.16530465099299066, 0, 1, 1], [0, 0, 0, 0, 0, 0, 0, 0, 0, 1, 0, 0, 0, 0, 0.6717215831089506, 0.9094617041471963, 0.8828522920203735, 0.16530282564252335, 1, 0, 0], [0, 1, 0, 0, 0, 0, 0, 0, 0, 0, 0, 0, 0, 0, 0.6717215831089506, 0.9094617041471963, 0.826891343743368, 0.16530465099299066, 0, 1, 1], [0, 0, 0, 0, 0, 0, 0, 0, 0, 1, 0, 0, 0, 0, 0.8313140610077993, 0.9094617041471963, 0.9066213921901528, 0.16530282564252335, 1, 0, 0], [0, 1, 0, 0, 0, 0, 0, 0, 0, 0, 0, 0, 0, 0, 0.8313140610077993, 0.9094617041471963, 0.8821273311491935, 0.16530465099299066, 0, 1, 1], [0, 0, 0, 0, 0, 0, 0, 0, 0, 1, 0, 0, 0, 0, 0.877419230488646, 0.9094617041471963, 0.9269949066213922, 0.16530465099299066, 1, 0, 0], [0, 1, 0, 0, 0, 0, 0, 0, 0, 0, 0, 0, 0, 0, 0.877419230488646, 0.9094617041471963, 0.9063581845553905, 0.16530465099299066, 0, 1, 1], [0, 0, 0, 0, 0, 0, 0, 0, 0, 0, 0, 0, 0, 1, 0, 0, 0, 0, 0, 0, 0], [0, 0, 0, 0, 0, 0, 0, 0, 0, 0, 0, 0, 0, 1, 0, 0, 0, 0, 0, 0, 0], [0, 0, 0, 0, 0, 0, 0, 0, 0, 0, 0, 0, 0, 1, 0, 0, 0, 0, 0, 0, 0]], "edges": [[10, 11], [10, 12], [11, 0], [11, 2], [11, 4], [11, 6], [11, 8], [12, 1], [12, 3], [12, 5], [12, 7], [12, 9]], "splition": "test", "label": 32}