{"nodeNames": ["path22", "path24", "path26", "path28", "path30", "path32", "path34", "path36", "path38", "group0"], "nodes": [[0, 0, 0, 0, 0, 0, 0, 0, 0, 1, 0, 0, 0, 0, 0.28796537237014486, 0.9351604278074866, 0.9151171062201372, 0.1731283422459893, 1, 0, 0], [0, 0, 0, 0, 0, 0, 0, 0, 0, 1, 0, 0, 0, 0, 0.28924775035401895, 0.9351604278074866, 0.9053759404381165, 0.38197857045872324, 1, 0, 0], [0, 0, 0, 0, 0, 0, 0, 0, 0, 1, 0, 0, 0, 0, 0.2892971203447711, 0.9351603870085854, 0.9154623951188733, 0.17312830144708807, 1, 0, 0], [0, 0, 0, 0, 0, 0, 0, 0, 0, 1, 0, 0, 0, 0, 0.32924790388264874, 0.9351604278074866, 0.9155116898504932, 0.1731283422459893, 1, 0, 0], [0, 0, 0, 0, 0, 0, 0, 0, 0, 1, 0, 0, 0, 0, 0.3784956738040421, 0.9351603054107829, 0.9158569787492293, 0.1731282198492856, 1, 0, 0], [0, 0, 0, 0, 0, 0, 0, 0, 0, 1, 0, 0, 0, 0, 0.41822448053136557, 0.9351603870085854, 0.9178298216418773, 0.17312830144708807, 1, 0, 0], [0, 0, 0, 0, 0, 0, 0, 0, 0, 1, 0, 0, 0, 0, 0.44621448069994607, 0.9351605910030916, 0.9178545066372534, 0.1731283422459893, 1, 0, 0], [0, 0, 0, 0, 0, 0, 0, 0, 0, 1, 0, 0, 0, 0, 0.44754634156327067, 0.9351605910030916, 0.9179531713596255, 0.1731283422459893, 1, 0, 0], [0, 0, 0, 0, 0, 0, 0, 0, 0, 1, 0, 0, 0, 0, 0.7420962859317201, 0.9351604278074866, 0.9179532466187577, 0.19570833093979778, 1, 0, 0], [0, 0, 0, 0, 0, 0, 0, 0, 0, 0, 0, 0, 0, 1, 0, 0, 0, 0, 0, 0, 0]], "edges": [[9, 0], [9, 1], [9, 2], [9, 3], [9, 4], [9, 5], [9, 6], [9, 7], [9, 8]], "splition": "test", "label": 32}