{"nodeNames": ["path1", "path2", "path3", "path4", "path5", "path6", "path7", "path8", "path9", "group0"], "nodes": [[0, 0, 0, 0, 0, 0, 0, 0, 0, 1, 0, 0, 0, 0, 0.6809601828436497, 0.8948433227879581, 0.9597438694232511, 0.16007748388012719, 1, 0, 0], [0, 0, 0, 0, 0, 0, 0, 0, 0, 1, 0, 0, 0, 0, 0.6809601828436497, 0.8948433227879581, 0.9598282018400408, 0.16007748388012719, 1, 0, 0], [0, 0, 0, 0, 0, 0, 0, 0, 0, 1, 0, 0, 0, 0, 0.6802862091387372, 0.8948433227879581, 0.9597438694232511, 0.16007748388012719, 1, 0, 0], [0, 0, 0, 0, 0, 0, 0, 0, 0, 1, 0, 0, 0, 0, 0.6547162604126752, 0.8948433227879581, 0.9597438694232511, 0.16007748388012719, 1, 0, 0], [0, 0, 0, 0, 0, 0, 0, 0, 0, 1, 0, 0, 0, 0, 0.6538316270731398, 0.8948433227879581, 0.9597438694232511, 0.16007748388012719, 1, 0, 0], [0, 0, 0, 0, 0, 0, 0, 0, 0, 1, 0, 0, 0, 0, 0.3285418693737144, 0.8948433227879581, 0.959786035631646, 0.16007748388012719, 1, 0, 0], [0, 0, 0, 0, 0, 0, 0, 0, 0, 1, 0, 0, 0, 0, 0.2761803945814365, 0.8946454963993665, 0.9597438694232511, 0.15991925496231962, 1, 0, 0], [0, 0, 0, 0, 0, 0, 0, 0, 0, 1, 0, 0, 0, 0, 0.2761803945814365, 0.8946455366406987, 0.9284436015392723, 0.15987969773286773, 1, 0, 0], [0, 0, 0, 0, 0, 0, 0, 0, 0, 1, 0, 0, 0, 0, 0.2734422478497162, 0.8948433630292902, 0.8451637115896481, 0.15987969773286773, 1, 0, 0], [0, 0, 0, 0, 0, 0, 0, 0, 0, 0, 0, 0, 0, 1, 0, 0, 0, 0, 0, 0, 0]], "edges": [[9, 0], [9, 1], [9, 2], [9, 3], [9, 4], [9, 5], [9, 6], [9, 7], [9, 8]], "splition": "training", "label": 32}