{"nodeNames": ["path0", "path2", "path4", "path6", "path8", "path10", "path12", "path14", "group0"], "nodes": [[0, 0, 0, 0, 0, 0, 0, 0, 0, 1, 0, 0, 0, 0, 0.5190087168532936, 0.9983704161735799, 0.932431818264086, 0.07171941127948492, 1, 0, 0], [0, 0, 0, 0, 0, 0, 0, 0, 0, 1, 0, 0, 0, 0, 0.38282532951137277, 0.9983704161735799, 0.9308784261802422, 0.07171941127948492, 1, 0, 0], [0, 0, 0, 0, 0, 0, 0, 0, 0, 1, 0, 0, 0, 0, 0.3811731976368411, 0.9983704161735799, 0.930821515058522, 0.07171941127948492, 1, 0, 0], [0, 0, 0, 0, 0, 0, 0, 0, 0, 1, 0, 0, 0, 0, 0.37660416967477806, 0.9983704161735799, 0.8821309333866381, 0.07171941127948492, 1, 0, 0], [0, 0, 0, 0, 0, 0, 0, 0, 0, 1, 0, 0, 0, 0, 0.3742721711049968, 0.9983704161735799, 0.8296310268978452, 0.07171941127948492, 1, 0, 0], [0, 0, 0, 0, 0, 0, 0, 0, 0, 1, 0, 0, 0, 0, 0.36929868203494864, 0.9983704161735799, 0.7812025782548033, 0.07171941127948492, 1, 0, 0], [0, 0, 0, 0, 0, 0, 0, 0, 0, 1, 0, 0, 0, 0, 0.3635086289728689, 0.9983704161735799, 0.7471040182469525, 0.07171941127948492, 1, 0, 0], [0, 0, 0, 0, 0, 0, 0, 0, 0, 1, 0, 0, 0, 0, 0.16638800997291997, 0.9983704161735799, 0.5472355271799876, 0.07171941127948492, 1, 0, 0], [0, 0, 0, 0, 0, 0, 0, 0, 0, 0, 0, 0, 0, 1, 0, 0, 0, 0, 0, 0, 0]], "edges": [[8, 0], [8, 1], [8, 2], [8, 3], [8, 4], [8, 5], [8, 6], [8, 7]], "splition": "training", "label": 34}