{"nodeNames": ["rect3", "rect5", "rect7", "rect9", "rect11", "rect13", "group0"], "nodes": [[0, 0, 1, 0, 0, 0, 0, 0, 0, 0, 0, 0, 0, 0, 0.1554559043348281, 0.6670258735698429, 0.9118086696562033, 0.06885245901639345, 1, 0, 0], [0, 0, 1, 0, 0, 0, 0, 0, 0, 0, 0, 0, 0, 0, 0.1554559043348281, 0.7439339059298156, 0.40757352318642565, 0.6670258735698429, 1, 0, 0], [0, 0, 1, 0, 0, 0, 0, 0, 0, 0, 0, 0, 0, 0, 0.1554559043348281, 0.9233858702612705, 0.40757352318642565, 0.7439338392247268, 1, 0, 0], [0, 0, 1, 0, 0, 0, 0, 0, 0, 0, 0, 0, 0, 0, 0.40757352318642565, 0.8318287333504099, 0.7605380983452448, 0.6670258735698429, 1, 0, 0], [0, 0, 1, 0, 0, 0, 0, 0, 0, 0, 0, 0, 0, 0, 0.40757352318642565, 0.9233858702612705, 0.7605380983452448, 0.8318287333504099, 1, 0, 0], [0, 0, 1, 0, 0, 0, 0, 0, 0, 0, 0, 0, 0, 0, 0.7605380983452448, 0.9233858702612705, 0.9118086696562033, 0.6670258735698429, 1, 0, 0], [0, 0, 0, 0, 0, 0, 0, 0, 0, 0, 0, 0, 0, 1, 0, 0, 0, 0, 0, 0, 0]], "edges": [[6, 0], [6, 1], [6, 2], [6, 3], [6, 4], [6, 5]], "splition": "training", "label": 35}