{"nodeNames": ["rect4", "rect6", "rect7", "rect8", "rect9", "rect10", "rect11", "rect12", "rect13", "rect14", "group[0, 1, 2, 3, 4]", "group0", "group1", "group2", "group3", "group4"], "nodes": [[0, 0, 1, 0, 0, 0, 0, 0, 0, 0, 0, 0, 0, 0, 0.5150000381469727, 0.9833332824707032, 0.8400000381469727, 0.6699999491373698, 1, 1, 1], [0, 0, 1, 0, 0, 0, 0, 0, 0, 0, 0, 0, 0, 0, 0.8400000381469727, 0.9833332824707032, 0.9625000381469726, 0.6699999491373698, 1, 1, 1], [0, 0, 1, 0, 0, 0, 0, 0, 0, 0, 0, 0, 0, 0, 0.6900000381469726, 0.355, 0.9625000381469726, 0.016666666666666666, 1, 1, 1], [0, 0, 1, 0, 0, 0, 0, 0, 0, 0, 0, 0, 0, 0, 0.4475, 0.9833333333333333, 0.515, 0.355, 1, 1, 1], [0, 0, 1, 0, 0, 0, 0, 0, 0, 0, 0, 0, 0, 0, 0.355, 0.9833333333333333, 0.4475, 0.355, 1, 1, 1], [0, 0, 1, 0, 0, 0, 0, 0, 0, 0, 0, 0, 0, 0, 0.5150000381469727, 0.67, 0.7775000381469727, 0.355, 1, 1, 1], [0, 0, 1, 0, 0, 0, 0, 0, 0, 0, 0, 0, 0, 0, 0.7775000381469727, 0.67, 0.8925000381469727, 0.355, 1, 1, 1], [0, 0, 1, 0, 0, 0, 0, 0, 0, 0, 0, 0, 0, 0, 0.8925000381469727, 0.67, 0.9625000381469726, 0.355, 1, 1, 1], [0, 0, 1, 0, 0, 0, 0, 0, 0, 0, 0, 0, 0, 0, 0.1525, 0.355, 0.69, 0.016666666666666666, 1, 1, 1], [0, 0, 1, 0, 0, 0, 0, 0, 0, 0, 0, 0, 0, 0, 0.1525, 0.9833333333333333, 0.355, 0.355, 1, 1, 1], [0, 0, 0, 0, 0, 0, 0, 0, 0, 0, 0, 0, 0, 1, 0, 0, 0, 0, 0, 0, 0], [0, 0, 0, 0, 0, 0, 0, 0, 0, 0, 0, 0, 0, 1, 0, 0, 0, 0, 0, 0, 0], [0, 0, 0, 0, 0, 0, 0, 0, 0, 0, 0, 0, 0, 1, 0, 0, 0, 0, 0, 0, 0], [0, 0, 0, 0, 0, 0, 0, 0, 0, 0, 0, 0, 0, 1, 0, 0, 0, 0, 0, 0, 0], [0, 0, 0, 0, 0, 0, 0, 0, 0, 0, 0, 0, 0, 1, 0, 0, 0, 0, 0, 0, 0], [0, 0, 0, 0, 0, 0, 0, 0, 0, 0, 0, 0, 0, 1, 0, 0, 0, 0, 0, 0, 0]], "edges": [[10, 11], [10, 12], [10, 13], [10, 14], [10, 15], [11, 2], [11, 8], [12, 9], [12, 4], [12, 3], [13, 7], [13, 6], [13, 5], [14, 0], [15, 1]], "splition": "training", "label": 35}