{"nodeNames": ["path16", "path18", "path20", "group0"], "nodes": [[0, 0, 0, 0, 0, 0, 0, 0, 0, 1, 0, 0, 0, 0, 0.25169276414108976, 0.7513310108067289, 0.6177924528064735, 0.081224974141268, 1, 1, 1], [0, 0, 0, 0, 0, 0, 0, 0, 0, 1, 0, 0, 0, 0, 0.3432166886415027, 0.9746996896952159, 0.6177924528064735, 0.081224974141268, 1, 1, 1], [0, 0, 0, 0, 0, 0, 0, 0, 0, 1, 0, 0, 0, 0, 0.4347446666507459, 0.9746996896952159, 0.6177924528064735, 0.081224974141268, 1, 1, 1], [0, 0, 0, 0, 0, 0, 0, 0, 0, 0, 0, 0, 0, 1, 0, 0, 0, 0, 0, 0, 0]], "edges": [[3, 0], [3, 1], [3, 2]], "splition": "test", "label": 0}