{"nodeNames": ["path2", "group0"], "nodes": [[0, 0, 0, 0, 0, 0, 0, 0, 0, 1, 0, 0, 0, 0, 0.14361347778829633, 0.9716768486555233, 0.8616808667297781, 0.12134654910065407, 1, 0, 0], [0, 0, 0, 0, 0, 0, 0, 0, 0, 0, 0, 0, 0, 1, 0, 0, 0, 0, 0, 0, 0]], "edges": [[1, 0]], "splition": "test", "label": 0}