{
  "nodeNames": ["path5", "group0"],
  "nodes": [
    [
      0, 0, 0, 0, 0, 0, 0, 0, 0, 1, 0, 0, 0, 0, 0.12280701754385964,
      0.9886695479500058, 0.9210526315789473, 0.05419927578553907, 1, 0, 0
    ],
    [0, 0, 0, 0, 0, 0, 0, 0, 0, 0, 0, 0, 0, 1, 0, 0, 0, 0, 0, 0, 0]
  ],
  "edges": [[1, 0]],
  "splition": "test",
  "label": 0
}
