{"nodeNames": ["path14", "path15", "path16", "path17", "path18", "path19", "path20", "path21", "path22", "path23", "path24", "path25", "path27", "group0"], "nodes": [[0, 0, 1, 0, 0, 0, 0, 0, 0, 0, 0, 0, 0, 0, 0.8757737059952859, 0.7912723189550088, 0.8880778588807786, 0.752594297152039, 1, 1, 1], [0, 0, 1, 0, 0, 0, 0, 0, 0, 0, 0, 0, 0, 0, 0.8552652252271518, 0.7482964698304522, 0.8880778588807786, 0.7096184480274823, 1, 1, 1], [0, 0, 1, 0, 0, 0, 0, 0, 0, 0, 0, 0, 0, 0, 0.8470608230924954, 0.7053205341312057, 0.8880778588807786, 0.6666425123282358, 1, 1, 1], [0, 0, 1, 0, 0, 0, 0, 0, 0, 0, 0, 0, 0, 0, 0.67479317843769, 0.6623460702016843, 0.8880778588807786, 0.6236680483987146, 1, 1, 1], [0, 0, 1, 0, 0, 0, 0, 0, 0, 0, 0, 0, 0, 0, 0.6214719897639143, 0.6193702210771277, 0.8880778588807786, 0.5806921992741578, 1, 1, 1], [0, 0, 1, 0, 0, 0, 0, 0, 0, 0, 0, 0, 0, 0, 0.3958831935613405, 0.5763943719525709, 0.8880778588807786, 0.5377163501496011, 1, 1, 1], [0, 0, 1, 0, 0, 0, 0, 0, 0, 0, 0, 0, 0, 0, 0.15799024447327403, 0.5334184362533244, 0.8880778588807786, 0.4947404144503546, 1, 1, 1], [0, 0, 1, 0, 0, 0, 0, 0, 0, 0, 0, 0, 0, 0, 0.12107542831532277, 0.4904425871287677, 0.8880778774437823, 0.4517645653257979, 1, 1, 1], [0, 0, 1, 0, 0, 0, 0, 0, 0, 0, 0, 0, 0, 0, 0.18259855024425942, 0.44746812319924645, 0.8880778588807786, 0.4087901013962766, 1, 1, 1], [0, 0, 1, 0, 0, 0, 0, 0, 0, 0, 0, 0, 0, 0, 0.41639171145548204, 0.4044921875, 0.8880778588807786, 0.3658141656970301, 1, 1, 1], [0, 0, 1, 0, 0, 0, 0, 0, 0, 0, 0, 0, 0, 0, 0.6378783437167351, 0.3615163383754433, 0.8880778588807786, 0.3228383165724734, 1, 1, 1], [0, 0, 1, 0, 0, 0, 0, 0, 0, 0, 0, 0, 0, 0, 0.8347566702070027, 0.3185404026761968, 0.8880778588807786, 0.23688653174867022, 1, 1, 1], [0, 0, 1, 0, 0, 0, 0, 0, 0, 0, 0, 0, 0, 0, 0.8798734567461223, 0.1896141972102172, 0.8880778588807786, 0.15093617540724735, 1, 1, 1], [0, 0, 0, 0, 0, 0, 0, 0, 0, 0, 0, 0, 0, 1, 0, 0, 0, 0, 0, 0, 0]], "edges": [[13, 0], [13, 1], [13, 2], [13, 3], [13, 4], [13, 5], [13, 6], [13, 7], [13, 8], [13, 9], [13, 10], [13, 11], [13, 12]], "splition": "training", "label": 1}