{"nodeNames": ["rect54", "rect55", "rect56", "rect57", "rect58", "rect59", "rect60", "rect61", "rect62", "rect63", "group0"], "nodes": [[0, 0, 1, 0, 0, 0, 0, 0, 0, 0, 0, 0, 0, 0, 0.34331983805668015, 0.3714670255720054, 0.35020252799215584, 0.20880599884637568, 1, 0, 0], [0, 0, 1, 0, 0, 0, 0, 0, 0, 0, 0, 0, 0, 0, 0.30809716599190284, 0.2909055950778696, 0.31497985592737854, 0.20880599884637568, 1, 0, 0], [0, 0, 1, 0, 0, 0, 0, 0, 0, 0, 0, 0, 0, 0, 0.2732793522267207, 0.29994231878484906, 0.28016204216219637, 0.20880599884637568, 1, 0, 0], [0, 0, 1, 0, 0, 0, 0, 0, 0, 0, 0, 0, 0, 0, 0.2380566801619433, 0.2564891367044799, 0.24534403071229757, 0.20880599884637568, 1, 0, 0], [0, 0, 1, 0, 0, 0, 0, 0, 0, 0, 0, 0, 0, 0, 0.20323886639676114, 0.22841761199769275, 0.2101214080686994, 0.20880599884637568, 1, 0, 0], [0, 0, 1, 0, 0, 0, 0, 0, 0, 0, 0, 0, 0, 0, 0.16842105263157894, 0.22053451259373197, 0.17530359430351722, 0.20880599884637568, 1, 0, 0], [0, 0, 1, 0, 0, 0, 0, 0, 0, 0, 0, 0, 0, 0, 0.1331983805668016, 0.22014997115939242, 0.14008092223873989, 0.20880599884637568, 1, 0, 0], [0, 0, 1, 0, 0, 0, 0, 0, 0, 0, 0, 0, 0, 0, 0.09838056680161944, 0.21188228337999904, 0.10526325673709515, 0.20880599884637568, 1, 0, 0], [0, 0, 1, 0, 0, 0, 0, 0, 0, 0, 0, 0, 0, 0, 0.06315789473684211, 0.21053643530090368, 0.07044544297191295, 0.20880599884637568, 1, 0, 0], [0, 0, 1, 0, 0, 0, 0, 0, 0, 0, 0, 0, 0, 0, 0.02834008097165992, 0.20957503477396175, 0.03522277090713563, 0.20880599884637568, 1, 0, 0], [0, 0, 0, 0, 0, 0, 0, 0, 0, 0, 0, 0, 0, 1, 0, 0, 0, 0, 0, 0, 0]], "edges": [[10, 0], [10, 1], [10, 2], [10, 3], [10, 4], [10, 5], [10, 6], [10, 7], [10, 8], [10, 9]], "splition": "training", "label": 1}