{"nodeNames": ["path26", "path28", "path30", "path32", "path34", "path36", "path38", "path40", "path42", "path44", "path46", "path48", "path50", "path52", "path54", "group0"], "nodes": [[0, 0, 1, 0, 0, 0, 0, 0, 0, 0, 0, 0, 0, 0, 0.3324022346368715, 0.10547924400426484, 0.8554469273743017, 0.08018818687529108, 1, 0, 0], [0, 0, 1, 0, 0, 0, 0, 0, 0, 0, 0, 0, 0, 0, 0.456214734295893, 0.16870682098411832, 0.8554469273743017, 0.14341578580267153, 1, 0, 0], [0, 0, 1, 0, 0, 0, 0, 0, 0, 0, 0, 0, 0, 0, 0.47579734418645253, 0.23193444185902576, 0.8554469273743017, 0.206643384730052, 1, 0, 0], [0, 0, 1, 0, 0, 0, 0, 0, 0, 0, 0, 0, 0, 0, 0.47706071224958535, 0.29516201883887927, 0.8554469273743017, 0.2698710056049594, 1, 0, 0], [0, 0, 1, 0, 0, 0, 0, 0, 0, 0, 0, 0, 0, 0, 0.5051711950888181, 0.3583896397137867, 0.8554469273743017, 0.33309858258481295, 1, 0, 0], [0, 0, 1, 0, 0, 0, 0, 0, 0, 0, 0, 0, 0, 0, 0.5135096118436845, 0.42161726058869414, 0.8554469273743017, 0.3963262473547743, 1, 0, 0], [0, 0, 1, 0, 0, 0, 0, 0, 0, 0, 0, 0, 0, 0, 0.5206477841851431, 0.48484488146360155, 0.8554469273743017, 0.4595538243346278, 1, 0, 0], [0, 0, 1, 0, 0, 0, 0, 0, 0, 0, 0, 0, 0, 0, 0.5206477841851431, 0.548072502338509, 0.8554469273743017, 0.5227814452095353, 1, 0, 0], [0, 0, 1, 0, 0, 0, 0, 0, 0, 0, 0, 0, 0, 0, 0.5219111948705918, 0.6113000793183625, 0.8554469273743017, 0.5860089782943347, 1, 0, 0], [0, 0, 1, 0, 0, 0, 0, 0, 0, 0, 0, 0, 0, 0, 0.5345451312358153, 0.6745277440883238, 0.8554469273743017, 0.6492366430642962, 1, 0, 0], [0, 0, 1, 0, 0, 0, 0, 0, 0, 0, 0, 0, 0, 0, 0.5446522462301414, 0.7377553210681773, 0.8554469273743017, 0.7124643078342575, 1, 0, 0], [0, 0, 1, 0, 0, 0, 0, 0, 0, 0, 0, 0, 0, 0, 0.5497058037273045, 0.8009828980480308, 0.8554469273743017, 0.7756917970240031, 1, 0, 0], [0, 0, 1, 0, 0, 0, 0, 0, 0, 0, 0, 0, 0, 0, 0.5572861825953649, 0.8642104750278843, 0.8554469273743017, 0.8389194617939645, 1, 0, 0], [0, 0, 1, 0, 0, 0, 0, 0, 0, 0, 0, 0, 0, 0, 0.5636031507779766, 0.9274380520077378, 0.8554469273743017, 0.902147038773818, 1, 0, 0], [0, 0, 1, 0, 0, 0, 0, 0, 0, 0, 0, 0, 0, 0, 0.5641084809543034, 0.9906657167776992, 0.8554469273743017, 0.9653747035437794, 1, 0, 0], [0, 0, 0, 0, 0, 0, 0, 0, 0, 0, 0, 0, 0, 1, 0, 0, 0, 0, 0, 0, 0]], "edges": [[15, 0], [15, 1], [15, 2], [15, 3], [15, 4], [15, 5], [15, 6], [15, 7], [15, 8], [15, 9], [15, 10], [15, 11], [15, 12], [15, 13], [15, 14]], "splition": "test", "label": 1}