{"nodeNames": ["line10", "line11", "line12", "line13", "line14", "line15", "line16", "line17", "line18", "line19", "group0"], "nodes": [[0, 0, 1, 0, 0, 0, 0, 0, 0, 0, 0, 0, 0, 0, 0.15147310895471947, 0.5940666891356807, 0.5197785522292833, 0.5940666891356807, 0, 1, 1], [0, 0, 1, 0, 0, 0, 0, 0, 0, 0, 0, 0, 0, 0, 0.27270852350254576, 0.7575480796179214, 0.5197785522292833, 0.5940666891356807, 0, 1, 1], [0, 0, 1, 0, 0, 0, 0, 0, 0, 0, 0, 0, 0, 0, 0.4685662629815163, 0.7377266004860781, 0.5197785522292833, 0.5940666891356807, 0, 1, 1], [0, 0, 1, 0, 0, 0, 0, 0, 0, 0, 0, 0, 0, 0, 0.5197785522292833, 0.8710725337143005, 0.6185289825776048, 0.5940666891356807, 0, 1, 1], [0, 0, 1, 0, 0, 0, 0, 0, 0, 0, 0, 0, 0, 0, 0.5197785522292833, 0.7041089550758652, 0.6858480941491579, 0.5940666891356807, 0, 1, 1], [0, 0, 1, 0, 0, 0, 0, 0, 0, 0, 0, 0, 0, 0, 0.5197785522292833, 0.5940666891356807, 0.8965029066278379, 0.5940666891356807, 0, 1, 1], [0, 0, 1, 0, 0, 0, 0, 0, 0, 0, 0, 0, 0, 0, 0.5197785522292833, 0.5940666891356807, 0.7619001181286402, 0.4338584567093003, 0, 1, 1], [0, 0, 1, 0, 0, 0, 0, 0, 0, 0, 0, 0, 0, 0, 0.5197785522292833, 0.5940666891356807, 0.5620576591736048, 0.4754675734758319, 0, 1, 1], [0, 0, 1, 0, 0, 0, 0, 0, 0, 0, 0, 0, 0, 0, 0.4250322366426198, 0.5940666891356807, 0.5197785522292833, 0.3282902613352343, 0, 1, 1], [0, 0, 1, 0, 0, 0, 0, 0, 0, 0, 0, 0, 0, 0, 0.3143989613207666, 0.5940666891356807, 0.5197785522292833, 0.4581717025524129, 0, 1, 1], [0, 0, 0, 0, 0, 0, 0, 0, 0, 0, 0, 0, 0, 1, 0, 0, 0, 0, 0, 0, 0]], "edges": [[10, 0], [10, 1], [10, 2], [10, 3], [10, 4], [10, 5], [10, 6], [10, 7], [10, 8], [10, 9]], "splition": "training", "label": 2}