{"nodeNames": ["path12", "path13", "path14", "path15", "path16", "path17", "path18", "group0"], "nodes": [[0, 0, 0, 0, 0, 1, 0, 0, 0, 0, 0, 0, 0, 0, 0.4903522708291593, 0.3711140017193715, 0.6435506726001466, 0.21472407505330104, 1, 0, 0], [0, 0, 0, 0, 0, 1, 0, 0, 0, 0, 0, 0, 0, 0, 0.24845878041268074, 0.5801194494175808, 0.3877147572175983, 0.4380403001002298, 1, 0, 0], [0, 0, 0, 0, 0, 1, 0, 0, 0, 0, 0, 0, 0, 0, 0.48279178295322067, 0.8943133122970973, 0.6125568545663717, 0.7618317495136264, 1, 0, 0], [0, 0, 0, 0, 0, 1, 0, 0, 0, 0, 0, 0, 0, 0, 0.7990153966031867, 0.46254857851985165, 0.8893889845572596, 0.37034270793506835, 1, 0, 0], [0, 0, 0, 0, 0, 1, 0, 0, 0, 0, 0, 0, 0, 0, 0.789357927343207, 0.5454994467222368, 0.8608336918227253, 0.4725747003434733, 1, 0, 0], [0, 0, 0, 0, 0, 1, 0, 0, 0, 0, 0, 0, 0, 0, 0.7112454882668238, 0.7637170084052542, 0.7665950827074542, 0.7072451927946795, 1, 0, 0], [0, 0, 0, 0, 0, 1, 0, 0, 0, 0, 0, 0, 0, 0, 0.7326644569195431, 0.4113469798635486, 0.7832266266696456, 0.35975964714355424, 1, 0, 0], [0, 0, 0, 0, 0, 0, 0, 0, 0, 0, 0, 0, 0, 1, 0, 0, 0, 0, 0, 0, 0]], "edges": [[7, 0], [7, 1], [7, 2], [7, 3], [7, 4], [7, 5], [7, 6]], "splition": "test", "label": 4}