{"nodeNames": ["path2", "path3", "group0"], "nodes": [[0, 0, 0, 0, 0, 0, 0, 0, 0, 1, 0, 0, 0, 0, 0.5176943183064819, 0.8906882591093117, 0.8826479438314945, 0.05060728744939271, 1, 1, 1], [0, 0, 0, 0, 0, 0, 0, 0, 0, 1, 0, 0, 0, 0, 0.11965111337430259, 0.8906882591093117, 0.8826479285267913, 0.05060728744939271, 1, 1, 1], [0, 0, 0, 0, 0, 0, 0, 0, 0, 0, 0, 0, 0, 1, 0, 0, 0, 0, 0, 0, 0]], "edges": [[2, 0], [2, 1]], "splition": "training", "label": 12}