{"nodeNames": ["path75", "path76", "path77", "path78", "path79", "path80", "group0"], "nodes": [[0, 0, 0, 0, 0, 0, 0, 0, 0, 1, 0, 0, 0, 0, 0.36047223409016926, 0.6044187999906994, 0.8760530259874132, 0.17007736932663692, 1, 0, 0], [0, 1, 0, 0, 0, 0, 0, 0, 0, 0, 0, 0, 0, 0, 0.36047223409016926, 0.6044187999906994, 0.8066947089301215, 0.17007736932663692, 0, 1, 1], [0, 0, 0, 0, 0, 0, 0, 0, 0, 1, 0, 0, 0, 0, 0.15990524291992186, 0.6100633409288194, 0.8760526021321614, 0.13623016599624876, 1, 0, 0], [0, 1, 0, 0, 0, 0, 0, 0, 0, 0, 0, 0, 0, 0, 0.15990524291992186, 0.6100633409288194, 0.8389331393771702, 0.13623016599624876, 0, 1, 1], [0, 0, 0, 0, 0, 0, 0, 0, 0, 1, 0, 0, 0, 0, 0.42047479417588973, 0.9485133337596107, 0.8760499742296007, 0.41827186705574154, 1, 0, 0], [0, 1, 0, 0, 0, 0, 0, 0, 0, 0, 0, 0, 0, 0, 0.42047479417588973, 0.9485133337596107, 0.8490221659342448, 0.41827186705574154, 0, 1, 1], [0, 0, 0, 0, 0, 0, 0, 0, 0, 0, 0, 0, 0, 1, 0, 0, 0, 0, 0, 0, 0]], "edges": [[6, 0], [6, 1], [6, 2], [6, 3], [6, 4], [6, 5]], "splition": "training", "label": 12}