{"nodeNames": ["path4", "path5", "path6", "path7", "path8", "path9", "path10", "path11", "path12", "group[0, 1, 2]", "group0", "group1", "group2"], "nodes": [[0, 0, 1, 0, 0, 0, 0, 0, 0, 0, 0, 0, 0, 0, 0.10625, 0.44805194805194803, 0.22875, 0.33943329397874855, 1, 1, 0], [0, 0, 1, 0, 0, 0, 0, 0, 0, 0, 0, 0, 0, 0, 0.10625, 0.5566706021251476, 0.22875, 0.44805194805194803, 1, 1, 0], [0, 0, 1, 0, 0, 0, 0, 0, 0, 0, 0, 0, 0, 0, 0.10625, 0.6652892561983471, 0.22875, 0.5566706021251476, 1, 1, 0], [0, 0, 1, 0, 0, 0, 0, 0, 0, 0, 0, 0, 0, 0, 0.41125, 0.5566706021251476, 0.53375, 0.33943329397874855, 1, 1, 0], [0, 0, 1, 0, 0, 0, 0, 0, 0, 0, 0, 0, 0, 0, 0.41125, 0.33943329397874855, 0.53375, 0.23081463990554899, 1, 1, 0], [0, 0, 1, 0, 0, 0, 0, 0, 0, 0, 0, 0, 0, 0, 0.41125, 0.23081463990554899, 0.53375, 0.12219598583234947, 1, 1, 0], [0, 0, 1, 0, 0, 0, 0, 0, 0, 0, 0, 0, 0, 0, 0.71625, 0.6652892561983471, 0.83875, 0.33943329397874855, 1, 1, 0], [0, 0, 1, 0, 0, 0, 0, 0, 0, 0, 0, 0, 0, 0, 0.71625, 0.7739079102715466, 0.83875, 0.6652892561983471, 1, 1, 0], [0, 0, 1, 0, 0, 0, 0, 0, 0, 0, 0, 0, 0, 0, 0.71625, 0.8825265643447462, 0.83875, 0.7739079102715466, 1, 1, 0], [0, 0, 0, 0, 0, 0, 0, 0, 0, 0, 0, 0, 0, 1, 0, 0, 0, 0, 0, 0, 0], [0, 0, 0, 0, 0, 0, 0, 0, 0, 0, 0, 0, 0, 1, 0, 0, 0, 0, 0, 0, 0], [0, 0, 0, 0, 0, 0, 0, 0, 0, 0, 0, 0, 0, 1, 0, 0, 0, 0, 0, 0, 0], [0, 0, 0, 0, 0, 0, 0, 0, 0, 0, 0, 0, 0, 1, 0, 0, 0, 0, 0, 0, 0]], "edges": [[9, 10], [9, 11], [9, 12], [10, 0], [10, 1], [10, 2], [11, 3], [11, 4], [11, 5], [12, 6], [12, 7], [12, 8]], "splition": "training", "label": 13}