{"nodeNames": ["path0", "path1", "path2", "path3", "path4", "group0"], "nodes": [[0, 0, 0, 0, 0, 0, 0, 0, 1, 0, 0, 0, 0, 0, 0.194, 0.5488887532552084, 0.799505126953125, 0.37777777777777777, 1, 1, 1], [0, 0, 0, 0, 0, 0, 0, 0, 1, 0, 0, 0, 0, 0, 0.194, 0.37777777777777777, 0.5817162475585937, 0.20666666666666667, 1, 1, 1], [0, 0, 0, 0, 0, 0, 0, 0, 1, 0, 0, 0, 0, 0, 0.5338865356445313, 0.32938028971354166, 0.7197888793945313, 0.21249715169270833, 1, 1, 1], [0, 0, 0, 0, 0, 0, 0, 0, 1, 0, 0, 0, 0, 0, 0.5891155395507812, 0.36006306966145835, 0.799505126953125, 0.2567839898003472, 1, 1, 1], [0, 0, 0, 0, 0, 0, 0, 0, 1, 0, 0, 0, 0, 0, 0.6210020751953125, 0.42206461588541666, 0.8099999389648438, 0.3334909396701389, 1, 1, 1], [0, 0, 0, 0, 0, 0, 0, 0, 0, 0, 0, 0, 0, 1, 0, 0, 0, 0, 0, 0, 0]], "edges": [[5, 0], [5, 1], [5, 2], [5, 3], [5, 4]], "splition": "training", "label": 14}