{"nodeNames": ["path1", "path2", "path3", "path4", "group0"], "nodes": [[0, 0, 0, 0, 0, 0, 0, 0, 1, 0, 0, 0, 0, 0, 0.255, 0.5163603719075521, 0.63, 0.3727300008138021, 1, 0, 1], [0, 0, 0, 0, 0, 0, 0, 0, 1, 0, 0, 0, 0, 0, 0.255, 0.6223805745442709, 0.4396976089477539, 0.4977301025390625, 1, 0, 1], [0, 0, 0, 0, 0, 0, 0, 0, 1, 0, 0, 0, 0, 0, 0.42848812103271483, 0.6227301025390625, 0.6114316558837891, 0.5085772705078125, 1, 0, 1], [0, 0, 0, 0, 0, 0, 0, 0, 1, 0, 0, 0, 0, 0, 0.47628631591796877, 0.5519655354817709, 0.6279057312011719, 0.5014560953776042, 1, 0, 1], [0, 0, 0, 0, 0, 0, 0, 0, 0, 0, 0, 0, 0, 1, 0, 0, 0, 0, 0, 0, 0]], "edges": [[4, 0], [4, 1], [4, 2], [4, 3]], "splition": "training", "label": 14}