{"nodeNames": ["path20", "path21", "path22", "path23", "path24", "path25", "path26", "path27", "path28", "group0"], "nodes": [[0, 0, 0, 0, 0, 0, 0, 0, 0, 0, 0, 0, 1, 0, 0.8904403866809882, 0.9180942184154176, 0.9119226638023631, 0.8966809421841542, 1, 0, 0], [0, 0, 0, 0, 0, 0, 0, 0, 0, 0, 0, 0, 1, 0, 0.5316863587540279, 0.36817987674819325, 0.5531686358754028, 0.34676660051692987, 1, 0, 0], [0, 0, 0, 0, 0, 0, 0, 0, 0, 0, 0, 0, 1, 0, 0.17293233082706766, 0.3288865017941983, 0.19441460794844254, 0.30747322556293494, 1, 0, 0], [0, 0, 0, 0, 0, 0, 0, 0, 0, 0, 0, 0, 1, 0, 0.8872180451127819, 0.48922912466959984, 0.9151450053705693, 0.46139186556895745, 1, 0, 0], [0, 0, 0, 0, 0, 0, 0, 0, 0, 0, 0, 0, 1, 0, 0.5284640171858217, 0.5677945057380889, 0.556390977443609, 0.5399572466374465, 1, 0, 0], [0, 0, 0, 0, 0, 0, 0, 0, 0, 0, 0, 0, 1, 0, 0.16970998925886144, 0.44995718390323874, 0.19763694951664876, 0.42211992480259636, 1, 0, 0], [0, 0, 0, 0, 0, 0, 0, 0, 0, 0, 0, 0, 1, 0, 0.8904403866809882, 0.40745181751455434, 0.9119226638023631, 0.38603854128329096, 1, 0, 0], [0, 0, 0, 0, 0, 0, 0, 0, 0, 0, 0, 0, 1, 0, 0.5316863587540279, 0.2896145610278373, 0.5531686358754028, 0.2682012847965739, 1, 0, 0], [0, 0, 0, 0, 0, 0, 0, 0, 0, 0, 0, 0, 1, 0, 0.17293233082706766, 0.44674519246854927, 0.19441460794844254, 0.4253319162372859, 1, 0, 0], [0, 0, 0, 0, 0, 0, 0, 0, 0, 0, 0, 0, 0, 1, 0, 0, 0, 0, 0, 0, 0]], "edges": [[9, 0], [9, 1], [9, 2], [9, 3], [9, 4], [9, 5], [9, 6], [9, 7], [9, 8]], "splition": "test", "label": 15}