{"nodeNames": ["rect1", "rect2", "rect3", "rect4", "rect5", "rect6", "group0"], "nodes": [[0, 0, 1, 0, 0, 0, 0, 0, 0, 0, 0, 0, 0, 0, 0.5205696202531646, 0.40502793296089384, 0.5965189873417721, 0.17597765363128492, 0, 0, 0], [0, 0, 1, 0, 0, 0, 0, 0, 0, 0, 0, 0, 0, 0, 0.5205696202531646, 0.866852886405959, 0.5965189873417721, 0.5595903165735568, 1, 1, 0], [0, 0, 1, 0, 0, 0, 0, 0, 0, 0, 0, 0, 0, 0, 0.6787974683544303, 0.6359404096834265, 0.754746835443038, 0.40502793296089384, 0, 0, 0], [0, 0, 1, 0, 0, 0, 0, 0, 0, 0, 0, 0, 0, 0, 0.6787974683544303, 0.7886405959031657, 0.754746835443038, 0.7122905027932961, 1, 1, 0], [0, 0, 1, 0, 0, 0, 0, 0, 0, 0, 0, 0, 0, 0, 0.8370253164556962, 0.866852886405959, 0.9129746835443038, 0.7122905027932961, 1, 1, 0], [0, 0, 1, 0, 0, 0, 0, 0, 0, 0, 0, 0, 0, 0, 0.8370253164556962, 0.9823091247672253, 0.9129746835443038, 0.904096834264432, 1, 1, 0], [0, 0, 0, 0, 0, 0, 0, 0, 0, 0, 0, 0, 0, 1, 0, 0, 0, 0, 0, 0, 0]], "edges": [[6, 0], [6, 1], [6, 2], [6, 3], [6, 4], [6, 5]], "splition": "training", "label": 16}