{"nodeNames": ["path2", "path4", "path92", "path100", "path105", "path148", "path199", "path208", "path432", "path458", "path460", "path486", "path488", "path491", "path492", "group0"], "nodes": [[0, 0, 0, 0, 1, 0, 0, 0, 0, 0, 0, 0, 0, 0, 0.5273799743652344, 0.2870760535621681, 0.7199400329589843, 0.231605721865966, 1, 0, 0], [0, 0, 0, 0, 1, 0, 0, 0, 0, 0, 0, 0, 0, 0, 0.5273799743652344, 0.2645318163045167, 0.7311599578857422, 0.1259107947297534, 1, 0, 0], [0, 0, 0, 0, 1, 0, 0, 0, 0, 0, 0, 0, 0, 0, 0.5273799743652344, 0.4038239627098047, 0.7199400329589843, 0.33142489105239203, 1, 0, 0], [0, 0, 0, 0, 1, 0, 0, 0, 0, 0, 0, 0, 0, 0, 0.7361000061035157, 0.5434448584516012, 0.796740047454834, 0.5141346096333673, 1, 0, 0], [0, 0, 0, 0, 1, 0, 0, 0, 0, 0, 0, 0, 0, 0, 0.5208599548339844, 0.6052429127993214, 0.76147998046875, 0.5218045479850362, 1, 0, 0], [0, 0, 0, 0, 1, 0, 0, 0, 0, 0, 0, 0, 0, 0, 0.19977999877929686, 0.331507128674773, 0.5273799743652344, 0.14041529602221114, 1, 0, 0], [0, 0, 0, 0, 1, 0, 0, 0, 0, 0, 0, 0, 0, 0, 0.7541799621582032, 0.5660027871761807, 0.8173799629211426, 0.5293512657467283, 1, 0, 0], [0, 0, 0, 0, 1, 0, 0, 0, 0, 0, 0, 0, 0, 0, 0.12319999694824219, 0.5583465376790633, 0.6687199554443359, 0.2278392178619029, 1, 0, 0], [0, 0, 0, 0, 1, 0, 0, 0, 0, 0, 0, 0, 0, 0, 0.5824399719238281, 0.4843723961134019, 0.847, 0.3693638753761666, 1, 0, 0], [0, 0, 0, 0, 1, 0, 0, 0, 0, 0, 0, 0, 0, 0, 0.7536200256347656, 0.5532514793994442, 0.7722000064849853, 0.5398701577662431, 1, 0, 0], [0, 0, 0, 0, 1, 0, 0, 0, 0, 0, 0, 0, 0, 0, 0.48257998657226564, 0.5804387605998235, 0.7898000183105469, 0.45474713383599363, 1, 0, 0], [0, 0, 0, 0, 1, 0, 0, 0, 0, 0, 0, 0, 0, 0, 0.5273799743652344, 0.3349586061577776, 0.7199400329589843, 0.2870760535621681, 1, 0, 0], [0, 0, 0, 0, 1, 0, 0, 0, 0, 0, 0, 0, 0, 0, 0.3585, 0.21043112242797396, 0.5273799896240234, 0.11511804202315334, 1, 0, 0], [0, 0, 0, 0, 1, 0, 0, 0, 0, 0, 0, 0, 0, 0, 0.8410000305175781, 0.11922695548213127, 0.8530000305175781, 0.11100912856417541, 0, 0, 0], [0, 0, 0, 0, 1, 0, 0, 0, 0, 0, 0, 0, 0, 0, 0.117, 0.6094203227785925, 0.129, 0.6012024958606367, 0, 0, 0], [0, 0, 0, 0, 0, 0, 0, 0, 0, 0, 0, 0, 0, 1, 0, 0, 0, 0, 0, 0, 0]], "edges": [[15, 0], [15, 1], [15, 2], [15, 3], [15, 4], [15, 5], [15, 6], [15, 7], [15, 8], [15, 9], [15, 10], [15, 11], [15, 12], [15, 13], [15, 14]], "splition": "training", "label": 17}