{"nodeNames": ["rect7", "rect8", "rect9", "rect10", "rect11", "rect12", "rect13", "rect14", "rect15", "rect16", "rect17", "rect18", "rect19", "rect20", "rect21", "group[0, 1, 2]", "group0", "group1", "group2"], "nodes": [[0, 0, 1, 0, 0, 0, 0, 0, 0, 0, 0, 0, 0, 0, 0.5, 0.2051926298157454, 0.5302267002518891, 0.17671691792294808, 1, 1, 1], [0, 0, 1, 0, 0, 0, 0, 0, 0, 0, 0, 0, 0, 0, 0.28085642317380355, 0.4949748743718593, 0.5302267002518891, 0.466499162479062, 1, 1, 1], [0, 0, 1, 0, 0, 0, 0, 0, 0, 0, 0, 0, 0, 0, 0.4748110831234257, 0.7864321608040201, 0.5302267002518891, 0.7579564489112228, 1, 1, 1], [0, 0, 1, 0, 0, 0, 0, 0, 0, 0, 0, 0, 0, 0, 0.5302267002518891, 0.2403685092127303, 0.5780856423173804, 0.211892797319933, 1, 1, 1], [0, 0, 1, 0, 0, 0, 0, 0, 0, 0, 0, 0, 0, 0, 0.23299748110831234, 0.5301507537688442, 0.5302267002518891, 0.501675041876047, 1, 1, 1], [0, 0, 1, 0, 0, 0, 0, 0, 0, 0, 0, 0, 0, 0, 0.43954659949622166, 0.821608040201005, 0.5302267002518891, 0.7931323283082077, 1, 1, 1], [0, 0, 1, 0, 0, 0, 0, 0, 0, 0, 0, 0, 0, 0, 0.5302267002518891, 0.27386934673366836, 0.6838790931989924, 0.245393634840871, 1, 1, 1], [0, 0, 1, 0, 0, 0, 0, 0, 0, 0, 0, 0, 0, 0, 0.2607052896725441, 0.5653266331658291, 0.5302267002518891, 0.5368509212730318, 1, 1, 1], [0, 0, 1, 0, 0, 0, 0, 0, 0, 0, 0, 0, 0, 0, 0.47984886649874053, 0.8567839195979899, 0.5302267002518891, 0.8283082077051926, 1, 1, 1], [0, 0, 1, 0, 0, 0, 0, 0, 0, 0, 0, 0, 0, 0, 0.5302267002518891, 0.30904522613065327, 0.6838790931989924, 0.2805695142378559, 1, 1, 1], [0, 0, 1, 0, 0, 0, 0, 0, 0, 0, 0, 0, 0, 0, 0.1977329974811083, 0.6005025125628141, 0.5302267002518891, 0.5720268006700168, 1, 1, 1], [0, 0, 1, 0, 0, 0, 0, 0, 0, 0, 0, 0, 0, 0, 0.5302267002518891, 0.8919597989949749, 0.535264483627204, 0.8634840871021775, 1, 1, 1], [0, 0, 1, 0, 0, 0, 0, 0, 0, 0, 0, 0, 0, 0, 0.5302267002518891, 0.3442211055276382, 0.6385390428211587, 0.3157453936348409, 1, 1, 1], [0, 0, 1, 0, 0, 0, 0, 0, 0, 0, 0, 0, 0, 0, 0.4899244332493703, 0.635678391959799, 0.5302267002518891, 0.6072026800670016, 1, 1, 1], [0, 0, 1, 0, 0, 0, 0, 0, 0, 0, 0, 0, 0, 0, 0.5302267002518891, 0.9271356783919598, 0.6309823677581864, 0.8986599664991625, 1, 1, 1], [0, 0, 0, 0, 0, 0, 0, 0, 0, 0, 0, 0, 0, 1, 0, 0, 0, 0, 0, 0, 0], [0, 0, 0, 0, 0, 0, 0, 0, 0, 0, 0, 0, 0, 1, 0, 0, 0, 0, 0, 0, 0], [0, 0, 0, 0, 0, 0, 0, 0, 0, 0, 0, 0, 0, 1, 0, 0, 0, 0, 0, 0, 0], [0, 0, 0, 0, 0, 0, 0, 0, 0, 0, 0, 0, 0, 1, 0, 0, 0, 0, 0, 0, 0]], "edges": [[15, 16], [15, 17], [15, 18], [16, 0], [16, 3], [16, 6], [16, 9], [16, 12], [17, 1], [17, 4], [17, 7], [17, 10], [17, 13], [18, 2], [18, 5], [18, 8], [18, 11], [18, 14]], "splition": "test", "label": 18}