{"nodeNames": ["path7", "path9", "path11", "path13", "path15", "group0"], "nodes": [[0, 1, 0, 0, 0, 0, 0, 0, 0, 0, 0, 0, 0, 0, 0.07901934203332242, 0.9005533179742637, 0.7509396619692843, 0.10299440097395518, 0, 1, 1], [0, 1, 0, 0, 0, 0, 0, 0, 0, 0, 0, 0, 0, 0, 0.3742556584720859, 0.9005533179742637, 0.7814830202111085, 0.10299440097395518, 0, 1, 1], [0, 1, 0, 0, 0, 0, 0, 0, 0, 0, 0, 0, 0, 0, 0.09475622396153355, 0.9005533179742637, 0.756492339031992, 0.10299440097395518, 0, 1, 1], [0, 1, 0, 0, 0, 0, 0, 0, 0, 0, 0, 0, 0, 0, 0.6176665536217788, 0.9005533179742637, 0.7944361244517455, 0.10299440097395518, 0, 1, 1], [0, 1, 0, 0, 0, 0, 0, 0, 0, 0, 0, 0, 0, 0, 0.4020226781825562, 0.9005533179742637, 0.756492339031992, 0.10299440097395518, 0, 1, 1], [0, 0, 0, 0, 0, 0, 0, 0, 0, 0, 0, 0, 0, 1, 0, 0, 0, 0, 0, 0, 0]], "edges": [[5, 0], [5, 1], [5, 2], [5, 3], [5, 4]], "splition": "training", "label": 21}