{"nodeNames": ["path33", "path34", "path35", "group0"], "nodes": [[0, 1, 0, 0, 0, 0, 0, 0, 0, 0, 0, 0, 0, 0, 0.20693069306930692, 0.3193287260046243, 0.24257425742574257, 0.03470031545741325, 0, 1, 1], [0, 1, 0, 0, 0, 0, 0, 0, 0, 0, 0, 0, 0, 0, 0.19777227722772278, 0.31940042087127185, 0.2457920792079208, 0.0346286205907657, 0, 1, 1], [0, 1, 0, 0, 0, 0, 0, 0, 0, 0, 0, 0, 0, 0, 0.075, 0.31940042087127185, 0.16410891089108912, 0.0346286205907657, 0, 1, 1], [0, 0, 0, 0, 0, 0, 0, 0, 0, 0, 0, 0, 0, 1, 0, 0, 0, 0, 0, 0, 0]], "edges": [[3, 0], [3, 1], [3, 2]], "splition": "test", "label": 21}