{"nodeNames": ["path26", "path28", "path29", "path31", "path32", "group0"], "nodes": [[1, 0, 0, 0, 0, 0, 0, 0, 0, 0, 0, 0, 0, 0, 0.8765396461086008, 0.7685113309291127, 0.8858586536443589, 0.33359315692683, 0, 1, 1], [1, 0, 0, 0, 0, 0, 0, 0, 0, 0, 0, 0, 0, 0, 0.649645592645512, 0.7685113309291127, 0.6873563067220662, 0.33359315692683, 0, 1, 1], [1, 0, 0, 0, 0, 0, 0, 0, 0, 0, 0, 0, 0, 0, 0.6089513865540692, 0.7685113309291127, 0.6926898684696102, 0.33359315692683, 0, 1, 1], [1, 0, 0, 0, 0, 0, 0, 0, 0, 0, 0, 0, 0, 0, 0.48482068416575813, 0.7685113309291127, 0.5762538136011894, 0.33359315692683, 0, 1, 1], [1, 0, 0, 0, 0, 0, 0, 0, 0, 0, 0, 0, 0, 0, 0.15927040769126402, 0.7685113309291127, 0.2506041117480555, 0.33359315692683, 0, 1, 1], [0, 0, 0, 0, 0, 0, 0, 0, 0, 0, 0, 0, 0, 1, 0, 0, 0, 0, 0, 0, 0]], "edges": [[5, 0], [5, 1], [5, 2], [5, 3], [5, 4]], "splition": "test", "label": 24}