{"nodeNames": ["path2", "path3", "path4", "path5", "path6", "path7", "path8", "path9", "path10", "group0"], "nodes": [[0, 0, 0, 0, 0, 0, 0, 1, 0, 0, 0, 0, 0, 0, 0.2872340425531915, 0.4153943325610871, 0.6694510601936503, 0.2735509128435284, 1, 0, 0], [0, 0, 0, 0, 0, 0, 0, 1, 0, 0, 0, 0, 0, 0, 0.2872340425531915, 0.5572354580493684, 0.5, 0.4153943217392509, 1, 0, 0], [0, 0, 0, 0, 0, 0, 0, 1, 0, 0, 0, 0, 0, 0, 0.4985659660177028, 0.5572386396692154, 0.6506170556900349, 0.4153943217392509, 1, 0, 0], [0, 0, 0, 0, 0, 0, 0, 1, 0, 0, 0, 0, 0, 0, 0.5179298238551363, 0.5232170050871288, 0.717589374298745, 0.4230312482685062, 1, 0, 0], [0, 0, 0, 0, 0, 0, 0, 1, 0, 0, 0, 0, 0, 0, 0.520991451182264, 0.4667233839102671, 0.7337583988270862, 0.4142056512494459, 1, 0, 0], [0, 0, 0, 0, 0, 0, 0, 1, 0, 0, 0, 0, 0, 0, 0.5422404512445977, 0.4119603366716534, 0.7549425652686585, 0.3812865778064051, 1, 0, 0], [0, 0, 0, 0, 0, 0, 0, 1, 0, 0, 0, 0, 0, 0, 0.5609574662878158, 0.40277304683171267, 0.7686893544298538, 0.34959859645113034, 1, 0, 0], [0, 0, 0, 0, 0, 0, 0, 1, 0, 0, 0, 0, 0, 0, 0.5763617657600565, 0.39034324267231824, 0.773610719721368, 0.31859429542054524, 1, 0, 0], [0, 0, 0, 0, 0, 0, 0, 1, 0, 0, 0, 0, 0, 0, 0.6060851076815991, 0.3680524785467919, 0.7896256142474235, 0.28227378899324024, 1, 0, 0], [0, 0, 0, 0, 0, 0, 0, 0, 0, 0, 0, 0, 0, 1, 0, 0, 0, 0, 0, 0, 0]], "edges": [[9, 0], [9, 1], [9, 2], [9, 3], [9, 4], [9, 5], [9, 6], [9, 7], [9, 8]], "splition": "test", "label": 25}