{"nodeNames": ["path9", "path10", "path11", "path12", "path13", "path14", "group0"], "nodes": [[0, 0, 0, 0, 0, 0, 0, 1, 0, 0, 0, 0, 0, 0, 0.11544715033637153, 0.43598129890418125, 0.532520345879118, 0.18753893130293517, 1, 1, 0], [0, 0, 0, 0, 0, 0, 0, 1, 0, 0, 0, 0, 0, 0, 0.10020924389846926, 0.5778815724025262, 0.532520345879118, 0.37071646336825836, 1, 1, 0], [0, 0, 0, 0, 0, 0, 0, 1, 0, 0, 0, 0, 0, 0, 0.17750677506775067, 0.6724299017885392, 0.532520325203252, 0.43598129890418125, 1, 1, 0], [0, 0, 0, 0, 0, 0, 0, 1, 0, 0, 0, 0, 0, 0, 0.39945797803925304, 0.6844554675330997, 0.5937669335342035, 0.43598129890418125, 1, 1, 0], [0, 0, 0, 0, 0, 0, 0, 1, 0, 0, 0, 0, 0, 0, 0.5325203665549839, 0.6819314689279716, 0.7579946337030509, 0.43598129890418125, 1, 1, 0], [0, 0, 0, 0, 0, 0, 0, 1, 0, 0, 0, 0, 0, 0, 0.5325203665549839, 0.6479750778816199, 0.9648543773950923, 0.18753893130293517, 1, 1, 0], [0, 0, 0, 0, 0, 0, 0, 0, 0, 0, 0, 0, 0, 1, 0, 0, 0, 0, 0, 0, 0]], "edges": [[6, 0], [6, 1], [6, 2], [6, 3], [6, 4], [6, 5]], "splition": "test", "label": 25}