{"nodeNames": ["path0", "path1", "path2", "path3", "path4", "path5", "path6", "group0"], "nodes": [[0, 0, 0, 0, 0, 0, 0, 1, 0, 0, 0, 0, 0, 0, -0.9999985961934627, 0.9262747481997703, 0.0, 0.0, 1, 0, 0], [0, 0, 0, 0, 0, 0, 0, 1, 0, 0, 0, 0, 0, 0, -0.37685143771762053, 1.0, 0.5266512060773348, 0.0, 1, 0, 0], [0, 0, 0, 0, 0, 0, 0, 1, 0, 0, 0, 0, 0, 0, 0.0, 0.8500790404308588, 0.60958711974543, 0.0, 1, 0, 0], [0, 0, 0, 0, 0, 0, 0, 1, 0, 0, 0, 0, 0, 0, 0.0, 0.7927190030285608, 0.6437870818548606, 0.0, 1, 0, 0], [0, 0, 0, 0, 0, 0, 0, 1, 0, 0, 0, 0, 0, 0, 0.0, 0.7652030454064387, 0.7329509527085654, 0.0, 1, 0, 0], [0, 0, 0, 0, 0, 0, 0, 1, 0, 0, 0, 0, 0, 0, 0.0, 0.6802791988779311, 1.0, -0.28810768053261654, 1, 0, 0], [0, 0, 0, 0, 0, 0, 0, 1, 0, 0, 0, 0, 0, 0, -0.9999985351583958, 0.0, 0.957598572853653, -1.0000056152275205, 1, 0, 0], [0, 0, 0, 0, 0, 0, 0, 0, 0, 0, 0, 0, 0, 1, 0, 0, 0, 0, 0, 0, 0]], "edges": [[7, 0], [7, 1], [7, 2], [7, 3], [7, 4], [7, 5], [7, 6]], "splition": "training", "label": 25}