{"nodeNames": ["path0", "path1", "path2", "path3", "path4", "path5", "path6", "path7", "path8", "path9", "group0"], "nodes": [[0, 0, 0, 0, 0, 0, 0, 1, 0, 0, 0, 0, 0, 0, 0.1114632498643967, 0.7244961195258031, 0.5408734602463606, 0.5, 1, 0, 0], [0, 0, 0, 0, 0, 0, 0, 1, 0, 0, 0, 0, 0, 0, 0.23014932356916643, 0.8248937842380478, 0.5408734602463606, 0.5, 1, 0, 0], [0, 0, 0, 0, 0, 0, 0, 1, 0, 0, 0, 0, 0, 0, 0.43808830919084196, 0.7958460348060882, 0.6436585771276596, 0.5, 1, 0, 0], [0, 0, 0, 0, 0, 0, 0, 1, 0, 0, 0, 0, 0, 0, 0.5408734602463606, 0.7693877809076195, 0.7985123552106663, 0.5, 1, 0, 0], [0, 0, 0, 0, 0, 0, 0, 1, 0, 0, 0, 0, 0, 0, 0.5408734602463606, 0.6587427146881225, 0.8445123584913914, 0.5, 1, 0, 0], [0, 0, 0, 0, 0, 0, 0, 1, 0, 0, 0, 0, 0, 0, 0.5408734602463606, 0.5, 0.8289305547049972, 0.3494034117436504, 1, 0, 0], [0, 0, 0, 0, 0, 0, 0, 1, 0, 0, 0, 0, 0, 0, 0.5408734602463606, 0.5, 0.7605886085570058, 0.2702653740506723, 1, 0, 0], [0, 0, 0, 0, 0, 0, 0, 1, 0, 0, 0, 0, 0, 0, 0.4623700149382349, 0.5, 0.6193769055544863, 0.2740438392912724, 1, 0, 0], [0, 0, 0, 0, 0, 0, 0, 1, 0, 0, 0, 0, 0, 0, 0.3855113748206537, 0.5, 0.5408734602463606, 0.3375531078809761, 1, 0, 0], [0, 0, 0, 0, 0, 0, 0, 1, 0, 0, 0, 0, 0, 0, 0.3745635952153905, 0.5, 0.5408734602463606, 0.41305304903433143, 1, 0, 0], [0, 0, 0, 0, 0, 0, 0, 0, 0, 0, 0, 0, 0, 1, 0, 0, 0, 0, 0, 0, 0]], "edges": [[10, 0], [10, 1], [10, 2], [10, 3], [10, 4], [10, 5], [10, 6], [10, 7], [10, 8], [10, 9]], "splition": "training", "label": 26}