{"nodeNames": ["path9", "path10", "path11", "path12", "path13", "path14", "path15", "path16", "group0"], "nodes": [[0, 0, 0, 0, 0, 0, 0, 0, 1, 0, 0, 0, 0, 0, -0.005260798136393229, 0.7889481608072917, 0.4649407196044922, 0.5, 1, 0, 0], [0, 0, 0, 0, 0, 0, 0, 0, 1, 0, 0, 0, 0, 0, 0.18045630560980902, 0.8997695922851563, 0.55, 0.5637945556640624, 1, 0, 0], [0, 0, 0, 0, 0, 0, 0, 0, 1, 0, 0, 0, 0, 0, 0.55, 0.8497355143229167, 0.8723705376519097, 0.5637944539388021, 1, 0, 0], [0, 0, 0, 0, 0, 0, 0, 0, 1, 0, 0, 0, 0, 0, 0.6350594075520833, 0.72998291015625, 0.9940732150607638, 0.5, 1, 0, 0], [0, 0, 0, 0, 0, 0, 0, 0, 1, 0, 0, 0, 0, 0, 0.6350592719184027, 0.5, 0.9718305799696181, 0.28181294759114583, 1, 0, 0], [0, 0, 0, 0, 0, 0, 0, 0, 1, 0, 0, 0, 0, 0, 0.55, 0.4362054443359375, 0.8251852756076389, 0.20031056722005208, 1, 0, 0], [0, 0, 0, 0, 0, 0, 0, 0, 1, 0, 0, 0, 0, 0, 0.3062786187065972, 0.436204833984375, 0.55, 0.23368484497070313, 1, 0, 0], [0, 0, 0, 0, 0, 0, 0, 0, 1, 0, 0, 0, 0, 0, 0.23942728678385417, 0.5, 0.46494066026475694, 0.3408171590169271, 1, 0, 0], [0, 0, 0, 0, 0, 0, 0, 0, 0, 0, 0, 0, 0, 1, 0, 0, 0, 0, 0, 0, 0]], "edges": [[8, 0], [8, 1], [8, 2], [8, 3], [8, 4], [8, 5], [8, 6], [8, 7]], "splition": "training", "label": 26}