{"nodeNames": ["path3", "path6", "group0"], "nodes": [[0, 0, 0, 1, 0, 0, 0, 0, 0, 0, 0, 0, 0, 0, 0.2274846003605769, 0.6630037747896634, 0.5163519052358774, 0.20640194232647235, 1, 1, 1], [0, 0, 0, 1, 0, 0, 0, 0, 0, 0, 0, 0, 0, 0, 0.14405191861666167, 0.5764576838566706, 0.49175004225510816, 0.29880957970252403, 1, 1, 1], [0, 0, 0, 0, 0, 0, 0, 0, 0, 0, 0, 0, 0, 1, 0, 0, 0, 0, 0, 0, 0]], "edges": [[2, 0], [2, 1]], "splition": "training", "label": 27}