{"nodeNames": ["path12", "path13", "path14", "path15", "path16", "path17", "path18", "path19", "group0"], "nodes": [[0, 0, 0, 1, 0, 0, 0, 0, 0, 0, 0, 0, 0, 0, 0.44517892937911185, 0.663430822319664, 0.6250947008634868, 0.5463714720232213, 0, 1, 1], [0, 0, 0, 1, 0, 0, 0, 0, 0, 0, 0, 0, 0, 0, 0.27237895764802633, 0.8038892663043479, 0.874484220805921, 0.3354150101130188, 0, 1, 1], [0, 0, 0, 1, 0, 0, 0, 0, 0, 0, 0, 0, 0, 0, 0.3331789679276316, 0.749027683423913, 0.7763789447985198, 0.3786719521986166, 0, 1, 1], [0, 0, 0, 1, 0, 0, 0, 0, 0, 0, 0, 0, 0, 0, 0.38757896021792765, 0.7247431216032608, 0.6748631527549342, 0.47612652081274703, 0, 1, 1], [0, 0, 0, 1, 0, 0, 0, 0, 0, 0, 0, 0, 0, 0, 0.39932633249383226, 0.7159209601963933, 0.6406947728207237, 0.5084584594244071, 0, 1, 1], [0, 0, 0, 1, 0, 0, 0, 0, 0, 0, 0, 0, 0, 0, 0.4323789576480263, 0.666260923604249, 0.5646526135896381, 0.5112569092761857, 0, 1, 1], [0, 0, 0, 1, 0, 0, 0, 0, 0, 0, 0, 0, 0, 0, 0.4544210654810855, 0.6283004338562252, 0.5536211194490132, 0.5409011780508893, 0, 1, 1], [0, 0, 0, 1, 0, 0, 0, 0, 0, 0, 0, 0, 0, 0, 0.3662526341488487, 0.6283004338562252, 0.54597900390625, 0.3786719521986166, 0, 1, 1], [0, 0, 0, 0, 0, 0, 0, 0, 0, 0, 0, 0, 0, 1, 0, 0, 0, 0, 0, 0, 0]], "edges": [[8, 0], [8, 1], [8, 2], [8, 3], [8, 4], [8, 5], [8, 6], [8, 7]], "splition": "training", "label": 27}