{"nodeNames": ["path2", "path3", "path4", "path5", "path6", "group0"], "nodes": [[0, 0, 0, 0, 0, 0, 0, 0, 1, 0, 0, 0, 0, 0, 0.36046511627906974, 0.5954975926598837, 0.3983069708180982, 0.5, 0, 1, 1], [0, 0, 0, 0, 0, 0, 0, 0, 1, 0, 0, 0, 0, 0, 0.29069767441860467, 0.7093023255813954, 0.5646884119787882, 0.5, 0, 1, 1], [0, 0, 0, 0, 0, 0, 0, 0, 1, 0, 0, 0, 0, 0, 0.22093023255813954, 0.7790697674418605, 0.7790697674418605, 0.5, 0, 1, 1], [0, 0, 0, 0, 0, 0, 0, 0, 1, 0, 0, 0, 0, 0, 0.1511627906976744, 0.8488372093023255, 0.8488372093023255, 0.21781396200490552, 0, 1, 1], [0, 0, 0, 0, 0, 0, 0, 0, 1, 0, 0, 0, 0, 0, 0.08139534883720931, 0.9186046511627907, 0.9186046511627907, 0.08139534883720931, 0, 1, 1], [0, 0, 0, 0, 0, 0, 0, 0, 0, 0, 0, 0, 0, 1, 0, 0, 0, 0, 0, 0, 0]], "edges": [[5, 0], [5, 1], [5, 2], [5, 3], [5, 4]], "splition": "training", "label": 28}