{"nodeNames": ["path0", "path1", "path2", "path3", "path4", "path5", "path6", "path7", "path8", "path9", "group0"], "nodes": [[0, 0, 0, 0, 0, 0, 0, 0, 1, 0, 0, 0, 0, 0, 0.03801044796190347, 1.0, 1.0, 0.4362631741515024, 1, 0, 0], [0, 0, 0, 0, 0, 0, 0, 0, 1, 0, 0, 0, 0, 0, 0.0703173495317163, 0.9656367493951197, 0.7493033957895151, 0.4362631741515024, 1, 0, 0], [0, 0, 0, 0, 0, 0, 0, 0, 1, 0, 0, 0, 0, 0, 0.10262425110152912, 0.9121566402395958, 0.44695379738618635, 0.4362631741515024, 0, 0, 0], [0, 0, 0, 0, 0, 0, 0, 0, 1, 0, 0, 0, 0, 0, 0.1355225412581678, 0.7261919407656003, 0.2529520255299998, 0.4362631741515024, 0, 0, 0], [0, 0, 0, 0, 0, 0, 0, 0, 1, 0, 0, 0, 0, 0, 0.16782941223759723, 0.6869349353673353, 0.26610332079413124, 0.4362631741515024, 1, 0, 0], [0, 0, 0, 0, 0, 0, 0, 0, 1, 0, 0, 0, 0, 0, 0.20013634439779343, 0.608058180184444, 0.26103127462908243, 0.43626310907649024, 1, 0, 0], [0, 0, 0, 0, 0, 0, 0, 0, 1, 0, 0, 0, 0, 0, 0.23244321537722287, 0.5873741201166938, 0.28772481025702895, 0.4362631741515024, 1, 0, 0], [0, 0, 0, 0, 0, 0, 0, 0, 1, 0, 0, 0, 0, 0, 0.2647400833012848, 0.5673404929295511, 0.31500974976699303, 0.4362631741515024, 1, 0, 0], [0, 0, 0, 0, 0, 0, 0, 0, 1, 0, 0, 0, 0, 0, 0.29704695428071426, 0.5442361548763163, 0.36264306816406183, 0.4362631741515024, 1, 0, 0], [0, 0, 0, 0, 0, 0, 0, 0, 1, 0, 0, 0, 0, 0, 0.3616607574203399, 0.48578765395568385, 0.3924941508127926, 0.4362631741515024, 1, 0, 0], [0, 0, 0, 0, 0, 0, 0, 0, 0, 0, 0, 0, 0, 1, 0, 0, 0, 0, 0, 0, 0]], "edges": [[10, 0], [10, 1], [10, 2], [10, 3], [10, 4], [10, 5], [10, 6], [10, 7], [10, 8], [10, 9]], "splition": "training", "label": 28}