{"nodeNames": ["path20", "path21", "path22", "group0"], "nodes": [[0, 0, 0, 0, 0, 0, 0, 0, 0, 1, 0, 0, 0, 0, 0.15781321495122583, 0.9880520875285274, 0.8420326457091322, 0.11455676377142346, 1, 1, 1], [0, 0, 0, 0, 0, 0, 0, 0, 0, 1, 0, 0, 0, 0, 0.7008047242319144, 0.9880520875285274, 0.8420326664323561, 0.11455676377142346, 1, 1, 1], [0, 0, 0, 0, 0, 0, 0, 0, 0, 1, 0, 0, 0, 0, 0.1086493763138524, 0.8632668290206739, 0.8420326664323561, 0.11455676377142346, 1, 1, 1], [0, 0, 0, 0, 0, 0, 0, 0, 0, 0, 0, 0, 0, 1, 0, 0, 0, 0, 0, 0, 0]], "edges": [[3, 0], [3, 1], [3, 2]], "splition": "training", "label": 29}