{"nodeNames": ["path35", "path37", "path39", "path41", "path43", "path45", "group0"], "nodes": [[0, 0, 0, 0, 0, 0, 0, 0, 0, 1, 0, 0, 0, 0, 0.7341462422192582, 0.7691652551944601, 0.8680215644319529, 0.1262739005888317, 1, 0, 0], [0, 0, 0, 0, 0, 0, 0, 0, 0, 1, 0, 0, 0, 0, 0.7298102650215955, 0.7691652551944601, 0.7934959845814279, 0.1262739005888317, 1, 0, 0], [0, 0, 0, 0, 0, 0, 0, 0, 0, 1, 0, 0, 0, 0, 0.2382113655731284, 0.7691652551944601, 0.7891599246803015, 0.1262739005888317, 1, 0, 0], [0, 0, 0, 0, 0, 0, 0, 0, 0, 1, 0, 0, 0, 0, 0.15582655826558264, 0.7691652551944601, 0.3349593661341887, 0.1262739005888317, 1, 0, 0], [0, 0, 0, 0, 0, 0, 0, 0, 0, 1, 0, 0, 0, 0, 0.08482385650882876, 0.7691652551944601, 0.16205962886655234, 0.1262739005888317, 1, 0, 0], [0, 0, 0, 0, 0, 0, 0, 0, 0, 1, 0, 0, 0, 0, 0.044715447154471545, 0.7691652551944601, 0.10081299985973492, 0.1262739005888317, 1, 0, 0], [0, 0, 0, 0, 0, 0, 0, 0, 0, 0, 0, 0, 0, 1, 0, 0, 0, 0, 0, 0, 0]], "edges": [[6, 0], [6, 1], [6, 2], [6, 3], [6, 4], [6, 5]], "splition": "training", "label": 32}