{"nodeNames": ["path15", "path16", "path17", "path18", "path19", "path20", "path21", "path22", "path23", "path24", "path25", "group0"], "nodes": [[0, 0, 0, 0, 0, 0, 0, 0, 0, 1, 0, 0, 0, 0, 0.45519456891904087, 0.7580663563552714, 0.5309395895426444, 0.10971009255832256, 1, 0, 0], [0, 0, 0, 0, 0, 0, 0, 0, 0, 1, 0, 0, 0, 0, 0.19515730772349157, 0.7580663563552714, 0.5256622964747916, 0.10971009255832256, 1, 0, 0], [0, 0, 0, 0, 0, 0, 0, 0, 0, 1, 0, 0, 0, 0, 0.18584439302216654, 0.7580663563552714, 0.4635761984659579, 0.10971009255832256, 1, 0, 0], [0, 0, 0, 0, 0, 0, 0, 0, 0, 1, 0, 0, 0, 0, 0.1437293105747254, 0.7580663563552714, 0.46098927771558984, 0.10971009255832256, 1, 0, 0], [0, 0, 0, 0, 0, 0, 0, 0, 0, 1, 0, 0, 0, 0, 0.1437293105747254, 0.7580663563552714, 0.437396573103682, 0.10971009255832256, 1, 0, 0], [0, 0, 0, 0, 0, 0, 0, 0, 0, 1, 0, 0, 0, 0, 0.13803808492391564, 0.7580663563552714, 0.437396573103682, 0.10971009255832256, 1, 0, 0], [0, 0, 0, 0, 0, 0, 0, 0, 0, 1, 0, 0, 0, 0, 0.13669289876517324, 0.7580663563552714, 0.43429226820324035, 0.10971009255832256, 1, 0, 0], [0, 0, 0, 0, 0, 0, 0, 0, 0, 1, 0, 0, 0, 0, 0.12334437821968726, 0.7580663563552714, 0.4329470662551867, 0.10971009255832256, 1, 0, 0], [0, 0, 0, 0, 0, 0, 0, 0, 0, 1, 0, 0, 0, 0, 0.11537666546641585, 0.7580663563552714, 0.41618382295066386, 0.10971009255832256, 1, 0, 0], [0, 0, 0, 0, 0, 0, 0, 0, 0, 1, 0, 0, 0, 0, 0.1131001783639542, 0.7580663563552714, 0.40904391220606123, 0.10971009255832256, 1, 0, 0], [0, 0, 0, 0, 0, 0, 0, 0, 0, 1, 0, 0, 0, 0, 0.11051325761358613, 0.7580663563552714, 0.4037666191382083, 0.10971009255832256, 1, 0, 0], [0, 0, 0, 0, 0, 0, 0, 0, 0, 0, 0, 0, 0, 1, 0, 0, 0, 0, 0, 0, 0]], "edges": [[11, 0], [11, 1], [11, 2], [11, 3], [11, 4], [11, 5], [11, 6], [11, 7], [11, 8], [11, 9], [11, 10]], "splition": "test", "label": 32}