{"nodeNames": ["path4", "path5", "path6", "path7", "path8", "path9", "path10", "group0"], "nodes": [[0, 0, 0, 0, 0, 0, 0, 0, 0, 1, 0, 0, 0, 0, 0.5138472490229536, 0.7981045253035008, 0.5214695879346712, 0.06375223373027017, 1, 0, 0], [0, 0, 0, 0, 0, 0, 0, 0, 0, 1, 0, 0, 0, 0, 0.45307181250634265, 0.7981045253035008, 0.5214695879346712, 0.06375223373027017, 1, 0, 0], [0, 0, 0, 0, 0, 0, 0, 0, 0, 1, 0, 0, 0, 0, 0.36434779998010053, 0.7981045253035008, 0.5214695879346712, 0.06375223373027017, 1, 0, 0], [0, 0, 0, 0, 0, 0, 0, 0, 0, 1, 0, 0, 0, 0, 0.2426952585429373, 0.7981045253035008, 0.5214695879346712, 0.06375223373027017, 1, 0, 0], [0, 0, 0, 0, 0, 0, 0, 0, 0, 1, 0, 0, 0, 0, 0.1286650870328681, 0.7981045253035008, 0.5214695879346712, 0.06375223373027017, 1, 0, 0], [0, 0, 0, 0, 0, 0, 0, 0, 0, 1, 0, 0, 0, 0, 0.09319579399239603, 0.7981045253035008, 0.521469572426983, 0.06375223373027017, 1, 0, 0], [0, 0, 0, 0, 0, 0, 0, 0, 0, 1, 0, 0, 0, 0, 0.09065501435515683, 0.7981045253035008, 0.521469572426983, 0.06375223373027017, 1, 0, 0], [0, 0, 0, 0, 0, 0, 0, 0, 0, 0, 0, 0, 0, 1, 0, 0, 0, 0, 0, 0, 0]], "edges": [[7, 0], [7, 1], [7, 2], [7, 3], [7, 4], [7, 5], [7, 6]], "splition": "test", "label": 32}