{"nodeNames": ["path10", "path11", "path12", "path13", "path14", "path15", "group0"], "nodes": [[0, 0, 0, 0, 0, 0, 0, 0, 0, 1, 0, 0, 0, 0, 0.21747439526232945, 0.7916372666388678, 0.5207036806051463, 0.0710895098113149, 1, 0, 0], [0, 0, 0, 0, 0, 0, 0, 0, 0, 1, 0, 0, 0, 0, 0.14622433529492063, 0.7916372666388678, 0.42573628612655046, 0.0710895098113149, 1, 0, 0], [0, 0, 0, 0, 0, 0, 0, 0, 0, 1, 0, 0, 0, 0, 0.11966482973981502, 0.7916372666388678, 0.35693636587572697, 0.0710895098113149, 1, 0, 0], [0, 0, 0, 0, 0, 0, 0, 0, 0, 1, 0, 0, 0, 0, 0.09173323697074201, 0.7916372666388678, 0.3383153040296783, 0.0710895098113149, 1, 0, 0], [0, 0, 0, 0, 0, 0, 0, 0, 0, 1, 0, 0, 0, 0, 0.09114519745697511, 0.7916372666388678, 0.3239084705325836, 0.0710895098113149, 1, 0, 0], [0, 0, 0, 0, 0, 0, 0, 0, 0, 1, 0, 0, 0, 0, 0.08751899366732199, 0.7916372666388678, 0.3235164541597163, 0.0710895098113149, 1, 0, 0], [0, 0, 0, 0, 0, 0, 0, 0, 0, 0, 0, 0, 0, 1, 0, 0, 0, 0, 0, 0, 0]], "edges": [[6, 0], [6, 1], [6, 2], [6, 3], [6, 4], [6, 5]], "splition": "training", "label": 32}