{"nodeNames": ["path47", "path48", "path49", "path50", "path51", "path52", "path53", "path54", "path55", "group0"], "nodes": [[0, 0, 0, 0, 0, 0, 0, 0, 0, 1, 0, 0, 0, 0, 0.2754906444169996, 0.9013028908367312, 0.4640257879154242, 0.382984797063587, 1, 0, 0], [0, 0, 0, 0, 0, 0, 0, 0, 0, 1, 0, 0, 0, 0, 0.4162538622592056, 0.9013027891040196, 0.4707570946915027, 0.748307269412636, 1, 0, 0], [0, 0, 0, 0, 0, 0, 0, 0, 0, 1, 0, 0, 0, 0, 0.35776958821765426, 0.9013028908367312, 0.594167581663197, 0.6576673910035729, 1, 0, 0], [0, 0, 0, 0, 0, 0, 0, 0, 0, 1, 0, 0, 0, 0, 0.34966286203074753, 0.9013028908367312, 0.6176192468080053, 0.6334069878164905, 1, 0, 0], [0, 0, 0, 0, 0, 0, 0, 0, 0, 1, 0, 0, 0, 0, 0.5808494471780576, 0.275609735006633, 0.6970971569891882, 0.11809870718070171, 1, 0, 0], [0, 0, 0, 0, 0, 0, 0, 0, 0, 1, 0, 0, 0, 0, 0.33184604440100696, 0.4690882103995247, 0.5896696360748086, 0.11809870718070171, 1, 0, 0], [0, 0, 0, 0, 0, 0, 0, 0, 0, 1, 0, 0, 0, 0, 0.4932315798050471, 0.6575326968934899, 0.763027470752362, 0.11809875804705748, 1, 0, 0], [0, 0, 0, 0, 0, 0, 0, 0, 0, 1, 0, 0, 0, 0, 0.30177960636174195, 0.5386136679932613, 0.3212297422247183, 0.4838904216617428, 1, 0, 0], [0, 0, 0, 0, 0, 0, 0, 0, 0, 1, 0, 0, 0, 0, 0.2907630160386311, 0.9013027891040196, 0.7312932951899309, 0.29561048782869837, 1, 0, 0], [0, 0, 0, 0, 0, 0, 0, 0, 0, 0, 0, 0, 0, 1, 0, 0, 0, 0, 0, 0, 0]], "edges": [[9, 0], [9, 1], [9, 2], [9, 3], [9, 4], [9, 5], [9, 6], [9, 7], [9, 8]], "splition": "training", "label": 34}