{"nodeNames": ["path10", "path12", "path14", "path16", "path17", "path19", "path21", "path24", "group0"], "nodes": [[0, 0, 1, 0, 0, 0, 0, 0, 0, 0, 0, 0, 0, 0, 0.2401999515112069, 0.13225411321787023, 0.6363557137990844, 0.04638736033806772, 1, 0, 0], [0, 0, 1, 0, 0, 0, 0, 0, 0, 0, 0, 0, 0, 0, 0.24101178636394555, 0.25320476608150777, 0.2908335575481665, 0.1673404618588177, 1, 0, 0], [0, 0, 1, 0, 0, 0, 0, 0, 0, 0, 0, 0, 0, 0, 0.2223249068181111, 0.3741553998150116, 0.24412166935323915, 0.2882899286541664, 1, 0, 0], [0, 0, 1, 0, 0, 0, 0, 0, 0, 0, 0, 0, 0, 0, 0.1997201160150264, 0.4951086352466974, 0.22151731808165998, 0.40924310669545116, 1, 0, 0], [0, 0, 1, 0, 0, 0, 0, 0, 0, 0, 0, 0, 0, 0, 0.1988446660335585, 0.6160592115898001, 0.4993362429082398, 0.5301924587099976, 1, 0, 0], [0, 0, 1, 0, 0, 0, 0, 0, 0, 0, 0, 0, 0, 0, 0.49933414606069043, 0.7370124565865529, 0.5475999394236872, 0.6511468610798387, 1, 0, 0], [0, 0, 1, 0, 0, 0, 0, 0, 0, 0, 0, 0, 0, 0, 0.5433336208165089, 0.8581524212531959, 0.6165103259822106, 0.7722868257464818, 1, 0, 0], [0, 0, 1, 0, 0, 0, 0, 0, 0, 0, 0, 0, 0, 0, 0.6154278848884246, 0.9789137144884937, 0.6372246212129582, 0.8930482433276485, 1, 0, 0], [0, 0, 0, 0, 0, 0, 0, 0, 0, 0, 0, 0, 0, 1, 0, 0, 0, 0, 0, 0, 0]], "edges": [[8, 0], [8, 1], [8, 2], [8, 3], [8, 4], [8, 5], [8, 6], [8, 7]], "splition": "training", "label": 38}