{"nodeNames": ["path7", "path9", "path11", "path13", "path15", "path17", "path19", "path21", "group0"], "nodes": [[0, 0, 1, 0, 0, 0, 0, 0, 0, 0, 0, 0, 0, 0, 0.2949919712731135, 0.17279411764705882, 0.7431963726537393, 0.11764705882352941, 1, 0, 0], [0, 0, 1, 0, 0, 0, 0, 0, 0, 0, 0, 0, 0, 0, 0.07088854205282671, 0.2867647058823529, 0.2949919712731135, 0.23161764705882354, 1, 0, 0], [0, 0, 1, 0, 0, 0, 0, 0, 0, 0, 0, 0, 0, 0, 0.07088854205282671, 0.4007352492388557, 0.2523052419937552, 0.3455881904153263, 1, 0, 0], [0, 0, 1, 0, 0, 0, 0, 0, 0, 0, 0, 0, 0, 0, 0.2523052419937552, 0.5147058374741498, 0.4017075564913048, 0.4595587786506204, 1, 0, 0], [0, 0, 1, 0, 0, 0, 0, 0, 0, 0, 0, 0, 0, 0, 0.40170756594153534, 0.6286764257094439, 0.5084231417094961, 0.5735293668859145, 1, 0, 0], [0, 0, 1, 0, 0, 0, 0, 0, 0, 0, 0, 0, 0, 0, 0.40170756594153534, 0.7426470139447381, 0.5084231417094961, 0.6874999551212087, 1, 0, 0], [0, 0, 1, 0, 0, 0, 0, 0, 0, 0, 0, 0, 0, 0, 0.2949919712731135, 0.8566176021800321, 0.4017075470410742, 0.8014705433565028, 1, 0, 0], [0, 0, 1, 0, 0, 0, 0, 0, 0, 0, 0, 0, 0, 0, 0.2949919712731135, 0.9705881904153263, 0.7431963726537393, 0.9154411315917969, 1, 0, 0], [0, 0, 0, 0, 0, 0, 0, 0, 0, 0, 0, 0, 0, 1, 0, 0, 0, 0, 0, 0, 0]], "edges": [[8, 0], [8, 1], [8, 2], [8, 3], [8, 4], [8, 5], [8, 6], [8, 7]], "splition": "training", "label": 38}