{"nodeNames": ["rect6", "rect7", "rect8", "rect9", "rect10", "rect11", "rect12", "group0"], "nodes": [[0, 0, 1, 0, 0, 0, 0, 0, 0, 0, 0, 0, 0, 0, 0.5125908259293434, 0.17085272894158515, 0.8840334534143748, 0.10790698669994853, 1, 0, 0], [0, 0, 1, 0, 0, 0, 0, 0, 0, 0, 0, 0, 0, 0, 0.2897252494383245, 0.29674421342485846, 0.5125908259293434, 0.2337984711832218, 1, 0, 0], [0, 0, 1, 0, 0, 0, 0, 0, 0, 0, 0, 0, 0, 0, 0.2897252494383245, 0.4316279467997941, 0.8840334534143748, 0.3686822045581575, 1, 0, 0], [0, 0, 1, 0, 0, 0, 0, 0, 0, 0, 0, 0, 0, 0, 0.2897252494383245, 0.5575194312830674, 0.4754465631808402, 0.49457368904143073, 1, 0, 0], [0, 0, 1, 0, 0, 0, 0, 0, 0, 0, 0, 0, 0, 0, 0.4754465631808402, 0.6834109157663406, 0.6017370565257509, 0.620465173524704, 1, 0, 0], [0, 0, 1, 0, 0, 0, 0, 0, 0, 0, 0, 0, 0, 0, 0.2897252494383245, 0.809302400249614, 0.6017370565257509, 0.7463566580079773, 1, 0, 0], [0, 0, 1, 0, 0, 0, 0, 0, 0, 0, 0, 0, 0, 0, 0.5868793514263496, 0.9351938847328872, 0.8840334534143748, 0.8722481424912506, 1, 0, 0], [0, 0, 0, 0, 0, 0, 0, 0, 0, 0, 0, 0, 0, 1, 0, 0, 0, 0, 0, 0, 0]], "edges": [[7, 0], [7, 1], [7, 2], [7, 3], [7, 4], [7, 5], [7, 6]], "splition": "training", "label": 38}