{"nodeNames": ["path0", "path1", "path2", "path3", "path4", "path5", "path6", "path7", "path8", "path9", "path10", "path11", "path12", "path13", "g7", "g6", "g0", "svg0"], "nodes": [[0, 0, 0, 0, 0, 0, 0, 0, 0, 0, 0, 0, 1, 0, 0.44819198421663875, 0.20304801841737663, 0.5924246368126681, 0.11463855426424877, 1, 1, 1], [0, 0, 0, 0, 0, 0, 0, 0, 0, 0, 0, 0, 1, 0, 0.26549733658894614, 0.20304803070690133, 0.4481919729886196, 0.11463860342234751, 1, 1, 1], [0, 0, 0, 0, 0, 0, 0, 0, 0, 0, 0, 0, 1, 0, 0.44819198421663875, 0.32934721780891735, 0.6981952382369384, 0.24093775365578948, 1, 1, 1], [0, 0, 0, 0, 0, 0, 0, 0, 0, 0, 0, 0, 1, 0, 0.3328058980694766, 0.32934721780891735, 0.4481919954446579, 0.24093775365578948, 1, 1, 1], [0, 0, 0, 0, 0, 0, 0, 0, 0, 0, 0, 0, 1, 0, 0.6789642014230397, 0.45564633731854765, 0.813581358068158, 0.36723695304733023, 1, 1, 1], [0, 0, 0, 0, 0, 0, 0, 0, 0, 0, 0, 0, 1, 0, 0.544347168286132, 0.45564633731854765, 0.6789641901950205, 0.36723695304733023, 1, 1, 1], [0, 0, 0, 0, 0, 0, 0, 0, 0, 0, 0, 0, 1, 0, 0.5828091520897762, 0.5819455367100883, 0.7366573006367165, 0.49353615243887095, 1, 1, 1], [0, 0, 0, 0, 0, 0, 0, 0, 0, 0, 0, 0, 1, 0, 0.42896099231481666, 0.5819455367100883, 0.5828091408617571, 0.49353615243887095, 1, 1, 1], [0, 0, 0, 0, 0, 0, 0, 0, 0, 0, 0, 0, 1, 0, 0.7751192507563033, 0.7082446869435304, 0.8328122994438939, 0.6198353026723129, 1, 1, 1], [0, 0, 0, 0, 0, 0, 0, 0, 0, 0, 0, 0, 1, 0, 0.688579787198104, 0.7082446869435304, 0.7751193237384277, 0.6198353026723129, 1, 1, 1], [0, 0, 0, 0, 0, 0, 0, 0, 0, 0, 0, 0, 1, 0, 0.5539626642370431, 0.8345439354931697, 0.7174263087348944, 0.7461345512219524, 1, 1, 1], [0, 0, 0, 0, 0, 0, 0, 0, 0, 0, 0, 0, 1, 0, 0.467423065942614, 0.8345439354931697, 0.5539626754650623, 0.7461345512219524, 1, 1, 1], [0, 0, 0, 0, 0, 0, 0, 0, 0, 0, 0, 0, 1, 0, 0.47703856189352506, 0.9608430857266118, 0.5924246592687064, 0.8724337014553943, 1, 1, 1], [0, 0, 0, 0, 0, 0, 0, 0, 0, 0, 0, 0, 1, 0, 0.26549733658894614, 0.9608430857266118, 0.47703853943748675, 0.8724337014553943, 1, 1, 1], [0, 0, 0, 0, 0, 0, 0, 0, 0, 0, 0, 0, 0, 1, 0, 0, 0, 0, 0, 0, 0], [0, 0, 0, 0, 0, 0, 0, 0, 0, 0, 0, 0, 0, 1, 0, 0, 0, 0, 0, 0, 0], [0, 0, 0, 0, 0, 0, 0, 0, 0, 0, 0, 0, 0, 1, 0, 0, 0, 0, 0, 0, 0], [0, 0, 0, 0, 0, 0, 0, 0, 0, 0, 0, 0, 0, 1, 0, 0, 0, 0, 0, 0, 0]], "edges": [[0, 14], [14, 15], [15, 16], [16, 17], [1, 14], [2, 14], [3, 14], [4, 14], [5, 14], [6, 14], [7, 14], [8, 14], [9, 14], [10, 14], [11, 14], [12, 14], [13, 14]], "splition": "test", "label": 3}