{"nodeNames": ["path4", "path5", "path7", "path8", "path9", "path10", "svg0"], "nodes": [[0, 0, 1, 0, 0, 0, 0, 0, 0, 0, 0, 0, 0, 0, 0.28089889391696415, 0.9792057862160095, 0.43411647241712636, 0.26705612351345714, 1, 1, 0], [0, 0, 1, 0, 0, 0, 0, 0, 0, 0, 0, 0, 0, 0, 0.28089889391696415, 0.7418231448640379, 0.43411647241712636, 0.26705612351345714, 1, 1, 0], [0, 0, 1, 0, 0, 0, 0, 0, 0, 0, 0, 0, 0, 0, 0.3345250463920209, 0.6231309548647332, 0.3804903199420696, 0.26705612351345714, 1, 1, 0], [0, 0, 1, 0, 0, 0, 0, 0, 0, 0, 0, 0, 0, 0, 0.3345250463920209, 0.3857483135127617, 0.3804903199420696, 0.26705612351345714, 1, 1, 0], [0, 0, 1, 0, 0, 0, 0, 0, 0, 0, 0, 0, 0, 0, 0.28089889391696415, 0.836775853675499, 0.43411647241712636, 0.836775853675499, 1, 1, 1], [0, 0, 1, 0, 0, 0, 0, 0, 0, 0, 0, 0, 0, 0, 0.28089889391696415, 0.6468686974059392, 0.43411647241712636, 0.6468686974059392, 1, 1, 1], [0, 0, 0, 0, 0, 0, 0, 0, 0, 0, 0, 0, 0, 1, 0, 0, 0, 0, 0, 0, 0]], "edges": [[0, 6], [1, 6], [2, 6], [3, 6], [4, 6], [5, 6]], "splition": "training", "label": 5}