{"nodeNames": ["path2", "path3", "path4", "path5", "path6", "g0", "svg0"], "nodes": [[0, 0, 0, 0, 0, 0, 0, 0, 0, 1, 0, 0, 0, 0, 0.10679611650485436, 0.8620689655172413, 0.6025800982725273, 0.13793103448275862, 1, 1, 1], [0, 0, 0, 0, 0, 0, 0, 0, 0, 1, 0, 0, 0, 0, 0.15964078440249546, 0.8620689655172413, 0.6810582725747117, 0.13793103448275862, 1, 1, 1], [0, 0, 0, 0, 0, 0, 0, 0, 0, 1, 0, 0, 0, 0, 0.49378396932361196, 0.8620689655172413, 0.8932038834951457, 0.13793103448275862, 1, 1, 1], [0, 0, 0, 0, 0, 0, 0, 0, 0, 1, 0, 0, 0, 0, 0.3531334886273134, 0.8620689655172413, 0.8403592155975046, 0.13793103448275862, 1, 1, 1], [0, 0, 0, 0, 0, 0, 0, 0, 0, 1, 0, 0, 0, 0, 0.35624272615006825, 0.8620689655172413, 0.7991820400201001, 0.13793103448275862, 1, 1, 1], [0, 0, 0, 0, 0, 0, 0, 0, 0, 0, 0, 0, 0, 1, 0, 0, 0, 0, 0, 0, 0], [0, 0, 0, 0, 0, 0, 0, 0, 0, 0, 0, 0, 0, 1, 0, 0, 0, 0, 0, 0, 0]], "edges": [[0, 5], [5, 6], [1, 5], [2, 5], [3, 5], [4, 5]], "splition": "training", "label": 6}