{"nodeNames": ["path0", "path1", "path2", "path3", "path4", "path5", "path6", "path7", "path8", "path9", "path10", "g10", "g9", "g4", "svg0"], "nodes": [[0, 0, 0, 0, 0, 0, 0, 0, 0, 0, 0, 0, 1, 0, 0.3799317066278366, 0.29180069149997717, 0.570999077154704, 0.249175915736676, 1, 1, 1], [0, 0, 0, 0, 0, 0, 0, 0, 0, 0, 0, 0, 1, 0, 0.4205522707182351, 0.3526933505796446, 0.6045987538330506, 0.3100685748163435, 1, 1, 1], [0, 0, 0, 0, 0, 0, 0, 0, 0, 0, 0, 0, 1, 0, 0.42506569643081943, 0.42001954791864643, 0.6682879308065784, 0.3773946748911793, 1, 1, 1], [0, 0, 0, 0, 0, 0, 0, 0, 0, 0, 0, 0, 1, 0, 0.2911681131517788, 0.4852615492560054, 0.4511431350383368, 0.44263667622853825, 1, 1, 1], [0, 0, 0, 0, 0, 0, 0, 0, 0, 0, 0, 0, 1, 0, 0.40049273751621123, 0.5526784084694087, 0.6236554520560894, 0.5100535354419417, 1, 1, 1], [0, 0, 0, 0, 0, 0, 0, 0, 0, 0, 0, 0, 1, 0, 0.35937062227488986, 0.6179204370407342, 0.5689930596770151, 0.575295661277433, 1, 1, 1], [0, 0, 0, 0, 0, 0, 0, 0, 0, 0, 0, 0, 1, 0, 0.5022950569790992, 0.6853372456767712, 0.8483225527258755, 0.6427122714945714, 1, 1, 1], [0, 0, 0, 0, 0, 0, 0, 0, 0, 0, 0, 0, 1, 0, 0.33479760989570956, 0.7527539064712759, 0.7480246995897536, 0.7101291307079748, 1, 1, 1], [0, 0, 0, 0, 0, 0, 0, 0, 0, 0, 0, 0, 1, 0, 0.25104899328315894, 0.8179961062275335, 0.5564558714749647, 0.7753711320453337, 1, 1, 1], [0, 0, 0, 0, 0, 0, 0, 0, 0, 0, 0, 0, 1, 0, 0.23449983695644583, 0.8854127670220383, 0.4200507730318844, 0.8427879912587372, 1, 1, 1], [0, 0, 0, 0, 0, 0, 0, 0, 0, 0, 0, 0, 1, 0, 0.19789112069542278, 0.9507453290790662, 0.34131698625526763, 0.9081207517346636, 1, 1, 1], [0, 0, 0, 0, 0, 0, 0, 0, 0, 0, 0, 0, 0, 1, 0, 0, 0, 0, 0, 0, 0], [0, 0, 0, 0, 0, 0, 0, 0, 0, 0, 0, 0, 0, 1, 0, 0, 0, 0, 0, 0, 0], [0, 0, 0, 0, 0, 0, 0, 0, 0, 0, 0, 0, 0, 1, 0, 0, 0, 0, 0, 0, 0], [0, 0, 0, 0, 0, 0, 0, 0, 0, 0, 0, 0, 0, 1, 0, 0, 0, 0, 0, 0, 0]], "edges": [[0, 11], [11, 12], [12, 13], [13, 14], [1, 11], [2, 11], [3, 11], [4, 11], [5, 11], [6, 11], [7, 11], [8, 11], [9, 11], [10, 11]], "splition": "training", "label": 8}