{"nodeNames": ["path4", "path8", "path10", "path12", "path14", "path18", "svg0"], "nodes": [[0, 0, 0, 0, 0, 0, 0, 0, 1, 0, 0, 0, 0, 0, 0.687642343018261, 0.4999999904632568, 0.867972888429241, 0.3733512496948242, 1, 1, 1], [0, 0, 0, 0, 0, 0, 0, 0, 1, 0, 0, 0, 0, 0, 0.43666932087763055, 0.39879249095916747, 0.7219325794294592, 0.34999866485595704, 1, 1, 1], [0, 0, 0, 0, 0, 0, 0, 0, 1, 0, 0, 0, 0, 0, 0.2861496176216972, 0.43552375316619873, 0.4598046972906936, 0.3604375076293945, 1, 1, 1], [0, 0, 0, 0, 0, 0, 0, 0, 1, 0, 0, 0, 0, 0, 0.2423827438832307, 0.47736875057220457, 0.33931951292452045, 0.4194699478149414, 1, 1, 1], [0, 0, 0, 0, 0, 0, 0, 0, 1, 0, 0, 0, 0, 0, 0.2367192766527377, 0.5954362392425537, 0.3575443758091419, 0.47166622161865235, 1, 1, 1], [0, 0, 0, 0, 0, 0, 0, 0, 1, 0, 0, 0, 0, 0, 0.3087984697954811, 0.6499979019165039, 0.867972888429241, 0.5002112197875976, 1, 1, 1], [0, 0, 0, 0, 0, 0, 0, 0, 0, 0, 0, 0, 0, 1, 0, 0, 0, 0, 0, 0, 0]], "edges": [[0, 6], [1, 6], [2, 6], [3, 6], [4, 6], [5, 6]], "splition": "test", "label": 14}