{"nodeNames": ["path57", "path58", "path59", "path60", "path61", "path62", "path63", "path64", "path65", "path66", "path67", "path68", "path69", "path70", "path71", "path72", "g4", "svg0"], "nodes": [[0, 1, 0, 0, 0, 0, 0, 0, 0, 0, 0, 0, 0, 0, 0.5434943557228741, 0.1976922842172476, 0.7535316438923095, 0.03826921903170072, 0, 1, 1], [0, 1, 0, 0, 0, 0, 0, 0, 0, 0, 0, 0, 0, 0, 0.6026022531729205, 0.25769230769230766, 0.6973977922063778, 0.19480769817645732, 0, 1, 1], [0, 1, 0, 0, 0, 0, 0, 0, 0, 0, 0, 0, 0, 0, 0.6382899514804542, 0.2764423076923077, 0.7007434944237918, 0.2548076923076923, 0, 1, 1], [0, 1, 0, 0, 0, 0, 0, 0, 0, 0, 0, 0, 0, 0, 0.37992563921279626, 0.33644233116736777, 0.6382899514804542, 0.27355769230769234, 0, 1, 1], [0, 1, 0, 0, 0, 0, 0, 0, 0, 0, 0, 0, 0, 0, 0.3799255824886733, 0.3551923311673678, 0.47620814440418796, 0.3335577157827524, 0, 1, 1], [0, 1, 0, 0, 0, 0, 0, 0, 0, 0, 0, 0, 0, 0, 0.335687743686832, 0.41519229595477763, 0.38513013421381276, 0.3523077157827524, 0, 1, 1], [0, 1, 0, 0, 0, 0, 0, 0, 0, 0, 0, 0, 0, 0, 0.335687743686832, 0.4339422959547776, 0.38698887027329226, 0.41230768057016226, 0, 1, 1], [0, 1, 0, 0, 0, 0, 0, 0, 0, 0, 0, 0, 0, 0, 0.19739776384431634, 0.4939422607421875, 0.335687743686832, 0.43105768057016225, 0, 1, 1], [0, 1, 0, 0, 0, 0, 0, 0, 0, 0, 0, 0, 0, 0, 0.24460967677233386, 0.5520192659818209, 0.3539033911042054, 0.49105770404522237, 0, 1, 1], [0, 1, 0, 0, 0, 0, 0, 0, 0, 0, 0, 0, 0, 0, 0.2895910553772653, 0.5726922842172476, 0.335687743686832, 0.5491345919095553, 0, 1, 1], [0, 1, 0, 0, 0, 0, 0, 0, 0, 0, 0, 0, 0, 0, 0.30817841597206086, 0.6307692307692307, 0.36022302563748837, 0.5698076688326322, 0, 1, 1], [0, 1, 0, 0, 0, 0, 0, 0, 0, 0, 0, 0, 0, 0, 0.12565056896564242, 0.7301923311673678, 0.30817841597206086, 0.6278846153846154, 0, 1, 1], [0, 1, 0, 0, 0, 0, 0, 0, 0, 0, 0, 0, 0, 0, 0.12565056896564242, 0.7489423311673677, 0.19107804422484898, 0.7273077157827524, 0, 1, 1], [0, 1, 0, 0, 0, 0, 0, 0, 0, 0, 0, 0, 0, 0, 0.10074348875137953, 0.8483654315655048, 0.18401486988847585, 0.7460577157827524, 0, 1, 1], [0, 1, 0, 0, 0, 0, 0, 0, 0, 0, 0, 0, 0, 0, 0.13605947388149106, 0.9064422607421875, 0.17657992565055763, 0.8454808161808894, 0, 1, 1], [0, 1, 0, 0, 0, 0, 0, 0, 0, 0, 0, 0, 0, 0, 0.06133828996282528, 0.9664424015925481, 0.14089219898096247, 0.9035576453575721, 0, 1, 1], [0, 0, 0, 0, 0, 0, 0, 0, 0, 0, 0, 0, 0, 1, 0, 0, 0, 0, 0, 0, 0], [0, 0, 0, 0, 0, 0, 0, 0, 0, 0, 0, 0, 0, 1, 0, 0, 0, 0, 0, 0, 0]], "edges": [[0, 16], [16, 17], [1, 16], [2, 16], [3, 16], [4, 16], [5, 16], [6, 16], [7, 16], [8, 16], [9, 16], [10, 16], [11, 16], [12, 16], [13, 16], [14, 16], [15, 16]], "splition": "training", "label": 20}