{"nodeNames": ["path13", "path14", "path15", "svg0"], "nodes": [[0, 0, 0, 0, 0, 0, 0, 1, 0, 0, 0, 0, 0, 0, 0.08073970829512946, 0.4887392526886667, 0.866915102592259, 0.26076897198886406, 1, 1, 1], [0, 0, 0, 0, 0, 0, 0, 1, 0, 0, 0, 0, 0, 0, 0.1277801046930148, 0.7167094783423307, 0.8676934338666812, 0.47430918265649197, 1, 1, 1], [0, 0, 0, 0, 0, 0, 0, 1, 0, 0, 0, 0, 0, 0, 0.08073970829512946, 0.5968445296399649, 0.4742226517939867, 0.488739197642528, 1, 1, 1], [0, 0, 0, 0, 0, 0, 0, 0, 0, 0, 0, 0, 0, 1, 0, 0, 0, 0, 0, 0, 0]], "edges": [[0, 3], [1, 3], [2, 3]], "splition": "test", "label": 25}