{"nodeNames": ["path1", "path2", "path3", "path4", "path5", "path6", "path7", "path8", "path9", "svg0"], "nodes": [[0, 0, 0, 0, 0, 0, 0, 1, 0, 0, 0, 0, 0, 0, 0.16, 0.6469465806749132, 0.5, 0.4999999660915799, 1, 0, 0], [0, 0, 0, 0, 0, 0, 0, 1, 0, 0, 0, 0, 0, 0, 0.2863700256347656, 0.688888431125217, 0.663572021484375, 0.4999999660915799, 1, 0, 0], [0, 0, 0, 0, 0, 0, 0, 1, 0, 0, 0, 0, 0, 0, 0.5000000305175781, 0.6655921936035156, 0.8399840087890625, 0.4999999660915799, 1, 0, 0], [0, 0, 0, 0, 0, 0, 0, 1, 0, 0, 0, 0, 0, 0, 0.5000000305175781, 0.5018622165256076, 0.8400004272460937, 0.4959022013346354, 1, 0, 0], [0, 0, 0, 0, 0, 0, 0, 1, 0, 0, 0, 0, 0, 0, 0.5000000305175781, 0.5000000074174669, 0.8399200439453125, 0.4877155558268229, 1, 0, 0], [0, 0, 0, 0, 0, 0, 0, 1, 0, 0, 0, 0, 0, 0, 0.5000000305175781, 0.50000001695421, 0.8392801208496093, 0.3511989000108507, 1, 0, 0], [0, 0, 0, 0, 0, 0, 0, 1, 0, 0, 0, 0, 0, 0, 0.3671820373535156, 0.5, 0.7094299926757812, 0.31111121283637155, 1, 0, 0], [0, 0, 0, 0, 0, 0, 0, 1, 0, 0, 0, 0, 0, 0, 0.29322003173828126, 0.50000001695421, 0.500000015258789, 0.32612002902560766, 1, 0, 0], [0, 0, 0, 0, 0, 0, 0, 1, 0, 0, 0, 0, 0, 0, 0.16, 0.4999999830457899, 0.5, 0.35005889892578124, 1, 0, 0], [0, 0, 0, 0, 0, 0, 0, 0, 0, 0, 0, 0, 0, 1, 0, 0, 0, 0, 0, 0, 0]], "edges": [[0, 9], [1, 9], [2, 9], [3, 9], [4, 9], [5, 9], [6, 9], [7, 9], [8, 9]], "splition": "training", "label": 25}