{"nodeNames": ["circle4", "circle5", "circle6", "circle7", "circle8", "circle9", "path0", "svg0"], "nodes": [[0, 0, 0, 0, 0, 1, 0, 0, 0, 0, 0, 0, 0, 0, 0.43158376248848024, 0.02152325221280354, 0.47447920484772954, -0.02152325221280354, 1, 0, 0], [0, 0, 0, 0, 0, 1, 0, 0, 0, 0, 0, 0, 0, 0, 0.18896693007236512, -0.3442090575925, 0.23186237243161445, -0.387255562018107, 1, 0, 0], [0, 0, 0, 0, 0, 1, 0, 0, 0, 0, 0, 0, 0, 0, -0.3508137966288958, -0.5509645166513241, -0.3079183542696464, -0.5940110210769312, 1, 0, 0], [0, 0, 0, 0, 0, 1, 0, 0, 0, 0, 0, 0, 0, 0, -0.41607396020965987, 0.02152325221280354, -0.3731785178504105, -0.02152325221280354, 1, 0, 0], [0, 0, 0, 0, 0, 1, 0, 0, 0, 0, 0, 0, 0, 0, -0.26982945091922544, 0.4532481108531564, -0.2269340085599761, 0.4102016064275493, 1, 0, 0], [0, 0, 0, 0, 0, 1, 0, 0, 0, 0, 0, 0, 0, 0, 0.22810093774872237, 0.4552764251486013, 0.27099638010797167, 0.4122299207229942, 1, 0, 0], [0, 0, 0, 1, 0, 0, 0, 0, 0, 0, 0, 0, 0, 0, -0.40871820117449315, 0.4895935587884369, 0.4537285198794613, -0.5860462091771369, 1, 1, 1], [0, 0, 0, 0, 0, 0, 0, 0, 0, 0, 0, 0, 0, 1, 0, 0, 0, 0, 0, 0, 0]], "edges": [[0, 7], [1, 7], [2, 7], [3, 7], [4, 7], [5, 7], [6, 7]], "splition": "test", "label": 27}