{"nodeNames": ["path30", "path31", "path32", "path33", "path34", "path35", "path36", "path37", "path38", "path39", "g3", "g1", "g0", "svg0"], "nodes": [[0, 0, 1, 0, 0, 0, 0, 0, 0, 0, 0, 0, 0, 0, 0.45755517826825126, 0.12416481069042316, 0.5424448217317487, 0.07293986636971046, 1, 1, 1], [0, 0, 1, 0, 0, 0, 0, 0, 0, 0, 0, 0, 0, 0, 0.43208828522920206, 0.21659242761692651, 0.530560271646859, 0.1653674832962138, 1, 1, 1], [0, 0, 1, 0, 0, 0, 0, 0, 0, 0, 0, 0, 0, 0, 0.3845500848896435, 0.30902004454342985, 0.4932088285229202, 0.2577951002227171, 1, 1, 1], [0, 0, 1, 0, 0, 0, 0, 0, 0, 0, 0, 0, 0, 0, 0.3166383701188455, 0.40144766146993316, 0.43208828522920206, 0.3502227171492205, 1, 1, 1], [0, 0, 1, 0, 0, 0, 0, 0, 0, 0, 0, 0, 0, 0, 0.25551782682512736, 0.49498886414253895, 0.37266553480475384, 0.44265033407572385, 1, 1, 1], [0, 0, 1, 0, 0, 0, 0, 0, 0, 0, 0, 0, 0, 0, 0.20118845500848898, 0.5874164810690423, 0.3166383701188455, 0.5350779510022272, 1, 1, 1], [0, 0, 1, 0, 0, 0, 0, 0, 0, 0, 0, 0, 0, 0, 0.1774193548387097, 0.6798440979955457, 0.28098471986417656, 0.628619153674833, 1, 1, 1], [0, 0, 1, 0, 0, 0, 0, 0, 0, 0, 0, 0, 0, 0, 0.18421052631578946, 0.772271714922049, 0.2860780984719864, 0.7210467706013363, 1, 1, 1], [0, 0, 1, 0, 0, 0, 0, 0, 0, 0, 0, 0, 0, 0, 0.23174872665534804, 0.8646993318485523, 0.33531409168081494, 0.8134743875278396, 1, 1, 1], [0, 0, 1, 0, 0, 0, 0, 0, 0, 0, 0, 0, 0, 0, 0.299660441426146, 0.9571269487750557, 0.40152801358234297, 0.905902004454343, 1, 1, 1], [0, 0, 0, 0, 0, 0, 0, 0, 0, 0, 0, 0, 0, 1, 0, 0, 0, 0, 0, 0, 0], [0, 0, 0, 0, 0, 0, 0, 0, 0, 0, 0, 0, 0, 1, 0, 0, 0, 0, 0, 0, 0], [0, 0, 0, 0, 0, 0, 0, 0, 0, 0, 0, 0, 0, 1, 0, 0, 0, 0, 0, 0, 0], [0, 0, 0, 0, 0, 0, 0, 0, 0, 0, 0, 0, 0, 1, 0, 0, 0, 0, 0, 0, 0]], "edges": [[0, 10], [10, 11], [11, 12], [12, 13], [1, 10], [2, 10], [3, 10], [4, 10], [5, 10], [6, 10], [7, 10], [8, 10], [9, 10]], "splition": "training", "label": 29}