{"nodeNames": ["path30", "path31", "path32", "path33", "path34", "path35", "svg0"], "nodes": [[0, 0, 0, 0, 0, 0, 0, 0, 0, 1, 0, 0, 0, 0, 0.5805555555555556, 0.9111111111111111, 0.8333333333333334, 0.08888888888888889, 1, 0, 0], [0, 0, 0, 0, 0, 0, 0, 0, 0, 1, 0, 0, 0, 0, 0.5388888888888889, 0.9111111111111111, 0.7527777777777778, 0.08888888888888889, 1, 0, 0], [0, 0, 0, 0, 0, 0, 0, 0, 0, 1, 0, 0, 0, 0, 0.4777777777777778, 0.9111111111111111, 0.675, 0.08888888888888889, 1, 0, 0], [0, 0, 0, 0, 0, 0, 0, 0, 0, 1, 0, 0, 0, 0, 0.37777777777777777, 0.9111111111111111, 0.55, 0.08888888888888889, 1, 0, 0], [0, 0, 0, 0, 0, 0, 0, 0, 0, 1, 0, 0, 0, 0, 0.26944444444444443, 0.9111111111111111, 0.48333333333333334, 0.08888888888888889, 1, 0, 0], [0, 0, 0, 0, 0, 0, 0, 0, 0, 1, 0, 0, 0, 0, 0.16666666666666666, 0.9111111111111111, 0.44166666666666665, 0.08888888888888889, 1, 0, 0], [0, 0, 0, 0, 0, 0, 0, 0, 0, 0, 0, 0, 0, 1, 0, 0, 0, 0, 0, 0, 0]], "edges": [[0, 6], [1, 6], [2, 6], [3, 6], [4, 6], [5, 6]], "splition": "training", "label": 34}