{"nodeNames": ["path71", "path72", "path73", "path74", "path75", "path76", "path77", "path78", "path79", "path80", "g1", "svg0"], "nodes": [[0, 0, 0, 0, 0, 0, 0, 0, 0, 1, 0, 0, 0, 0, 0.5492513020833333, 0.9489319816468254, 0.8124565972222222, 0.16506231398809523, 1, 1, 1], [0, 0, 0, 0, 0, 0, 0, 0, 0, 1, 0, 0, 0, 0, 0.12260199652777778, 0.9344230530753969, 0.4691080729166667, 0.14499627976190477, 1, 1, 1], [1, 0, 0, 0, 0, 0, 0, 0, 0, 0, 0, 0, 0, 0, 0.6808485243055555, 0.8162977430555556, 0.6808485243055555, 0.6664806547619048, 0, 1, 1], [1, 0, 0, 0, 0, 0, 0, 0, 0, 0, 0, 0, 0, 0, 0.6808485243055555, 0.4532722594246032, 0.6808485243055555, 0.2976888020833333, 0, 1, 1], [0, 0, 1, 0, 0, 0, 0, 0, 0, 0, 0, 0, 0, 0, 0.6615993923611111, 0.6664806547619048, 0.7001085069444445, 0.4532722594246032, 1, 1, 1], [1, 0, 0, 0, 0, 0, 0, 0, 0, 0, 0, 0, 0, 0, 0.6615993923611111, 0.5397057911706349, 0.7001085069444445, 0.5397057911706349, 0, 1, 1], [1, 0, 0, 0, 0, 0, 0, 0, 0, 0, 0, 0, 0, 0, 0.29585503472222224, 0.8162977430555556, 0.29585503472222224, 0.5973307291666666, 0, 1, 1], [1, 0, 0, 0, 0, 0, 0, 0, 0, 0, 0, 0, 0, 0, 0.29585503472222224, 0.44751364087301587, 0.29585503472222224, 0.26312158978174605, 0, 1, 1], [0, 0, 1, 0, 0, 0, 0, 0, 0, 0, 0, 0, 0, 0, 0.2766059027777778, 0.5973307291666666, 0.3151041666666667, 0.44751364087301587, 1, 1, 1], [1, 0, 0, 0, 0, 0, 0, 0, 0, 0, 0, 0, 0, 0, 0.2766059027777778, 0.5166558159722222, 0.3151041666666667, 0.5166558159722222, 0, 1, 1], [0, 0, 0, 0, 0, 0, 0, 0, 0, 0, 0, 0, 0, 1, 0, 0, 0, 0, 0, 0, 0], [0, 0, 0, 0, 0, 0, 0, 0, 0, 0, 0, 0, 0, 1, 0, 0, 0, 0, 0, 0, 0]], "edges": [[0, 10], [10, 11], [1, 10], [2, 10], [3, 10], [4, 10], [5, 10], [6, 10], [7, 10], [8, 10], [9, 10]], "splition": "test", "label": 36}