{"nodeNames": ["path13", "path14", "path15", "path16", "path17", "path18", "path19", "path20", "path21", "path22", "path23", "path24", "svg0"], "nodes": [[0, 0, 1, 0, 0, 0, 0, 0, 0, 0, 0, 0, 0, 0, 0.798213092596419, 0.31038503653048516, 0.9504311733431549, 0.16441494162312978, 1, 0, 0], [0, 0, 1, 0, 0, 0, 0, 0, 0, 0, 0, 0, 0, 0, 0.6887973076789461, 0.31038503653048516, 0.798213092596419, 0.16441494162312978, 1, 0, 0], [0, 0, 1, 0, 0, 0, 0, 0, 0, 0, 0, 0, 0, 0, 0.5881497280399706, 0.31059590648854796, 0.6887973182470724, 0.1646258115811926, 1, 0, 0], [0, 0, 1, 0, 0, 0, 0, 0, 0, 0, 0, 0, 0, 0, 0.46560241214100373, 0.5282225842025409, 0.5881497597443495, 0.3822524892951855, 1, 0, 0], [0, 0, 1, 0, 0, 0, 0, 0, 0, 0, 0, 0, 0, 0, 0.4131177152700175, 0.5282647903716648, 0.4656439765816346, 0.3822946203834495, 1, 0, 0], [0, 0, 1, 0, 0, 0, 0, 0, 0, 0, 0, 0, 0, 0, 0.3737230377805257, 0.5282647903716648, 0.41311769941782805, 0.3822946203834495, 1, 0, 0], [0, 0, 1, 0, 0, 0, 0, 0, 0, 0, 0, 0, 0, 0, 0.29493368280154203, 0.7462710340101708, 0.3737230377805257, 0.6003008640219555, 1, 0, 0], [0, 0, 1, 0, 0, 0, 0, 0, 0, 0, 0, 0, 0, 0, 0.24240745319430376, 0.7461444798578217, 0.29493367751747884, 0.6001743849504664, 1, 0, 0], [0, 0, 1, 0, 0, 0, 0, 0, 0, 0, 0, 0, 0, 0, 0.19864945000181547, 0.7461444798578217, 0.24240744526820904, 0.6001743849504664, 1, 0, 0], [0, 0, 1, 0, 0, 0, 0, 0, 0, 0, 0, 0, 0, 0, 0.596917933318468, 0.9638976795466523, 0.9504312050475336, 0.8179275846392969, 1, 0, 0], [0, 0, 1, 0, 0, 0, 0, 0, 0, 0, 0, 0, 0, 0, 0.38244968918651856, 0.964024115714793, 0.596876400582216, 0.8180541495174832, 1, 0, 0], [0, 0, 1, 0, 0, 0, 0, 0, 0, 0, 0, 0, 0, 0, 0.19864945000181547, 0.964024115714793, 0.38244968918651856, 0.8180541495174832, 1, 0, 0], [0, 0, 0, 0, 0, 0, 0, 0, 0, 0, 0, 0, 0, 1, 0, 0, 0, 0, 0, 0, 0]], "edges": [[0, 12], [1, 12], [2, 12], [3, 12], [4, 12], [5, 12], [6, 12], [7, 12], [8, 12], [9, 12], [10, 12], [11, 12]], "splition": "training", "label": 38}