{"nodeNames": ["path8", "path9", "path10", "path11", "path12", "path13", "path14", "path15", "path16", "path17", "path18", "path19", "path20", "path21", "g3", "g1", "g0", "svg0"], "nodes": [[0, 0, 1, 0, 0, 0, 0, 0, 0, 0, 0, 0, 0, 0, 0.5357142857142857, 0.1590909090909091, 0.601063829787234, 0.1266233766233766, 1, 1, 0], [0, 0, 1, 0, 0, 0, 0, 0, 0, 0, 0, 0, 0, 0, 0.4749240121580547, 0.2196969696969697, 0.5357142857142857, 0.18722943722943722, 1, 1, 0], [0, 0, 1, 0, 0, 0, 0, 0, 0, 0, 0, 0, 0, 0, 0.4749240121580547, 0.2803030303030303, 0.6025835866261399, 0.24567099567099568, 1, 1, 1], [0, 0, 1, 0, 0, 0, 0, 0, 0, 0, 0, 0, 0, 0, 0.6025835866261399, 0.3409090909090909, 0.8563829787234043, 0.30627705627705626, 1, 1, 1], [0, 0, 1, 0, 0, 0, 0, 0, 0, 0, 0, 0, 0, 0, 0.7530395136778115, 0.4015151515151515, 0.8563829787234043, 0.36688311688311687, 1, 1, 0], [0, 0, 1, 0, 0, 0, 0, 0, 0, 0, 0, 0, 0, 0, 0.7530395136778115, 0.45995670995670995, 0.8123100303951368, 0.4274891774891775, 1, 1, 1], [0, 0, 1, 0, 0, 0, 0, 0, 0, 0, 0, 0, 0, 0, 0.6648936170212766, 0.5205627705627706, 0.8123100303951368, 0.4880952380952381, 1, 1, 0], [0, 0, 1, 0, 0, 0, 0, 0, 0, 0, 0, 0, 0, 0, 0.5782674772036475, 0.5811688311688312, 0.6648936170212766, 0.5487012987012987, 1, 1, 0], [0, 0, 1, 0, 0, 0, 0, 0, 0, 0, 0, 0, 0, 0, 0.5782674772036475, 0.6417748917748918, 0.6193009118541033, 0.6093073593073594, 1, 1, 1], [0, 0, 1, 0, 0, 0, 0, 0, 0, 0, 0, 0, 0, 0, 0.5022796352583586, 0.7023809523809523, 0.6193009118541033, 0.6677489177489178, 1, 1, 0], [0, 0, 1, 0, 0, 0, 0, 0, 0, 0, 0, 0, 0, 0, 0.3548632218844985, 0.762987012987013, 0.5022796352583586, 0.7283549783549783, 1, 1, 0], [0, 0, 1, 0, 0, 0, 0, 0, 0, 0, 0, 0, 0, 0, 0.3548632218844985, 0.8235930735930735, 0.3974164133738602, 0.788961038961039, 1, 1, 1], [0, 0, 1, 0, 0, 0, 0, 0, 0, 0, 0, 0, 0, 0, 0.25455927051671734, 0.8820346320346321, 0.3974164133738602, 0.8495670995670995, 1, 1, 0], [0, 0, 1, 0, 0, 0, 0, 0, 0, 0, 0, 0, 0, 0, 0.25455927051671734, 0.9426406926406926, 0.601063829787234, 0.9101731601731602, 1, 1, 0], [0, 0, 0, 0, 0, 0, 0, 0, 0, 0, 0, 0, 0, 1, 0, 0, 0, 0, 0, 0, 0], [0, 0, 0, 0, 0, 0, 0, 0, 0, 0, 0, 0, 0, 1, 0, 0, 0, 0, 0, 0, 0], [0, 0, 0, 0, 0, 0, 0, 0, 0, 0, 0, 0, 0, 1, 0, 0, 0, 0, 0, 0, 0], [0, 0, 0, 0, 0, 0, 0, 0, 0, 0, 0, 0, 0, 1, 0, 0, 0, 0, 0, 0, 0]], "edges": [[0, 14], [14, 15], [15, 16], [16, 17], [1, 14], [2, 14], [3, 14], [4, 14], [5, 14], [6, 14], [7, 14], [8, 14], [9, 14], [10, 14], [11, 14], [12, 14], [13, 14]], "splition": "training", "label": 38}